info: Microsoft.EntityFrameworkCore.Database.Command[20101]
      Executed DbCommand (3,137ms) [Parameters=[], CommandType='Text', CommandTimeout='30']
      SELECT CASE WHEN COUNT(*) = 0 THEN FALSE ELSE TRUE END
FROM pg_class AS cls
JOIN pg_namespace AS ns ON ns.oid = cls.relnamespace
WHERE
        cls.relkind IN ('r', 'v', 'm', 'f', 'p') AND
        ns.nspname NOT IN ('pg_catalog', 'information_schema') AND
        -- Exclude tables which are members of PG extensions
        NOT EXISTS (
            SELECT 1 FROM pg_depend WHERE
                classid=(
                    SELECT cls.oid
                    FROM pg_class AS cls
                             JOIN pg_namespace AS ns ON ns.oid = cls.relnamespace
                    WHERE relname='pg_class' AND ns.nspname='pg_catalog'
                ) AND
                objid=cls.oid AND
                deptype IN ('e', 'x')
        )
info: Microsoft.EntityFrameworkCore.Database.Command[20101]
      Executed DbCommand (66ms) [Parameters=[], CommandType='Text', CommandTimeout='30']
      CREATE TABLE IF NOT EXISTS "Technicians" (
    "Id" integer GENERATED BY DEFAULT AS IDENTITY PRIMARY KEY,
    "Name" text NOT NULL,
    "Email" text NULL,
    "Phone" text NULL,
    "Trade" text NOT NULL,
    "Vehicle" text NULL,
    "MaxConcurrentJobs" integer NOT NULL,
    "Available" boolean NOT NULL,
    "Latitude" double precision NULL,
    "Longitude" double precision NULL,
    "Skills" text NULL,
    "Certifications" text NULL,
    "CertificationExpiry" timestamp with time zone NULL,
    "HourlyRate" numeric(18,2) NOT NULL,
    "CreatedAt" timestamp with time zone NOT NULL
)
info: Microsoft.EntityFrameworkCore.Database.Command[20101]
      Executed DbCommand (1ms) [Parameters=[], CommandType='Text', CommandTimeout='30']
      CREATE TABLE IF NOT EXISTS "JobCards" (
    "Id" integer GENERATED BY DEFAULT AS IDENTITY PRIMARY KEY,
    "JobNumber" text NOT NULL,
    "CustomerId" integer NULL,
    "SiteId" integer NULL,
    "EquipmentId" integer NULL,
    "JobType" text NOT NULL,
    "Title" text NOT NULL,
    "Description" text NULL,
    "Status" integer NOT NULL,
    "Priority" integer NOT NULL,
    "AssignedTechnicianId" integer NULL,
    "PlannedStart" timestamp with time zone NULL,
    "PlannedEnd" timestamp with time zone NULL,
    "CompletedAt" timestamp with time zone NULL,
    "EstimatedHours" double precision NULL,
    "RequiredSkills" text NULL,
    "RequiredCertifications" text NULL,
    "Latitude" double precision NULL,
    "Longitude" double precision NULL,
    "QuotedAmount" numeric(18,2) NULL,
    "Notes" text NULL,
    "CreatedAt" timestamp with time zone NOT NULL,
    CONSTRAINT "FK_JobCards_Customers" FOREIGN KEY ("CustomerId") REFERENCES "Customers" ("Id") ON DELETE SET NULL,
    CONSTRAINT "FK_JobCards_CustomerSites" FOREIGN KEY ("SiteId") REFERENCES "CustomerSites" ("Id") ON DELETE SET NULL,
    CONSTRAINT "FK_JobCards_Technicians" FOREIGN KEY ("AssignedTechnicianId") REFERENCES "Technicians" ("Id") ON DELETE SET NULL
)
info: Microsoft.EntityFrameworkCore.Database.Command[20101]
      Executed DbCommand (1ms) [Parameters=[], CommandType='Text', CommandTimeout='30']
      CREATE TABLE IF NOT EXISTS "OpsEquipment" (
    "Id" integer GENERATED BY DEFAULT AS IDENTITY PRIMARY KEY,
    "EquipmentNumber" text NOT NULL,
    "CustomerId" integer NULL,
    "SiteId" integer NULL,
    "Name" text NOT NULL,
    "Category" text NOT NULL,
    "Model" text NULL,
    "Make" text NULL,
    "SerialNumber" text NULL,
    "AgentType" text NULL,
    "ManufactureDate" timestamp with time zone NULL,
    "InstallationDate" timestamp with time zone NULL,
    "LastInspectionDate" timestamp with time zone NULL,
    "LastServiceDate" timestamp with time zone NULL,
    "NextServiceDue" timestamp with time zone NULL,
    "ConditionRating" integer NOT NULL,
    "LifeSpanMonths" integer NOT NULL,
    "ServiceIntervalMonths" integer NOT NULL,
    "Status" text NULL,
    "Latitude" double precision NULL,
    "Longitude" double precision NULL,
    "CreatedAt" timestamp with time zone NOT NULL,
    CONSTRAINT "FK_OpsEquipment_Customers" FOREIGN KEY ("CustomerId") REFERENCES "Customers" ("Id") ON DELETE SET NULL,
    CONSTRAINT "FK_OpsEquipment_CustomerSites" FOREIGN KEY ("SiteId") REFERENCES "CustomerSites" ("Id") ON DELETE SET NULL
)
info: Microsoft.EntityFrameworkCore.Database.Command[20101]
      Executed DbCommand (1ms) [Parameters=[], CommandType='Text', CommandTimeout='30']
      CREATE TABLE IF NOT EXISTS "InventoryItems" (
    "Id" integer GENERATED BY DEFAULT AS IDENTITY PRIMARY KEY,
    "Name" text NOT NULL,
    "Category" text NOT NULL,
    "CurrentStock" integer NOT NULL,
    "ReorderLevel" integer NOT NULL,
    "UnitCost" numeric(18,2) NOT NULL,
    "Unit" text NULL,
    "LeadTimeDays" integer NOT NULL,
    "MonthlyUsage" text NULL,
    "CreatedAt" timestamp with time zone NOT NULL
)
info: Microsoft.EntityFrameworkCore.Database.Command[20101]
      Executed DbCommand (1ms) [Parameters=[], CommandType='Text', CommandTimeout='30']
      CREATE TABLE IF NOT EXISTS "OpsInspections" (
    "Id" integer GENERATED BY DEFAULT AS IDENTITY PRIMARY KEY,
    "JobId" integer NULL,
    "EquipmentId" integer NULL,
    "TechnicianId" integer NULL,
    "CustomerId" integer NULL,
    "SiteId" integer NULL,
    "InspectionDate" timestamp with time zone NOT NULL,
    "Result" text NOT NULL,
    "Cost" numeric(18,2) NOT NULL,
    "Findings" text NULL,
    "NextInspectionDue" timestamp with time zone NULL,
    "CreatedAt" timestamp with time zone NOT NULL
)
info: Microsoft.EntityFrameworkCore.Database.Command[20101]
      Executed DbCommand (1ms) [Parameters=[], CommandType='Text', CommandTimeout='30']
      CREATE TABLE IF NOT EXISTS "OpsRefills" (
    "Id" integer GENERATED BY DEFAULT AS IDENTITY PRIMARY KEY,
    "JobId" integer NULL,
    "EquipmentId" integer NULL,
    "TechnicianId" integer NULL,
    "CustomerId" integer NULL,
    "SiteId" integer NULL,
    "RefillDate" timestamp with time zone NOT NULL,
    "AgentType" text NOT NULL,
    "AgentAmountKg" double precision NOT NULL,
    "Cost" numeric(18,2) NOT NULL,
    "Notes" text NULL,
    "CreatedAt" timestamp with time zone NOT NULL
)
info: Microsoft.EntityFrameworkCore.Database.Command[20101]
      Executed DbCommand (1ms) [Parameters=[], CommandType='Text', CommandTimeout='30']
      CREATE TABLE IF NOT EXISTS "OpsMaintenance" (
    "Id" integer GENERATED BY DEFAULT AS IDENTITY PRIMARY KEY,
    "JobId" integer NULL,
    "EquipmentId" integer NULL,
    "TechnicianId" integer NULL,
    "CustomerId" integer NULL,
    "SiteId" integer NULL,
    "WorkDate" timestamp with time zone NOT NULL,
    "WorkType" text NOT NULL,
    "Cost" numeric(18,2) NOT NULL,
    "Findings" text NULL,
    "CreatedAt" timestamp with time zone NOT NULL
)
info: Microsoft.EntityFrameworkCore.Database.Command[20101]
      Executed DbCommand (1ms) [Parameters=[], CommandType='Text', CommandTimeout='30']
      CREATE TABLE IF NOT EXISTS "OpsCertifications" (
    "Id" integer GENERATED BY DEFAULT AS IDENTITY PRIMARY KEY,
    "TechnicianId" integer NULL,
    "Name" text NOT NULL,
    "ExpiryDate" timestamp with time zone NOT NULL,
    "CreatedAt" timestamp with time zone NOT NULL
)
info: Microsoft.EntityFrameworkCore.Database.Command[20101]
      Executed DbCommand (1ms) [Parameters=[], CommandType='Text', CommandTimeout='30']
      CREATE TABLE IF NOT EXISTS "OpsInvoices" (
    "Id" integer GENERATED BY DEFAULT AS IDENTITY PRIMARY KEY,
    "InvoiceNumber" text NOT NULL,
    "CustomerId" integer NULL,
    "Amount" numeric(18,2) NOT NULL,
    "IssueDate" timestamp with time zone NOT NULL,
    "DueDate" timestamp with time zone NULL,
    "PaidDate" timestamp with time zone NULL,
    "Status" text NOT NULL,
    "CreatedAt" timestamp with time zone NOT NULL,
    CONSTRAINT "FK_OpsInvoices_Customers" FOREIGN KEY ("CustomerId") REFERENCES "Customers" ("Id") ON DELETE SET NULL
)
info: Microsoft.EntityFrameworkCore.Database.Command[20101]
      Executed DbCommand (15ms) [Parameters=[], CommandType='Text', CommandTimeout='30']
      ALTER TABLE "InventoryItems" ADD COLUMN IF NOT EXISTS "CustomerName" text NULL
info: Microsoft.EntityFrameworkCore.Database.Command[20101]
      Executed DbCommand (2ms) [Parameters=[], CommandType='Text', CommandTimeout='30']
      ALTER TABLE "InventoryItems" ADD COLUMN IF NOT EXISTS "LastReceivedQty" numeric(18,2) NULL
info: Microsoft.EntityFrameworkCore.Database.Command[20101]
      Executed DbCommand (1ms) [Parameters=[], CommandType='Text', CommandTimeout='30']
      ALTER TABLE "InventoryItems" ADD COLUMN IF NOT EXISTS "LastReceivedDate" timestamp with time zone NULL
info: Microsoft.EntityFrameworkCore.Database.Command[20101]
      Executed DbCommand (1ms) [Parameters=[], CommandType='Text', CommandTimeout='30']
      CREATE TABLE IF NOT EXISTS "StockMovements" (
    "Id" integer GENERATED BY DEFAULT AS IDENTITY PRIMARY KEY,
    "InventoryItemId" integer NOT NULL,
    "Type" text NOT NULL,
    "Source" text NOT NULL,
    "Qty" numeric(18,2) NOT NULL,
    "CustomerId" integer NULL,
    "CustomerName" text NULL,
    "JobId" integer NULL,
    "JobNumber" text NULL,
    "Reference" text NULL,
    "Notes" text NULL,
    "MovedBy" text NULL,
    "MovedAt" timestamp with time zone NOT NULL,
    "BalanceAfter" numeric(18,2) NOT NULL,
    CONSTRAINT "FK_StockMovements_InventoryItems" FOREIGN KEY ("InventoryItemId") REFERENCES "InventoryItems" ("Id") ON DELETE CASCADE
)
info: Microsoft.EntityFrameworkCore.Database.Command[20101]
      Executed DbCommand (8ms) [Parameters=[], CommandType='Text', CommandTimeout='30']
      CREATE INDEX IF NOT EXISTS "IX_StockMovements_InventoryItemId" ON "StockMovements" ("InventoryItemId")
info: Microsoft.EntityFrameworkCore.Database.Command[20101]
      Executed DbCommand (3ms) [Parameters=[], CommandType='Text', CommandTimeout='30']
      CREATE UNIQUE INDEX IF NOT EXISTS "IX_JobCards_JobNumber" ON "JobCards" ("JobNumber")
info: Microsoft.EntityFrameworkCore.Database.Command[20101]
      Executed DbCommand (2ms) [Parameters=[], CommandType='Text', CommandTimeout='30']
      CREATE INDEX IF NOT EXISTS "IX_OpsEquipment_EquipmentNumber" ON "OpsEquipment" ("EquipmentNumber")
info: Microsoft.EntityFrameworkCore.Database.Command[20101]
      Executed DbCommand (2ms) [Parameters=[], CommandType='Text', CommandTimeout='30']
      CREATE UNIQUE INDEX IF NOT EXISTS "IX_OpsInvoices_InvoiceNumber" ON "OpsInvoices" ("InvoiceNumber")
info: Microsoft.EntityFrameworkCore.Database.Command[20101]
      Executed DbCommand (1ms) [Parameters=[], CommandType='Text', CommandTimeout='30']
      CREATE SEQUENCE IF NOT EXISTS "CustomerNumberSequence" START WITH 1
info: Microsoft.EntityFrameworkCore.Database.Command[20101]
      Executed DbCommand (3ms) [Parameters=[], CommandType='Text', CommandTimeout='30']
      CREATE SEQUENCE IF NOT EXISTS "JobNumberSequence" START WITH 1
info: Microsoft.EntityFrameworkCore.Database.Command[20101]
      Executed DbCommand (1ms) [Parameters=[], CommandType='Text', CommandTimeout='30']
      CREATE SEQUENCE IF NOT EXISTS "EquipmentNumberSequence" START WITH 1
info: Microsoft.EntityFrameworkCore.Database.Command[20101]
      Executed DbCommand (3ms) [Parameters=[], CommandType='Text', CommandTimeout='30']
      CREATE SEQUENCE IF NOT EXISTS "InvoiceNumberSequence" START WITH 1
info: Microsoft.EntityFrameworkCore.Database.Command[20101]
      Executed DbCommand (61ms) [Parameters=[], CommandType='Text', CommandTimeout='30']
      SELECT setval('"CustomerNumberSequence"', GREATEST(COALESCE((SELECT MAX(CAST(SUBSTRING("CustomerId" FROM 5) AS integer)) FROM "Customers" WHERE "CustomerId" ~ '^CUS-[0-9]+$'), 1), 1), COALESCE((SELECT MAX(CAST(SUBSTRING("CustomerId" FROM 5) AS integer)) FROM "Customers" WHERE "CustomerId" ~ '^CUS-[0-9]+$'), 0) > 0)
info: Microsoft.EntityFrameworkCore.Database.Command[20101]
      Executed DbCommand (9ms) [Parameters=[], CommandType='Text', CommandTimeout='30']
      SELECT setval('"JobNumberSequence"', GREATEST(COALESCE((SELECT MAX(CAST(SUBSTRING("JobNumber" FROM 5) AS integer)) FROM "JobCards" WHERE "JobNumber" ~ '^JOB-[0-9]+$'), 1), 1), COALESCE((SELECT MAX(CAST(SUBSTRING("JobNumber" FROM 5) AS integer)) FROM "JobCards" WHERE "JobNumber" ~ '^JOB-[0-9]+$'), 0) > 0)
info: Microsoft.EntityFrameworkCore.Database.Command[20101]
      Executed DbCommand (17ms) [Parameters=[], CommandType='Text', CommandTimeout='30']
      SELECT setval('"EquipmentNumberSequence"', GREATEST(COALESCE((SELECT MAX(CAST(SUBSTRING("EquipmentNumber" FROM 4) AS integer)) FROM "OpsEquipment" WHERE "EquipmentNumber" ~ '^EQ-[0-9]+$'), 1), 1), COALESCE((SELECT MAX(CAST(SUBSTRING("EquipmentNumber" FROM 4) AS integer)) FROM "OpsEquipment" WHERE "EquipmentNumber" ~ '^EQ-[0-9]+$'), 0) > 0)
info: Microsoft.EntityFrameworkCore.Database.Command[20101]
      Executed DbCommand (14ms) [Parameters=[], CommandType='Text', CommandTimeout='30']
      SELECT setval('"InvoiceNumberSequence"', GREATEST(COALESCE((SELECT MAX(CAST(SUBSTRING("InvoiceNumber" FROM 5) AS integer)) FROM "OpsInvoices" WHERE "InvoiceNumber" ~ '^INV-[0-9]+$'), 1), 1), COALESCE((SELECT MAX(CAST(SUBSTRING("InvoiceNumber" FROM 5) AS integer)) FROM "OpsInvoices" WHERE "InvoiceNumber" ~ '^INV-[0-9]+$'), 0) > 0)
info: Microsoft.EntityFrameworkCore.Database.Command[20101]
      Executed DbCommand (7ms) [Parameters=[], CommandType='Text', CommandTimeout='30']
      SELECT EXISTS (
          SELECT 1
          FROM "Users" AS u)
info: Microsoft.EntityFrameworkCore.Database.Command[20101]
      Executed DbCommand (2ms) [Parameters=[], CommandType='Text', CommandTimeout='30']
      SELECT EXISTS (
          SELECT 1
          FROM "Technicians" AS t)
warn: Microsoft.AspNetCore.StaticFiles.StaticFileMiddleware[16]
      The WebRootPath was not found: C:\Users\hp\Documents\New folder\EXTREME FIRE SERVICES APPLICATION\backend\EFESMS.Api\wwwroot. Static files may be unavailable.
info: Microsoft.Hosting.Lifetime[14]
      Now listening on: http://0.0.0.0:3001
info: Microsoft.Hosting.Lifetime[0]
      Application started. Press Ctrl+C to shut down.
info: Microsoft.Hosting.Lifetime[0]
      Hosting environment: Development
info: Microsoft.Hosting.Lifetime[0]
      Content root path: C:\Users\hp\Documents\New folder\EXTREME FIRE SERVICES APPLICATION\backend\EFESMS.Api
fail: Microsoft.EntityFrameworkCore.Database.Command[20102]
      Failed executing DbCommand (33ms) [Parameters=[], CommandType='Text', CommandTimeout='30']
      SELECT t."Value"
      FROM (
          SELECT nextval('"JobNumberSequence"')
      ) AS t
      LIMIT 2
fail: Microsoft.EntityFrameworkCore.Query[10100]
      An exception occurred while iterating over the results of a query for context type 'EFESMS.Api.Data.AppDbContext'.
      Npgsql.PostgresException (0x80004005): 42703: column t.Value does not exist
      
      POSITION: 8
         at Npgsql.Internal.NpgsqlConnector.ReadMessageLong(Boolean async, DataRowLoadingMode dataRowLoadingMode, Boolean readingNotifications, Boolean isReadingPrependedMessage)
         at System.Runtime.CompilerServices.PoolingAsyncValueTaskMethodBuilder`1.StateMachineBox`1.System.Threading.Tasks.Sources.IValueTaskSource<TResult>.GetResult(Int16 token)
         at Npgsql.NpgsqlDataReader.NextResult(Boolean async, Boolean isConsuming, CancellationToken cancellationToken)
         at Npgsql.NpgsqlDataReader.NextResult(Boolean async, Boolean isConsuming, CancellationToken cancellationToken)
         at Npgsql.NpgsqlCommand.ExecuteReader(Boolean async, CommandBehavior behavior, CancellationToken cancellationToken)
         at Npgsql.NpgsqlCommand.ExecuteReader(Boolean async, CommandBehavior behavior, CancellationToken cancellationToken)
         at Npgsql.NpgsqlCommand.ExecuteDbDataReaderAsync(CommandBehavior behavior, CancellationToken cancellationToken)
         at Microsoft.EntityFrameworkCore.Storage.RelationalCommand.ExecuteReaderAsync(RelationalCommandParameterObject parameterObject, CancellationToken cancellationToken)
         at Microsoft.EntityFrameworkCore.Storage.RelationalCommand.ExecuteReaderAsync(RelationalCommandParameterObject parameterObject, CancellationToken cancellationToken)
         at Microsoft.EntityFrameworkCore.Query.Internal.SingleQueryingEnumerable`1.AsyncEnumerator.InitializeReaderAsync(AsyncEnumerator enumerator, CancellationToken cancellationToken)
         at Npgsql.EntityFrameworkCore.PostgreSQL.Storage.Internal.NpgsqlExecutionStrategy.ExecuteAsync[TState,TResult](TState state, Func`4 operation, Func`4 verifySucceeded, CancellationToken cancellationToken)
         at Microsoft.EntityFrameworkCore.Query.Internal.SingleQueryingEnumerable`1.AsyncEnumerator.MoveNextAsync()
        Exception data:
          Severity: ERROR
          SqlState: 42703
          MessageText: column t.Value does not exist
          Position: 8
          File: parse_relation.c
          Line: 3721
          Routine: errorMissingColumn
      Npgsql.PostgresException (0x80004005): 42703: column t.Value does not exist
      
      POSITION: 8
         at Npgsql.Internal.NpgsqlConnector.ReadMessageLong(Boolean async, DataRowLoadingMode dataRowLoadingMode, Boolean readingNotifications, Boolean isReadingPrependedMessage)
         at System.Runtime.CompilerServices.PoolingAsyncValueTaskMethodBuilder`1.StateMachineBox`1.System.Threading.Tasks.Sources.IValueTaskSource<TResult>.GetResult(Int16 token)
         at Npgsql.NpgsqlDataReader.NextResult(Boolean async, Boolean isConsuming, CancellationToken cancellationToken)
         at Npgsql.NpgsqlDataReader.NextResult(Boolean async, Boolean isConsuming, CancellationToken cancellationToken)
         at Npgsql.NpgsqlCommand.ExecuteReader(Boolean async, CommandBehavior behavior, CancellationToken cancellationToken)
         at Npgsql.NpgsqlCommand.ExecuteReader(Boolean async, CommandBehavior behavior, CancellationToken cancellationToken)
         at Npgsql.NpgsqlCommand.ExecuteDbDataReaderAsync(CommandBehavior behavior, CancellationToken cancellationToken)
         at Microsoft.EntityFrameworkCore.Storage.RelationalCommand.ExecuteReaderAsync(RelationalCommandParameterObject parameterObject, CancellationToken cancellationToken)
         at Microsoft.EntityFrameworkCore.Storage.RelationalCommand.ExecuteReaderAsync(RelationalCommandParameterObject parameterObject, CancellationToken cancellationToken)
         at Microsoft.EntityFrameworkCore.Query.Internal.SingleQueryingEnumerable`1.AsyncEnumerator.InitializeReaderAsync(AsyncEnumerator enumerator, CancellationToken cancellationToken)
         at Npgsql.EntityFrameworkCore.PostgreSQL.Storage.Internal.NpgsqlExecutionStrategy.ExecuteAsync[TState,TResult](TState state, Func`4 operation, Func`4 verifySucceeded, CancellationToken cancellationToken)
         at Microsoft.EntityFrameworkCore.Query.Internal.SingleQueryingEnumerable`1.AsyncEnumerator.MoveNextAsync()
        Exception data:
          Severity: ERROR
          SqlState: 42703
          MessageText: column t.Value does not exist
          Position: 8
          File: parse_relation.c
          Line: 3721
          Routine: errorMissingColumn
fail: Microsoft.AspNetCore.Diagnostics.DeveloperExceptionPageMiddleware[1]
      An unhandled exception has occurred while executing the request.
      Npgsql.PostgresException (0x80004005): 42703: column t.Value does not exist
      
      POSITION: 8
         at Npgsql.Internal.NpgsqlConnector.ReadMessageLong(Boolean async, DataRowLoadingMode dataRowLoadingMode, Boolean readingNotifications, Boolean isReadingPrependedMessage)
         at System.Runtime.CompilerServices.PoolingAsyncValueTaskMethodBuilder`1.StateMachineBox`1.System.Threading.Tasks.Sources.IValueTaskSource<TResult>.GetResult(Int16 token)
         at Npgsql.NpgsqlDataReader.NextResult(Boolean async, Boolean isConsuming, CancellationToken cancellationToken)
         at Npgsql.NpgsqlDataReader.NextResult(Boolean async, Boolean isConsuming, CancellationToken cancellationToken)
         at Npgsql.NpgsqlCommand.ExecuteReader(Boolean async, CommandBehavior behavior, CancellationToken cancellationToken)
         at Npgsql.NpgsqlCommand.ExecuteReader(Boolean async, CommandBehavior behavior, CancellationToken cancellationToken)
         at Npgsql.NpgsqlCommand.ExecuteDbDataReaderAsync(CommandBehavior behavior, CancellationToken cancellationToken)
         at Microsoft.EntityFrameworkCore.Storage.RelationalCommand.ExecuteReaderAsync(RelationalCommandParameterObject parameterObject, CancellationToken cancellationToken)
         at Microsoft.EntityFrameworkCore.Storage.RelationalCommand.ExecuteReaderAsync(RelationalCommandParameterObject parameterObject, CancellationToken cancellationToken)
         at Microsoft.EntityFrameworkCore.Query.Internal.SingleQueryingEnumerable`1.AsyncEnumerator.InitializeReaderAsync(AsyncEnumerator enumerator, CancellationToken cancellationToken)
         at Npgsql.EntityFrameworkCore.PostgreSQL.Storage.Internal.NpgsqlExecutionStrategy.ExecuteAsync[TState,TResult](TState state, Func`4 operation, Func`4 verifySucceeded, CancellationToken cancellationToken)
         at Microsoft.EntityFrameworkCore.Query.Internal.SingleQueryingEnumerable`1.AsyncEnumerator.MoveNextAsync()
         at Microsoft.EntityFrameworkCore.Query.ShapedQueryCompilingExpressionVisitor.SingleAsync[TSource](IAsyncEnumerable`1 asyncEnumerable, CancellationToken cancellationToken)
         at Microsoft.EntityFrameworkCore.Query.ShapedQueryCompilingExpressionVisitor.SingleAsync[TSource](IAsyncEnumerable`1 asyncEnumerable, CancellationToken cancellationToken)
         at EFESMS.Api.Controllers.OperationsController.CreateJob(JobIn dto) in C:\Users\hp\Documents\New folder\EXTREME FIRE SERVICES APPLICATION\backend\EFESMS.Api\Controllers\OperationsController.cs:line 163
         at Microsoft.AspNetCore.Mvc.Infrastructure.ActionMethodExecutor.TaskOfIActionResultExecutor.Execute(ActionContext actionContext, IActionResultTypeMapper mapper, ObjectMethodExecutor executor, Object controller, Object[] arguments)
         at Microsoft.AspNetCore.Mvc.Infrastructure.ControllerActionInvoker.<InvokeActionMethodAsync>g__Awaited|12_0(ControllerActionInvoker invoker, ValueTask`1 actionResultValueTask)
         at Microsoft.AspNetCore.Mvc.Infrastructure.ControllerActionInvoker.<InvokeNextActionFilterAsync>g__Awaited|10_0(ControllerActionInvoker invoker, Task lastTask, State next, Scope scope, Object state, Boolean isCompleted)
         at Microsoft.AspNetCore.Mvc.Infrastructure.ControllerActionInvoker.Rethrow(ActionExecutedContextSealed context)
         at Microsoft.AspNetCore.Mvc.Infrastructure.ControllerActionInvoker.Next(State& next, Scope& scope, Object& state, Boolean& isCompleted)
         at Microsoft.AspNetCore.Mvc.Infrastructure.ControllerActionInvoker.<InvokeInnerFilterAsync>g__Awaited|13_0(ControllerActionInvoker invoker, Task lastTask, State next, Scope scope, Object state, Boolean isCompleted)
         at Microsoft.AspNetCore.Mvc.Infrastructure.ResourceInvoker.<InvokeFilterPipelineAsync>g__Awaited|20_0(ResourceInvoker invoker, Task lastTask, State next, Scope scope, Object state, Boolean isCompleted)
         at Microsoft.AspNetCore.Mvc.Infrastructure.ResourceInvoker.<InvokeAsync>g__Awaited|17_0(ResourceInvoker invoker, Task task, IDisposable scope)
         at Microsoft.AspNetCore.Mvc.Infrastructure.ResourceInvoker.<InvokeAsync>g__Awaited|17_0(ResourceInvoker invoker, Task task, IDisposable scope)
         at Microsoft.AspNetCore.Authorization.AuthorizationMiddleware.Invoke(HttpContext context)
         at Microsoft.AspNetCore.Authentication.AuthenticationMiddleware.Invoke(HttpContext context)
         at Swashbuckle.AspNetCore.SwaggerUI.SwaggerUIMiddleware.Invoke(HttpContext httpContext)
         at Swashbuckle.AspNetCore.Swagger.SwaggerMiddleware.Invoke(HttpContext httpContext, ISwaggerProvider swaggerProvider)
         at Microsoft.AspNetCore.Diagnostics.DeveloperExceptionPageMiddlewareImpl.Invoke(HttpContext context)
        Exception data:
          Severity: ERROR
          SqlState: 42703
          MessageText: column t.Value does not exist
          Position: 8
          File: parse_relation.c
          Line: 3721
          Routine: errorMissingColumn
info: Microsoft.EntityFrameworkCore.Database.Command[20101]
      Executed DbCommand (39ms) [Parameters=[], CommandType='Text', CommandTimeout='30']
      SELECT t."Id", t."Name", t."Email", t."Phone", t."Trade", t."Vehicle", t."MaxConcurrentJobs", t."Available", t."Latitude", t."Longitude", t."Skills", t."Certifications", t."CertificationExpiry", t."HourlyRate"
      FROM "Technicians" AS t
      ORDER BY t."Name"
info: Microsoft.EntityFrameworkCore.Database.Command[20101]
      Executed DbCommand (3ms) [Parameters=[], CommandType='Text', CommandTimeout='30']
      SELECT t."Id", t."Available", t."CertificationExpiry", t."Certifications", t."CreatedAt", t."Email", t."HourlyRate", t."Latitude", t."Longitude", t."MaxConcurrentJobs", t."Name", t."Phone", t."Skills", t."Trade", t."Vehicle"
      FROM "Technicians" AS t
info: Microsoft.EntityFrameworkCore.Database.Command[20101]
      Executed DbCommand (9ms) [Parameters=[], CommandType='Text', CommandTimeout='30']
      SELECT t."Id", t."Available", t."CertificationExpiry", t."Certifications", t."CreatedAt", t."Email", t."HourlyRate", t."Latitude", t."Longitude", t."MaxConcurrentJobs", t."Name", t."Phone", t."Skills", t."Trade", t."Vehicle"
      FROM "Technicians" AS t
info: Microsoft.EntityFrameworkCore.Database.Command[20101]
      Executed DbCommand (8ms) [Parameters=[], CommandType='Text', CommandTimeout='30']
      SELECT j."Id", j."AssignedTechnicianId", j."CompletedAt", j."CreatedAt", j."CustomerId", j."Description", j."EquipmentId", j."EstimatedHours", j."JobNumber", j."JobType", j."Latitude", j."Longitude", j."Notes", j."PlannedEnd", j."PlannedStart", j."Priority", j."QuotedAmount", j."RequiredCertifications", j."RequiredSkills", j."SiteId", j."Status", j."Title"
      FROM "JobCards" AS j
      ORDER BY j."PlannedStart"
info: Microsoft.EntityFrameworkCore.Database.Command[20101]
      Executed DbCommand (14ms) [Parameters=[], CommandType='Text', CommandTimeout='30']
      SELECT j."Id", j."AssignedTechnicianId", j."CompletedAt", j."CreatedAt", j."CustomerId", j."Description", j."EquipmentId", j."EstimatedHours", j."JobNumber", j."JobType", j."Latitude", j."Longitude", j."Notes", j."PlannedEnd", j."PlannedStart", j."Priority", j."QuotedAmount", j."RequiredCertifications", j."RequiredSkills", j."SiteId", j."Status", j."Title"
      FROM "JobCards" AS j
      ORDER BY j."PlannedStart"
info: Microsoft.EntityFrameworkCore.Database.Command[20101]
      Executed DbCommand (4ms) [Parameters=[], CommandType='Text', CommandTimeout='30']
      SELECT t."Id", t."Name", t."Email", t."Phone", t."Trade", t."Vehicle", t."MaxConcurrentJobs", t."Available", t."Latitude", t."Longitude", t."Skills", t."Certifications", t."CertificationExpiry", t."HourlyRate"
      FROM "Technicians" AS t
      ORDER BY t."Name"
info: Microsoft.EntityFrameworkCore.Database.Command[20101]
      Executed DbCommand (3ms) [Parameters=[], CommandType='Text', CommandTimeout='30']
      SELECT t."Id", t."Available", t."CertificationExpiry", t."Certifications", t."CreatedAt", t."Email", t."HourlyRate", t."Latitude", t."Longitude", t."MaxConcurrentJobs", t."Name", t."Phone", t."Skills", t."Trade", t."Vehicle"
      FROM "Technicians" AS t
info: Microsoft.EntityFrameworkCore.Database.Command[20101]
      Executed DbCommand (1ms) [Parameters=[], CommandType='Text', CommandTimeout='30']
      SELECT j."Id", j."AssignedTechnicianId", j."CompletedAt", j."CreatedAt", j."CustomerId", j."Description", j."EquipmentId", j."EstimatedHours", j."JobNumber", j."JobType", j."Latitude", j."Longitude", j."Notes", j."PlannedEnd", j."PlannedStart", j."Priority", j."QuotedAmount", j."RequiredCertifications", j."RequiredSkills", j."SiteId", j."Status", j."Title"
      FROM "JobCards" AS j
info: Microsoft.EntityFrameworkCore.Database.Command[20101]
      Executed DbCommand (10ms) [Parameters=[], CommandType='Text', CommandTimeout='30']
      SELECT o."Id", o."AgentType", o."Category", o."ConditionRating", o."CreatedAt", o."CustomerId", o."EquipmentNumber", o."InstallationDate", o."LastInspectionDate", o."LastServiceDate", o."Latitude", o."LifeSpanMonths", o."Longitude", o."Make", o."ManufactureDate", o."Model", o."Name", o."NextServiceDue", o."SerialNumber", o."ServiceIntervalMonths", o."SiteId", o."Status"
      FROM "OpsEquipment" AS o
info: Microsoft.EntityFrameworkCore.Database.Command[20101]
      Executed DbCommand (11ms) [Parameters=[], CommandType='Text', CommandTimeout='30']
      SELECT c."Id", c."Address", c."City", c."ContactPerson", c."CreatedAt", c."CustomerId", c."Email", c."IsPrimary", c."Name", c."Notes", c."Phone", c."SiteType"
      FROM "CustomerSites" AS c
info: Microsoft.EntityFrameworkCore.Database.Command[20101]
      Executed DbCommand (4ms) [Parameters=[], CommandType='Text', CommandTimeout='30']
      SELECT i."Id", i."Category", i."CreatedAt", i."CurrentStock", i."CustomerName", i."LastReceivedDate", i."LastReceivedQty", i."LeadTimeDays", i."MonthlyUsage", i."Name", i."ReorderLevel", i."Unit", i."UnitCost"
      FROM "InventoryItems" AS i
info: Microsoft.EntityFrameworkCore.Database.Command[20101]
      Executed DbCommand (18ms) [Parameters=[], CommandType='Text', CommandTimeout='30']
      SELECT o."Id", o."Cost", o."CreatedAt", o."CustomerId", o."EquipmentId", o."Findings", o."InspectionDate", o."JobId", o."NextInspectionDue", o."Result", o."SiteId", o."TechnicianId"
      FROM "OpsInspections" AS o
info: Microsoft.EntityFrameworkCore.Database.Command[20101]
      Executed DbCommand (1ms) [Parameters=[], CommandType='Text', CommandTimeout='30']
      SELECT t."Id", t."Available", t."CertificationExpiry", t."Certifications", t."CreatedAt", t."Email", t."HourlyRate", t."Latitude", t."Longitude", t."MaxConcurrentJobs", t."Name", t."Phone", t."Skills", t."Trade", t."Vehicle"
      FROM "Technicians" AS t
info: Microsoft.EntityFrameworkCore.Database.Command[20101]
      Executed DbCommand (3ms) [Parameters=[], CommandType='Text', CommandTimeout='30']
      SELECT j."Id", j."AssignedTechnicianId", j."CompletedAt", j."CreatedAt", j."CustomerId", j."Description", j."EquipmentId", j."EstimatedHours", j."JobNumber", j."JobType", j."Latitude", j."Longitude", j."Notes", j."PlannedEnd", j."PlannedStart", j."Priority", j."QuotedAmount", j."RequiredCertifications", j."RequiredSkills", j."SiteId", j."Status", j."Title"
      FROM "JobCards" AS j
info: Microsoft.EntityFrameworkCore.Database.Command[20101]
      Executed DbCommand (2ms) [Parameters=[], CommandType='Text', CommandTimeout='30']
      SELECT o."Id", o."AgentType", o."Category", o."ConditionRating", o."CreatedAt", o."CustomerId", o."EquipmentNumber", o."InstallationDate", o."LastInspectionDate", o."LastServiceDate", o."Latitude", o."LifeSpanMonths", o."Longitude", o."Make", o."ManufactureDate", o."Model", o."Name", o."NextServiceDue", o."SerialNumber", o."ServiceIntervalMonths", o."SiteId", o."Status"
      FROM "OpsEquipment" AS o
info: Microsoft.EntityFrameworkCore.Database.Command[20101]
      Executed DbCommand (3ms) [Parameters=[], CommandType='Text', CommandTimeout='30']
      SELECT c."Id", c."Address", c."City", c."ContactPerson", c."CreatedAt", c."CustomerId", c."Email", c."IsPrimary", c."Name", c."Notes", c."Phone", c."SiteType"
      FROM "CustomerSites" AS c
info: Microsoft.EntityFrameworkCore.Database.Command[20101]
      Executed DbCommand (4ms) [Parameters=[], CommandType='Text', CommandTimeout='30']
      SELECT i."Id", i."Category", i."CreatedAt", i."CurrentStock", i."CustomerName", i."LastReceivedDate", i."LastReceivedQty", i."LeadTimeDays", i."MonthlyUsage", i."Name", i."ReorderLevel", i."Unit", i."UnitCost"
      FROM "InventoryItems" AS i
info: Microsoft.EntityFrameworkCore.Database.Command[20101]
      Executed DbCommand (2ms) [Parameters=[], CommandType='Text', CommandTimeout='30']
      SELECT o."Id", o."Cost", o."CreatedAt", o."CustomerId", o."EquipmentId", o."Findings", o."InspectionDate", o."JobId", o."NextInspectionDue", o."Result", o."SiteId", o."TechnicianId"
      FROM "OpsInspections" AS o
info: Microsoft.EntityFrameworkCore.Database.Command[20101]
      Executed DbCommand (4ms) [Parameters=[], CommandType='Text', CommandTimeout='30']
      SELECT s."Id", s."CertificateNo", s."CreatedAt", s."CustomerId", s."DefectsFound", s."EquipmentAdded", s."EquipmentRemoved", s."EquipmentReplaced", s."EquipmentServiced", s."MaterialsUsed", s."Notes", s."Recommendations", s."ReportSentDate", s."ServiceDate", s."SiteId", s."Status", s."StickersUsed", s."Technician", s."UnitsServiced"
      FROM "ServiceRecords" AS s
info: Microsoft.EntityFrameworkCore.Database.Command[20101]
      Executed DbCommand (46ms) [Parameters=[], CommandType='Text', CommandTimeout='30']
      SELECT s."Id", s."CertificateNo", s."CreatedAt", s."CustomerId", s."DefectsFound", s."EquipmentAdded", s."EquipmentRemoved", s."EquipmentReplaced", s."EquipmentServiced", s."MaterialsUsed", s."Notes", s."Recommendations", s."ReportSentDate", s."ServiceDate", s."SiteId", s."Status", s."StickersUsed", s."Technician", s."UnitsServiced"
      FROM "ServiceRecords" AS s
info: Microsoft.EntityFrameworkCore.Database.Command[20101]
      Executed DbCommand (7ms) [Parameters=[], CommandType='Text', CommandTimeout='30']
      SELECT o."Id", o."AgentAmountKg", o."AgentType", o."Cost", o."CreatedAt", o."CustomerId", o."EquipmentId", o."JobId", o."Notes", o."RefillDate", o."SiteId", o."TechnicianId"
      FROM "OpsRefills" AS o
info: Microsoft.EntityFrameworkCore.Database.Command[20101]
      Executed DbCommand (8ms) [Parameters=[], CommandType='Text', CommandTimeout='30']
      SELECT o."Id", o."AgentAmountKg", o."AgentType", o."Cost", o."CreatedAt", o."CustomerId", o."EquipmentId", o."JobId", o."Notes", o."RefillDate", o."SiteId", o."TechnicianId"
      FROM "OpsRefills" AS o
info: Microsoft.EntityFrameworkCore.Database.Command[20101]
      Executed DbCommand (4ms) [Parameters=[], CommandType='Text', CommandTimeout='30']
      SELECT o."Id", o."Cost", o."CreatedAt", o."CustomerId", o."EquipmentId", o."Findings", o."JobId", o."SiteId", o."TechnicianId", o."WorkDate", o."WorkType"
      FROM "OpsMaintenance" AS o
info: Microsoft.EntityFrameworkCore.Database.Command[20101]
      Executed DbCommand (31ms) [Parameters=[], CommandType='Text', CommandTimeout='30']
      SELECT o."Id", o."Cost", o."CreatedAt", o."CustomerId", o."EquipmentId", o."Findings", o."JobId", o."SiteId", o."TechnicianId", o."WorkDate", o."WorkType"
      FROM "OpsMaintenance" AS o
info: Microsoft.EntityFrameworkCore.Database.Command[20101]
      Executed DbCommand (5ms) [Parameters=[], CommandType='Text', CommandTimeout='30']
      SELECT o."Id", o."CreatedAt", o."ExpiryDate", o."Name", o."TechnicianId"
      FROM "OpsCertifications" AS o
info: Microsoft.EntityFrameworkCore.Database.Command[20101]
      Executed DbCommand (9ms) [Parameters=[], CommandType='Text', CommandTimeout='30']
      SELECT o."Id", o."CreatedAt", o."ExpiryDate", o."Name", o."TechnicianId"
      FROM "OpsCertifications" AS o
info: Microsoft.EntityFrameworkCore.Database.Command[20101]
      Executed DbCommand (6ms) [Parameters=[], CommandType='Text', CommandTimeout='30']
      SELECT o."Id", o."Amount", o."CreatedAt", o."CustomerId", o."DueDate", o."InvoiceNumber", o."IssueDate", o."PaidDate", o."Status"
      FROM "OpsInvoices" AS o
info: Microsoft.EntityFrameworkCore.Database.Command[20101]
      Executed DbCommand (9ms) [Parameters=[], CommandType='Text', CommandTimeout='30']
      SELECT o."Id", o."Amount", o."CreatedAt", o."CustomerId", o."DueDate", o."InvoiceNumber", o."IssueDate", o."PaidDate", o."Status"
      FROM "OpsInvoices" AS o
fail: Microsoft.EntityFrameworkCore.Database.Command[20102]
      Failed executing DbCommand (5ms) [Parameters=[], CommandType='Text', CommandTimeout='30']
      SELECT t."Value"
      FROM (
          SELECT nextval('"JobNumberSequence"')
      ) AS t
      LIMIT 2
fail: Microsoft.EntityFrameworkCore.Query[10100]
      An exception occurred while iterating over the results of a query for context type 'EFESMS.Api.Data.AppDbContext'.
      Npgsql.PostgresException (0x80004005): 42703: column t.Value does not exist
      
      POSITION: 8
         at Npgsql.Internal.NpgsqlConnector.ReadMessageLong(Boolean async, DataRowLoadingMode dataRowLoadingMode, Boolean readingNotifications, Boolean isReadingPrependedMessage)
         at System.Runtime.CompilerServices.PoolingAsyncValueTaskMethodBuilder`1.StateMachineBox`1.System.Threading.Tasks.Sources.IValueTaskSource<TResult>.GetResult(Int16 token)
         at Npgsql.NpgsqlDataReader.NextResult(Boolean async, Boolean isConsuming, CancellationToken cancellationToken)
         at Npgsql.NpgsqlDataReader.NextResult(Boolean async, Boolean isConsuming, CancellationToken cancellationToken)
         at Npgsql.NpgsqlCommand.ExecuteReader(Boolean async, CommandBehavior behavior, CancellationToken cancellationToken)
         at Npgsql.NpgsqlCommand.ExecuteReader(Boolean async, CommandBehavior behavior, CancellationToken cancellationToken)
         at Npgsql.NpgsqlCommand.ExecuteDbDataReaderAsync(CommandBehavior behavior, CancellationToken cancellationToken)
         at Microsoft.EntityFrameworkCore.Storage.RelationalCommand.ExecuteReaderAsync(RelationalCommandParameterObject parameterObject, CancellationToken cancellationToken)
         at Microsoft.EntityFrameworkCore.Storage.RelationalCommand.ExecuteReaderAsync(RelationalCommandParameterObject parameterObject, CancellationToken cancellationToken)
         at Microsoft.EntityFrameworkCore.Query.Internal.SingleQueryingEnumerable`1.AsyncEnumerator.InitializeReaderAsync(AsyncEnumerator enumerator, CancellationToken cancellationToken)
         at Npgsql.EntityFrameworkCore.PostgreSQL.Storage.Internal.NpgsqlExecutionStrategy.ExecuteAsync[TState,TResult](TState state, Func`4 operation, Func`4 verifySucceeded, CancellationToken cancellationToken)
         at Microsoft.EntityFrameworkCore.Query.Internal.SingleQueryingEnumerable`1.AsyncEnumerator.MoveNextAsync()
        Exception data:
          Severity: ERROR
          SqlState: 42703
          MessageText: column t.Value does not exist
          Position: 8
          File: parse_relation.c
          Line: 3721
          Routine: errorMissingColumn
      Npgsql.PostgresException (0x80004005): 42703: column t.Value does not exist
      
      POSITION: 8
         at Npgsql.Internal.NpgsqlConnector.ReadMessageLong(Boolean async, DataRowLoadingMode dataRowLoadingMode, Boolean readingNotifications, Boolean isReadingPrependedMessage)
         at System.Runtime.CompilerServices.PoolingAsyncValueTaskMethodBuilder`1.StateMachineBox`1.System.Threading.Tasks.Sources.IValueTaskSource<TResult>.GetResult(Int16 token)
         at Npgsql.NpgsqlDataReader.NextResult(Boolean async, Boolean isConsuming, CancellationToken cancellationToken)
         at Npgsql.NpgsqlDataReader.NextResult(Boolean async, Boolean isConsuming, CancellationToken cancellationToken)
         at Npgsql.NpgsqlCommand.ExecuteReader(Boolean async, CommandBehavior behavior, CancellationToken cancellationToken)
         at Npgsql.NpgsqlCommand.ExecuteReader(Boolean async, CommandBehavior behavior, CancellationToken cancellationToken)
         at Npgsql.NpgsqlCommand.ExecuteDbDataReaderAsync(CommandBehavior behavior, CancellationToken cancellationToken)
         at Microsoft.EntityFrameworkCore.Storage.RelationalCommand.ExecuteReaderAsync(RelationalCommandParameterObject parameterObject, CancellationToken cancellationToken)
         at Microsoft.EntityFrameworkCore.Storage.RelationalCommand.ExecuteReaderAsync(RelationalCommandParameterObject parameterObject, CancellationToken cancellationToken)
         at Microsoft.EntityFrameworkCore.Query.Internal.SingleQueryingEnumerable`1.AsyncEnumerator.InitializeReaderAsync(AsyncEnumerator enumerator, CancellationToken cancellationToken)
         at Npgsql.EntityFrameworkCore.PostgreSQL.Storage.Internal.NpgsqlExecutionStrategy.ExecuteAsync[TState,TResult](TState state, Func`4 operation, Func`4 verifySucceeded, CancellationToken cancellationToken)
         at Microsoft.EntityFrameworkCore.Query.Internal.SingleQueryingEnumerable`1.AsyncEnumerator.MoveNextAsync()
        Exception data:
          Severity: ERROR
          SqlState: 42703
          MessageText: column t.Value does not exist
          Position: 8
          File: parse_relation.c
          Line: 3721
          Routine: errorMissingColumn
fail: Microsoft.AspNetCore.Diagnostics.DeveloperExceptionPageMiddleware[1]
      An unhandled exception has occurred while executing the request.
      Npgsql.PostgresException (0x80004005): 42703: column t.Value does not exist
      
      POSITION: 8
         at Npgsql.Internal.NpgsqlConnector.ReadMessageLong(Boolean async, DataRowLoadingMode dataRowLoadingMode, Boolean readingNotifications, Boolean isReadingPrependedMessage)
         at System.Runtime.CompilerServices.PoolingAsyncValueTaskMethodBuilder`1.StateMachineBox`1.System.Threading.Tasks.Sources.IValueTaskSource<TResult>.GetResult(Int16 token)
         at Npgsql.NpgsqlDataReader.NextResult(Boolean async, Boolean isConsuming, CancellationToken cancellationToken)
         at Npgsql.NpgsqlDataReader.NextResult(Boolean async, Boolean isConsuming, CancellationToken cancellationToken)
         at Npgsql.NpgsqlCommand.ExecuteReader(Boolean async, CommandBehavior behavior, CancellationToken cancellationToken)
         at Npgsql.NpgsqlCommand.ExecuteReader(Boolean async, CommandBehavior behavior, CancellationToken cancellationToken)
         at Npgsql.NpgsqlCommand.ExecuteDbDataReaderAsync(CommandBehavior behavior, CancellationToken cancellationToken)
         at Microsoft.EntityFrameworkCore.Storage.RelationalCommand.ExecuteReaderAsync(RelationalCommandParameterObject parameterObject, CancellationToken cancellationToken)
         at Microsoft.EntityFrameworkCore.Storage.RelationalCommand.ExecuteReaderAsync(RelationalCommandParameterObject parameterObject, CancellationToken cancellationToken)
         at Microsoft.EntityFrameworkCore.Query.Internal.SingleQueryingEnumerable`1.AsyncEnumerator.InitializeReaderAsync(AsyncEnumerator enumerator, CancellationToken cancellationToken)
         at Npgsql.EntityFrameworkCore.PostgreSQL.Storage.Internal.NpgsqlExecutionStrategy.ExecuteAsync[TState,TResult](TState state, Func`4 operation, Func`4 verifySucceeded, CancellationToken cancellationToken)
         at Microsoft.EntityFrameworkCore.Query.Internal.SingleQueryingEnumerable`1.AsyncEnumerator.MoveNextAsync()
         at Microsoft.EntityFrameworkCore.Query.ShapedQueryCompilingExpressionVisitor.SingleAsync[TSource](IAsyncEnumerable`1 asyncEnumerable, CancellationToken cancellationToken)
         at Microsoft.EntityFrameworkCore.Query.ShapedQueryCompilingExpressionVisitor.SingleAsync[TSource](IAsyncEnumerable`1 asyncEnumerable, CancellationToken cancellationToken)
         at EFESMS.Api.Controllers.OperationsController.CreateJob(JobIn dto) in C:\Users\hp\Documents\New folder\EXTREME FIRE SERVICES APPLICATION\backend\EFESMS.Api\Controllers\OperationsController.cs:line 163
         at Microsoft.AspNetCore.Mvc.Infrastructure.ActionMethodExecutor.TaskOfIActionResultExecutor.Execute(ActionContext actionContext, IActionResultTypeMapper mapper, ObjectMethodExecutor executor, Object controller, Object[] arguments)
         at Microsoft.AspNetCore.Mvc.Infrastructure.ControllerActionInvoker.<InvokeActionMethodAsync>g__Awaited|12_0(ControllerActionInvoker invoker, ValueTask`1 actionResultValueTask)
         at Microsoft.AspNetCore.Mvc.Infrastructure.ControllerActionInvoker.<InvokeNextActionFilterAsync>g__Awaited|10_0(ControllerActionInvoker invoker, Task lastTask, State next, Scope scope, Object state, Boolean isCompleted)
         at Microsoft.AspNetCore.Mvc.Infrastructure.ControllerActionInvoker.Rethrow(ActionExecutedContextSealed context)
         at Microsoft.AspNetCore.Mvc.Infrastructure.ControllerActionInvoker.Next(State& next, Scope& scope, Object& state, Boolean& isCompleted)
         at Microsoft.AspNetCore.Mvc.Infrastructure.ControllerActionInvoker.<InvokeInnerFilterAsync>g__Awaited|13_0(ControllerActionInvoker invoker, Task lastTask, State next, Scope scope, Object state, Boolean isCompleted)
         at Microsoft.AspNetCore.Mvc.Infrastructure.ResourceInvoker.<InvokeFilterPipelineAsync>g__Awaited|20_0(ResourceInvoker invoker, Task lastTask, State next, Scope scope, Object state, Boolean isCompleted)
         at Microsoft.AspNetCore.Mvc.Infrastructure.ResourceInvoker.<InvokeAsync>g__Awaited|17_0(ResourceInvoker invoker, Task task, IDisposable scope)
         at Microsoft.AspNetCore.Mvc.Infrastructure.ResourceInvoker.<InvokeAsync>g__Awaited|17_0(ResourceInvoker invoker, Task task, IDisposable scope)
         at Microsoft.AspNetCore.Authorization.AuthorizationMiddleware.Invoke(HttpContext context)
         at Microsoft.AspNetCore.Authentication.AuthenticationMiddleware.Invoke(HttpContext context)
         at Swashbuckle.AspNetCore.SwaggerUI.SwaggerUIMiddleware.Invoke(HttpContext httpContext)
         at Swashbuckle.AspNetCore.Swagger.SwaggerMiddleware.Invoke(HttpContext httpContext, ISwaggerProvider swaggerProvider)
         at Microsoft.AspNetCore.Diagnostics.DeveloperExceptionPageMiddlewareImpl.Invoke(HttpContext context)
        Exception data:
          Severity: ERROR
          SqlState: 42703
          MessageText: column t.Value does not exist
          Position: 8
          File: parse_relation.c
          Line: 3721
          Routine: errorMissingColumn
fail: Microsoft.EntityFrameworkCore.Database.Command[20102]
      Failed executing DbCommand (7ms) [Parameters=[], CommandType='Text', CommandTimeout='30']
      SELECT t."Value"
      FROM (
          SELECT nextval('"JobNumberSequence"')
      ) AS t
      LIMIT 2
fail: Microsoft.EntityFrameworkCore.Query[10100]
      An exception occurred while iterating over the results of a query for context type 'EFESMS.Api.Data.AppDbContext'.
      Npgsql.PostgresException (0x80004005): 42703: column t.Value does not exist
      
      POSITION: 8
         at Npgsql.Internal.NpgsqlConnector.ReadMessageLong(Boolean async, DataRowLoadingMode dataRowLoadingMode, Boolean readingNotifications, Boolean isReadingPrependedMessage)
         at System.Runtime.CompilerServices.PoolingAsyncValueTaskMethodBuilder`1.StateMachineBox`1.System.Threading.Tasks.Sources.IValueTaskSource<TResult>.GetResult(Int16 token)
         at Npgsql.NpgsqlDataReader.NextResult(Boolean async, Boolean isConsuming, CancellationToken cancellationToken)
         at Npgsql.NpgsqlDataReader.NextResult(Boolean async, Boolean isConsuming, CancellationToken cancellationToken)
         at Npgsql.NpgsqlCommand.ExecuteReader(Boolean async, CommandBehavior behavior, CancellationToken cancellationToken)
         at Npgsql.NpgsqlCommand.ExecuteReader(Boolean async, CommandBehavior behavior, CancellationToken cancellationToken)
         at Npgsql.NpgsqlCommand.ExecuteDbDataReaderAsync(CommandBehavior behavior, CancellationToken cancellationToken)
         at Microsoft.EntityFrameworkCore.Storage.RelationalCommand.ExecuteReaderAsync(RelationalCommandParameterObject parameterObject, CancellationToken cancellationToken)
         at Microsoft.EntityFrameworkCore.Storage.RelationalCommand.ExecuteReaderAsync(RelationalCommandParameterObject parameterObject, CancellationToken cancellationToken)
         at Microsoft.EntityFrameworkCore.Query.Internal.SingleQueryingEnumerable`1.AsyncEnumerator.InitializeReaderAsync(AsyncEnumerator enumerator, CancellationToken cancellationToken)
         at Npgsql.EntityFrameworkCore.PostgreSQL.Storage.Internal.NpgsqlExecutionStrategy.ExecuteAsync[TState,TResult](TState state, Func`4 operation, Func`4 verifySucceeded, CancellationToken cancellationToken)
         at Microsoft.EntityFrameworkCore.Query.Internal.SingleQueryingEnumerable`1.AsyncEnumerator.MoveNextAsync()
        Exception data:
          Severity: ERROR
          SqlState: 42703
          MessageText: column t.Value does not exist
          Position: 8
          File: parse_relation.c
          Line: 3721
          Routine: errorMissingColumn
      Npgsql.PostgresException (0x80004005): 42703: column t.Value does not exist
      
      POSITION: 8
         at Npgsql.Internal.NpgsqlConnector.ReadMessageLong(Boolean async, DataRowLoadingMode dataRowLoadingMode, Boolean readingNotifications, Boolean isReadingPrependedMessage)
         at System.Runtime.CompilerServices.PoolingAsyncValueTaskMethodBuilder`1.StateMachineBox`1.System.Threading.Tasks.Sources.IValueTaskSource<TResult>.GetResult(Int16 token)
         at Npgsql.NpgsqlDataReader.NextResult(Boolean async, Boolean isConsuming, CancellationToken cancellationToken)
         at Npgsql.NpgsqlDataReader.NextResult(Boolean async, Boolean isConsuming, CancellationToken cancellationToken)
         at Npgsql.NpgsqlCommand.ExecuteReader(Boolean async, CommandBehavior behavior, CancellationToken cancellationToken)
         at Npgsql.NpgsqlCommand.ExecuteReader(Boolean async, CommandBehavior behavior, CancellationToken cancellationToken)
         at Npgsql.NpgsqlCommand.ExecuteDbDataReaderAsync(CommandBehavior behavior, CancellationToken cancellationToken)
         at Microsoft.EntityFrameworkCore.Storage.RelationalCommand.ExecuteReaderAsync(RelationalCommandParameterObject parameterObject, CancellationToken cancellationToken)
         at Microsoft.EntityFrameworkCore.Storage.RelationalCommand.ExecuteReaderAsync(RelationalCommandParameterObject parameterObject, CancellationToken cancellationToken)
         at Microsoft.EntityFrameworkCore.Query.Internal.SingleQueryingEnumerable`1.AsyncEnumerator.InitializeReaderAsync(AsyncEnumerator enumerator, CancellationToken cancellationToken)
         at Npgsql.EntityFrameworkCore.PostgreSQL.Storage.Internal.NpgsqlExecutionStrategy.ExecuteAsync[TState,TResult](TState state, Func`4 operation, Func`4 verifySucceeded, CancellationToken cancellationToken)
         at Microsoft.EntityFrameworkCore.Query.Internal.SingleQueryingEnumerable`1.AsyncEnumerator.MoveNextAsync()
        Exception data:
          Severity: ERROR
          SqlState: 42703
          MessageText: column t.Value does not exist
          Position: 8
          File: parse_relation.c
          Line: 3721
          Routine: errorMissingColumn
fail: Microsoft.AspNetCore.Diagnostics.DeveloperExceptionPageMiddleware[1]
      An unhandled exception has occurred while executing the request.
      Npgsql.PostgresException (0x80004005): 42703: column t.Value does not exist
      
      POSITION: 8
         at Npgsql.Internal.NpgsqlConnector.ReadMessageLong(Boolean async, DataRowLoadingMode dataRowLoadingMode, Boolean readingNotifications, Boolean isReadingPrependedMessage)
         at System.Runtime.CompilerServices.PoolingAsyncValueTaskMethodBuilder`1.StateMachineBox`1.System.Threading.Tasks.Sources.IValueTaskSource<TResult>.GetResult(Int16 token)
         at Npgsql.NpgsqlDataReader.NextResult(Boolean async, Boolean isConsuming, CancellationToken cancellationToken)
         at Npgsql.NpgsqlDataReader.NextResult(Boolean async, Boolean isConsuming, CancellationToken cancellationToken)
         at Npgsql.NpgsqlCommand.ExecuteReader(Boolean async, CommandBehavior behavior, CancellationToken cancellationToken)
         at Npgsql.NpgsqlCommand.ExecuteReader(Boolean async, CommandBehavior behavior, CancellationToken cancellationToken)
         at Npgsql.NpgsqlCommand.ExecuteDbDataReaderAsync(CommandBehavior behavior, CancellationToken cancellationToken)
         at Microsoft.EntityFrameworkCore.Storage.RelationalCommand.ExecuteReaderAsync(RelationalCommandParameterObject parameterObject, CancellationToken cancellationToken)
         at Microsoft.EntityFrameworkCore.Storage.RelationalCommand.ExecuteReaderAsync(RelationalCommandParameterObject parameterObject, CancellationToken cancellationToken)
         at Microsoft.EntityFrameworkCore.Query.Internal.SingleQueryingEnumerable`1.AsyncEnumerator.InitializeReaderAsync(AsyncEnumerator enumerator, CancellationToken cancellationToken)
         at Npgsql.EntityFrameworkCore.PostgreSQL.Storage.Internal.NpgsqlExecutionStrategy.ExecuteAsync[TState,TResult](TState state, Func`4 operation, Func`4 verifySucceeded, CancellationToken cancellationToken)
         at Microsoft.EntityFrameworkCore.Query.Internal.SingleQueryingEnumerable`1.AsyncEnumerator.MoveNextAsync()
         at Microsoft.EntityFrameworkCore.Query.ShapedQueryCompilingExpressionVisitor.SingleAsync[TSource](IAsyncEnumerable`1 asyncEnumerable, CancellationToken cancellationToken)
         at Microsoft.EntityFrameworkCore.Query.ShapedQueryCompilingExpressionVisitor.SingleAsync[TSource](IAsyncEnumerable`1 asyncEnumerable, CancellationToken cancellationToken)
         at EFESMS.Api.Controllers.OperationsController.CreateJob(JobIn dto) in C:\Users\hp\Documents\New folder\EXTREME FIRE SERVICES APPLICATION\backend\EFESMS.Api\Controllers\OperationsController.cs:line 163
         at Microsoft.AspNetCore.Mvc.Infrastructure.ActionMethodExecutor.TaskOfIActionResultExecutor.Execute(ActionContext actionContext, IActionResultTypeMapper mapper, ObjectMethodExecutor executor, Object controller, Object[] arguments)
         at Microsoft.AspNetCore.Mvc.Infrastructure.ControllerActionInvoker.<InvokeActionMethodAsync>g__Awaited|12_0(ControllerActionInvoker invoker, ValueTask`1 actionResultValueTask)
         at Microsoft.AspNetCore.Mvc.Infrastructure.ControllerActionInvoker.<InvokeNextActionFilterAsync>g__Awaited|10_0(ControllerActionInvoker invoker, Task lastTask, State next, Scope scope, Object state, Boolean isCompleted)
         at Microsoft.AspNetCore.Mvc.Infrastructure.ControllerActionInvoker.Rethrow(ActionExecutedContextSealed context)
         at Microsoft.AspNetCore.Mvc.Infrastructure.ControllerActionInvoker.Next(State& next, Scope& scope, Object& state, Boolean& isCompleted)
         at Microsoft.AspNetCore.Mvc.Infrastructure.ControllerActionInvoker.<InvokeInnerFilterAsync>g__Awaited|13_0(ControllerActionInvoker invoker, Task lastTask, State next, Scope scope, Object state, Boolean isCompleted)
         at Microsoft.AspNetCore.Mvc.Infrastructure.ResourceInvoker.<InvokeFilterPipelineAsync>g__Awaited|20_0(ResourceInvoker invoker, Task lastTask, State next, Scope scope, Object state, Boolean isCompleted)
         at Microsoft.AspNetCore.Mvc.Infrastructure.ResourceInvoker.<InvokeAsync>g__Awaited|17_0(ResourceInvoker invoker, Task task, IDisposable scope)
         at Microsoft.AspNetCore.Mvc.Infrastructure.ResourceInvoker.<InvokeAsync>g__Awaited|17_0(ResourceInvoker invoker, Task task, IDisposable scope)
         at Microsoft.AspNetCore.Authorization.AuthorizationMiddleware.Invoke(HttpContext context)
         at Microsoft.AspNetCore.Authentication.AuthenticationMiddleware.Invoke(HttpContext context)
         at Swashbuckle.AspNetCore.SwaggerUI.SwaggerUIMiddleware.Invoke(HttpContext httpContext)
         at Swashbuckle.AspNetCore.Swagger.SwaggerMiddleware.Invoke(HttpContext httpContext, ISwaggerProvider swaggerProvider)
         at Microsoft.AspNetCore.Diagnostics.DeveloperExceptionPageMiddlewareImpl.Invoke(HttpContext context)
        Exception data:
          Severity: ERROR
          SqlState: 42703
          MessageText: column t.Value does not exist
          Position: 8
          File: parse_relation.c
          Line: 3721
          Routine: errorMissingColumn
fail: Microsoft.EntityFrameworkCore.Database.Command[20102]
      Failed executing DbCommand (13ms) [Parameters=[], CommandType='Text', CommandTimeout='30']
      SELECT t."Value"
      FROM (
          SELECT nextval('"JobNumberSequence"')
      ) AS t
      LIMIT 2
fail: Microsoft.EntityFrameworkCore.Query[10100]
      An exception occurred while iterating over the results of a query for context type 'EFESMS.Api.Data.AppDbContext'.
      Npgsql.PostgresException (0x80004005): 42703: column t.Value does not exist
      
      POSITION: 8
         at Npgsql.Internal.NpgsqlConnector.ReadMessageLong(Boolean async, DataRowLoadingMode dataRowLoadingMode, Boolean readingNotifications, Boolean isReadingPrependedMessage)
         at System.Runtime.CompilerServices.PoolingAsyncValueTaskMethodBuilder`1.StateMachineBox`1.System.Threading.Tasks.Sources.IValueTaskSource<TResult>.GetResult(Int16 token)
         at Npgsql.NpgsqlDataReader.NextResult(Boolean async, Boolean isConsuming, CancellationToken cancellationToken)
         at Npgsql.NpgsqlDataReader.NextResult(Boolean async, Boolean isConsuming, CancellationToken cancellationToken)
         at Npgsql.NpgsqlCommand.ExecuteReader(Boolean async, CommandBehavior behavior, CancellationToken cancellationToken)
         at Npgsql.NpgsqlCommand.ExecuteReader(Boolean async, CommandBehavior behavior, CancellationToken cancellationToken)
         at Npgsql.NpgsqlCommand.ExecuteDbDataReaderAsync(CommandBehavior behavior, CancellationToken cancellationToken)
         at Microsoft.EntityFrameworkCore.Storage.RelationalCommand.ExecuteReaderAsync(RelationalCommandParameterObject parameterObject, CancellationToken cancellationToken)
         at Microsoft.EntityFrameworkCore.Storage.RelationalCommand.ExecuteReaderAsync(RelationalCommandParameterObject parameterObject, CancellationToken cancellationToken)
         at Microsoft.EntityFrameworkCore.Query.Internal.SingleQueryingEnumerable`1.AsyncEnumerator.InitializeReaderAsync(AsyncEnumerator enumerator, CancellationToken cancellationToken)
         at Npgsql.EntityFrameworkCore.PostgreSQL.Storage.Internal.NpgsqlExecutionStrategy.ExecuteAsync[TState,TResult](TState state, Func`4 operation, Func`4 verifySucceeded, CancellationToken cancellationToken)
         at Microsoft.EntityFrameworkCore.Query.Internal.SingleQueryingEnumerable`1.AsyncEnumerator.MoveNextAsync()
        Exception data:
          Severity: ERROR
          SqlState: 42703
          MessageText: column t.Value does not exist
          Position: 8
          File: parse_relation.c
          Line: 3721
          Routine: errorMissingColumn
      Npgsql.PostgresException (0x80004005): 42703: column t.Value does not exist
      
      POSITION: 8
         at Npgsql.Internal.NpgsqlConnector.ReadMessageLong(Boolean async, DataRowLoadingMode dataRowLoadingMode, Boolean readingNotifications, Boolean isReadingPrependedMessage)
         at System.Runtime.CompilerServices.PoolingAsyncValueTaskMethodBuilder`1.StateMachineBox`1.System.Threading.Tasks.Sources.IValueTaskSource<TResult>.GetResult(Int16 token)
         at Npgsql.NpgsqlDataReader.NextResult(Boolean async, Boolean isConsuming, CancellationToken cancellationToken)
         at Npgsql.NpgsqlDataReader.NextResult(Boolean async, Boolean isConsuming, CancellationToken cancellationToken)
         at Npgsql.NpgsqlCommand.ExecuteReader(Boolean async, CommandBehavior behavior, CancellationToken cancellationToken)
         at Npgsql.NpgsqlCommand.ExecuteReader(Boolean async, CommandBehavior behavior, CancellationToken cancellationToken)
         at Npgsql.NpgsqlCommand.ExecuteDbDataReaderAsync(CommandBehavior behavior, CancellationToken cancellationToken)
         at Microsoft.EntityFrameworkCore.Storage.RelationalCommand.ExecuteReaderAsync(RelationalCommandParameterObject parameterObject, CancellationToken cancellationToken)
         at Microsoft.EntityFrameworkCore.Storage.RelationalCommand.ExecuteReaderAsync(RelationalCommandParameterObject parameterObject, CancellationToken cancellationToken)
         at Microsoft.EntityFrameworkCore.Query.Internal.SingleQueryingEnumerable`1.AsyncEnumerator.InitializeReaderAsync(AsyncEnumerator enumerator, CancellationToken cancellationToken)
         at Npgsql.EntityFrameworkCore.PostgreSQL.Storage.Internal.NpgsqlExecutionStrategy.ExecuteAsync[TState,TResult](TState state, Func`4 operation, Func`4 verifySucceeded, CancellationToken cancellationToken)
         at Microsoft.EntityFrameworkCore.Query.Internal.SingleQueryingEnumerable`1.AsyncEnumerator.MoveNextAsync()
        Exception data:
          Severity: ERROR
          SqlState: 42703
          MessageText: column t.Value does not exist
          Position: 8
          File: parse_relation.c
          Line: 3721
          Routine: errorMissingColumn
fail: Microsoft.AspNetCore.Diagnostics.DeveloperExceptionPageMiddleware[1]
      An unhandled exception has occurred while executing the request.
      Npgsql.PostgresException (0x80004005): 42703: column t.Value does not exist
      
      POSITION: 8
         at Npgsql.Internal.NpgsqlConnector.ReadMessageLong(Boolean async, DataRowLoadingMode dataRowLoadingMode, Boolean readingNotifications, Boolean isReadingPrependedMessage)
         at System.Runtime.CompilerServices.PoolingAsyncValueTaskMethodBuilder`1.StateMachineBox`1.System.Threading.Tasks.Sources.IValueTaskSource<TResult>.GetResult(Int16 token)
         at Npgsql.NpgsqlDataReader.NextResult(Boolean async, Boolean isConsuming, CancellationToken cancellationToken)
         at Npgsql.NpgsqlDataReader.NextResult(Boolean async, Boolean isConsuming, CancellationToken cancellationToken)
         at Npgsql.NpgsqlCommand.ExecuteReader(Boolean async, CommandBehavior behavior, CancellationToken cancellationToken)
         at Npgsql.NpgsqlCommand.ExecuteReader(Boolean async, CommandBehavior behavior, CancellationToken cancellationToken)
         at Npgsql.NpgsqlCommand.ExecuteDbDataReaderAsync(CommandBehavior behavior, CancellationToken cancellationToken)
         at Microsoft.EntityFrameworkCore.Storage.RelationalCommand.ExecuteReaderAsync(RelationalCommandParameterObject parameterObject, CancellationToken cancellationToken)
         at Microsoft.EntityFrameworkCore.Storage.RelationalCommand.ExecuteReaderAsync(RelationalCommandParameterObject parameterObject, CancellationToken cancellationToken)
         at Microsoft.EntityFrameworkCore.Query.Internal.SingleQueryingEnumerable`1.AsyncEnumerator.InitializeReaderAsync(AsyncEnumerator enumerator, CancellationToken cancellationToken)
         at Npgsql.EntityFrameworkCore.PostgreSQL.Storage.Internal.NpgsqlExecutionStrategy.ExecuteAsync[TState,TResult](TState state, Func`4 operation, Func`4 verifySucceeded, CancellationToken cancellationToken)
         at Microsoft.EntityFrameworkCore.Query.Internal.SingleQueryingEnumerable`1.AsyncEnumerator.MoveNextAsync()
         at Microsoft.EntityFrameworkCore.Query.ShapedQueryCompilingExpressionVisitor.SingleAsync[TSource](IAsyncEnumerable`1 asyncEnumerable, CancellationToken cancellationToken)
         at Microsoft.EntityFrameworkCore.Query.ShapedQueryCompilingExpressionVisitor.SingleAsync[TSource](IAsyncEnumerable`1 asyncEnumerable, CancellationToken cancellationToken)
         at EFESMS.Api.Controllers.OperationsController.CreateJob(JobIn dto) in C:\Users\hp\Documents\New folder\EXTREME FIRE SERVICES APPLICATION\backend\EFESMS.Api\Controllers\OperationsController.cs:line 163
         at Microsoft.AspNetCore.Mvc.Infrastructure.ActionMethodExecutor.TaskOfIActionResultExecutor.Execute(ActionContext actionContext, IActionResultTypeMapper mapper, ObjectMethodExecutor executor, Object controller, Object[] arguments)
         at Microsoft.AspNetCore.Mvc.Infrastructure.ControllerActionInvoker.<InvokeActionMethodAsync>g__Awaited|12_0(ControllerActionInvoker invoker, ValueTask`1 actionResultValueTask)
         at Microsoft.AspNetCore.Mvc.Infrastructure.ControllerActionInvoker.<InvokeNextActionFilterAsync>g__Awaited|10_0(ControllerActionInvoker invoker, Task lastTask, State next, Scope scope, Object state, Boolean isCompleted)
         at Microsoft.AspNetCore.Mvc.Infrastructure.ControllerActionInvoker.Rethrow(ActionExecutedContextSealed context)
         at Microsoft.AspNetCore.Mvc.Infrastructure.ControllerActionInvoker.Next(State& next, Scope& scope, Object& state, Boolean& isCompleted)
         at Microsoft.AspNetCore.Mvc.Infrastructure.ControllerActionInvoker.<InvokeInnerFilterAsync>g__Awaited|13_0(ControllerActionInvoker invoker, Task lastTask, State next, Scope scope, Object state, Boolean isCompleted)
         at Microsoft.AspNetCore.Mvc.Infrastructure.ResourceInvoker.<InvokeFilterPipelineAsync>g__Awaited|20_0(ResourceInvoker invoker, Task lastTask, State next, Scope scope, Object state, Boolean isCompleted)
         at Microsoft.AspNetCore.Mvc.Infrastructure.ResourceInvoker.<InvokeAsync>g__Awaited|17_0(ResourceInvoker invoker, Task task, IDisposable scope)
         at Microsoft.AspNetCore.Mvc.Infrastructure.ResourceInvoker.<InvokeAsync>g__Awaited|17_0(ResourceInvoker invoker, Task task, IDisposable scope)
         at Microsoft.AspNetCore.Authorization.AuthorizationMiddleware.Invoke(HttpContext context)
         at Microsoft.AspNetCore.Authentication.AuthenticationMiddleware.Invoke(HttpContext context)
         at Swashbuckle.AspNetCore.SwaggerUI.SwaggerUIMiddleware.Invoke(HttpContext httpContext)
         at Swashbuckle.AspNetCore.Swagger.SwaggerMiddleware.Invoke(HttpContext httpContext, ISwaggerProvider swaggerProvider)
         at Microsoft.AspNetCore.Diagnostics.DeveloperExceptionPageMiddlewareImpl.Invoke(HttpContext context)
        Exception data:
          Severity: ERROR
          SqlState: 42703
          MessageText: column t.Value does not exist
          Position: 8
          File: parse_relation.c
          Line: 3721
          Routine: errorMissingColumn
info: Microsoft.EntityFrameworkCore.Database.Command[20101]
      Executed DbCommand (49ms) [Parameters=[@__ToLower_0='?', @__ToLower_0_1='?'], CommandType='Text', CommandTimeout='30']
      SELECT u."Id", u."CreatedAt", u."Department", u."DisplayName", u."Email", u."IsActive", u."PasswordHash", u."Role", u."Username"
      FROM "Users" AS u
      WHERE lower(u."Username") = @__ToLower_0 OR lower(u."Email") = @__ToLower_0_1
      LIMIT 1
warn: Microsoft.EntityFrameworkCore.Query[20504]
      Compiling a query which loads related collections for more than one collection navigation, either via 'Include' or through projection, but no 'QuerySplittingBehavior' has been configured. By default, Entity Framework will use 'QuerySplittingBehavior.SingleQuery', which can potentially result in slow query performance. See https://go.microsoft.com/fwlink/?linkid=2134277 for more information. To identify the query that's triggering this warning call 'ConfigureWarnings(w => w.Throw(RelationalEventId.MultipleCollectionIncludeWarning))'.
info: Microsoft.EntityFrameworkCore.Database.Command[20101]
      Executed DbCommand (46ms) [Parameters=[], CommandType='Text', CommandTimeout='30']
      SELECT c."Id", c."AccountManager", c."AccountManagerUserId", c."AlternativeName", c."BillingAddress", c."Category", c."ContractEndDate", c."ContractRef", c."ContractStartDate", c."ContractStatus", c."ContractValue", c."CreatedAt", c."CreditInfo", c."CustomerId", c."CustomerSince", c."CustomerType", c."Email", c."LastServiceDate", c."LegalName", c."MergedAt", c."MergedIntoCustomerId", c."Name", c."NextServiceDate", c."Notes", c."PaymentTerms", c."Phone", c."PreferredContact", c."Priority", c."RegistrationNumber", c."ServiceFrequencyMonths", c."SpecialRequirements", c."Status", c."TinNumber", c."UpdatedAt", c."VatNumber", c."Website", c."WhatsApp", c0."Id", c0."CreatedAt", c0."CustomerId", c0."Email", c0."EmailConsent", c0."IsPrimary", c0."Name", c0."Phone", c0."PhoneConsent", c0."Role", c1."Id", c1."Address", c1."City", c1."ContactPerson", c1."CreatedAt", c1."CustomerId", c1."Email", c1."IsPrimary", c1."Name", c1."Notes", c1."Phone", c1."SiteType", s."Id", s."CertificateNo", s."CreatedAt", s."CustomerId", s."DefectsFound", s."EquipmentAdded", s."EquipmentRemoved", s."EquipmentReplaced", s."EquipmentServiced", s."MaterialsUsed", s."Notes", s."Recommendations", s."ReportSentDate", s."ServiceDate", s."SiteId", s."Status", s."StickersUsed", s."Technician", s."UnitsServiced"
      FROM "Customers" AS c
      LEFT JOIN "CustomerContacts" AS c0 ON c."Id" = c0."CustomerId"
      LEFT JOIN "CustomerSites" AS c1 ON c."Id" = c1."CustomerId"
      LEFT JOIN "ServiceRecords" AS s ON c."Id" = s."CustomerId"
      ORDER BY c."Name", c."Id", c0."Id", c1."Id"
info: Microsoft.EntityFrameworkCore.Database.Command[20101]
      Executed DbCommand (7ms) [Parameters=[], CommandType='Text', CommandTimeout='30']
      SELECT c."Id", c."AccountManager", c."AccountManagerUserId", c."AlternativeName", c."BillingAddress", c."Category", c."ContractEndDate", c."ContractRef", c."ContractStartDate", c."ContractStatus", c."ContractValue", c."CreatedAt", c."CreditInfo", c."CustomerId", c."CustomerSince", c."CustomerType", c."Email", c."LastServiceDate", c."LegalName", c."MergedAt", c."MergedIntoCustomerId", c."Name", c."NextServiceDate", c."Notes", c."PaymentTerms", c."Phone", c."PreferredContact", c."Priority", c."RegistrationNumber", c."ServiceFrequencyMonths", c."SpecialRequirements", c."Status", c."TinNumber", c."UpdatedAt", c."VatNumber", c."Website", c."WhatsApp", c0."Id", c0."CreatedAt", c0."CustomerId", c0."Email", c0."EmailConsent", c0."IsPrimary", c0."Name", c0."Phone", c0."PhoneConsent", c0."Role", c1."Id", c1."Address", c1."City", c1."ContactPerson", c1."CreatedAt", c1."CustomerId", c1."Email", c1."IsPrimary", c1."Name", c1."Notes", c1."Phone", c1."SiteType", s."Id", s."CertificateNo", s."CreatedAt", s."CustomerId", s."DefectsFound", s."EquipmentAdded", s."EquipmentRemoved", s."EquipmentReplaced", s."EquipmentServiced", s."MaterialsUsed", s."Notes", s."Recommendations", s."ReportSentDate", s."ServiceDate", s."SiteId", s."Status", s."StickersUsed", s."Technician", s."UnitsServiced"
      FROM "Customers" AS c
      LEFT JOIN "CustomerContacts" AS c0 ON c."Id" = c0."CustomerId"
      LEFT JOIN "CustomerSites" AS c1 ON c."Id" = c1."CustomerId"
      LEFT JOIN "ServiceRecords" AS s ON c."Id" = s."CustomerId"
      ORDER BY c."Name", c."Id", c0."Id", c1."Id"
warn: Microsoft.EntityFrameworkCore.Query[20504]
      Compiling a query which loads related collections for more than one collection navigation, either via 'Include' or through projection, but no 'QuerySplittingBehavior' has been configured. By default, Entity Framework will use 'QuerySplittingBehavior.SingleQuery', which can potentially result in slow query performance. See https://go.microsoft.com/fwlink/?linkid=2134277 for more information. To identify the query that's triggering this warning call 'ConfigureWarnings(w => w.Throw(RelationalEventId.MultipleCollectionIncludeWarning))'.
info: Microsoft.EntityFrameworkCore.Database.Command[20101]
      Executed DbCommand (34ms) [Parameters=[@__id_0='?' (DbType = Int32)], CommandType='Text', CommandTimeout='30']
      SELECT t."Id", t."AccountManager", t."AccountManagerUserId", t."AlternativeName", t."BillingAddress", t."Category", t."ContractEndDate", t."ContractRef", t."ContractStartDate", t."ContractStatus", t."ContractValue", t."CreatedAt", t."CreditInfo", t."CustomerId", t."CustomerSince", t."CustomerType", t."Email", t."LastServiceDate", t."LegalName", t."MergedAt", t."MergedIntoCustomerId", t."Name", t."NextServiceDate", t."Notes", t."PaymentTerms", t."Phone", t."PreferredContact", t."Priority", t."RegistrationNumber", t."ServiceFrequencyMonths", t."SpecialRequirements", t."Status", t."TinNumber", t."UpdatedAt", t."VatNumber", t."Website", t."WhatsApp", s."Id", s."CertificateNo", s."CreatedAt", s."CustomerId", s."DefectsFound", s."EquipmentAdded", s."EquipmentRemoved", s."EquipmentReplaced", s."EquipmentServiced", s."MaterialsUsed", s."Notes", s."Recommendations", s."ReportSentDate", s."ServiceDate", s."SiteId", s."Status", s."StickersUsed", s."Technician", s."UnitsServiced", c0."Id", c0."Channel", c0."ContactName", c0."CreatedBy", c0."CustomerId", c0."CustomerResponded", c0."Direction", c0."FollowUpDate", c0."Message", c0."ResponseNotes", c0."SentAt", c0."Subject", c1."Id", c1."Action", c1."Actor", c1."CreatedAt", c1."CustomerId", c1."Details", c2."Id", c2."CustomerId", c2."DocType", c2."FilePath", c2."Name", c2."Notes", c2."SizeBytes", c2."UploadedAt", c2."UploadedBy"
      FROM (
          SELECT c."Id", c."AccountManager", c."AccountManagerUserId", c."AlternativeName", c."BillingAddress", c."Category", c."ContractEndDate", c."ContractRef", c."ContractStartDate", c."ContractStatus", c."ContractValue", c."CreatedAt", c."CreditInfo", c."CustomerId", c."CustomerSince", c."CustomerType", c."Email", c."LastServiceDate", c."LegalName", c."MergedAt", c."MergedIntoCustomerId", c."Name", c."NextServiceDate", c."Notes", c."PaymentTerms", c."Phone", c."PreferredContact", c."Priority", c."RegistrationNumber", c."ServiceFrequencyMonths", c."SpecialRequirements", c."Status", c."TinNumber", c."UpdatedAt", c."VatNumber", c."Website", c."WhatsApp"
          FROM "Customers" AS c
          WHERE c."Id" = @__id_0
          LIMIT 1
      ) AS t
      LEFT JOIN "ServiceRecords" AS s ON t."Id" = s."CustomerId"
      LEFT JOIN "CustomerCommunications" AS c0 ON t."Id" = c0."CustomerId"
      LEFT JOIN "CustomerActivities" AS c1 ON t."Id" = c1."CustomerId"
      LEFT JOIN "CustomerDocuments" AS c2 ON t."Id" = c2."CustomerId"
      ORDER BY t."Id", s."Id", c0."Id", c1."Id"
warn: Microsoft.EntityFrameworkCore.Query[20504]
      Compiling a query which loads related collections for more than one collection navigation, either via 'Include' or through projection, but no 'QuerySplittingBehavior' has been configured. By default, Entity Framework will use 'QuerySplittingBehavior.SingleQuery', which can potentially result in slow query performance. See https://go.microsoft.com/fwlink/?linkid=2134277 for more information. To identify the query that's triggering this warning call 'ConfigureWarnings(w => w.Throw(RelationalEventId.MultipleCollectionIncludeWarning))'.
info: Microsoft.EntityFrameworkCore.Database.Command[20101]
      Executed DbCommand (30ms) [Parameters=[@__id_0='?' (DbType = Int32)], CommandType='Text', CommandTimeout='30']
      SELECT t."Id", t."AccountManager", t."AccountManagerUserId", t."AlternativeName", t."BillingAddress", t."Category", t."ContractEndDate", t."ContractRef", t."ContractStartDate", t."ContractStatus", t."ContractValue", t."CreatedAt", t."CreditInfo", t."CustomerId", t."CustomerSince", t."CustomerType", t."Email", t."LastServiceDate", t."LegalName", t."MergedAt", t."MergedIntoCustomerId", t."Name", t."NextServiceDate", t."Notes", t."PaymentTerms", t."Phone", t."PreferredContact", t."Priority", t."RegistrationNumber", t."ServiceFrequencyMonths", t."SpecialRequirements", t."Status", t."TinNumber", t."UpdatedAt", t."VatNumber", t."Website", t."WhatsApp", c0."Id", c0."CreatedAt", c0."CustomerId", c0."Email", c0."EmailConsent", c0."IsPrimary", c0."Name", c0."Phone", c0."PhoneConsent", c0."Role", c1."Id", c1."Address", c1."City", c1."ContactPerson", c1."CreatedAt", c1."CustomerId", c1."Email", c1."IsPrimary", c1."Name", c1."Notes", c1."Phone", c1."SiteType", c2."Id", c2."Content", c2."CreatedAt", c2."CreatedBy", c2."CustomerId", c2."Pinned", t0."Id", t0."CertificateNo", t0."CreatedAt", t0."CustomerId", t0."DefectsFound", t0."EquipmentAdded", t0."EquipmentRemoved", t0."EquipmentReplaced", t0."EquipmentServiced", t0."MaterialsUsed", t0."Notes", t0."Recommendations", t0."ReportSentDate", t0."ServiceDate", t0."SiteId", t0."Status", t0."StickersUsed", t0."Technician", t0."UnitsServiced", t0."Id0", t0."Address", t0."City", t0."ContactPerson", t0."CreatedAt0", t0."CustomerId0", t0."Email", t0."IsPrimary", t0."Name", t0."Notes0", t0."Phone", t0."SiteType", c4."Id", c4."Channel", c4."ContactName", c4."CreatedBy", c4."CustomerId", c4."CustomerResponded", c4."Direction", c4."FollowUpDate", c4."Message", c4."ResponseNotes", c4."SentAt", c4."Subject", c5."Id", c5."CustomerId", c5."DocType", c5."FilePath", c5."Name", c5."Notes", c5."SizeBytes", c5."UploadedAt", c5."UploadedBy", c6."Id", c6."Action", c6."Actor", c6."CreatedAt", c6."CustomerId", c6."Details"
      FROM (
          SELECT c."Id", c."AccountManager", c."AccountManagerUserId", c."AlternativeName", c."BillingAddress", c."Category", c."ContractEndDate", c."ContractRef", c."ContractStartDate", c."ContractStatus", c."ContractValue", c."CreatedAt", c."CreditInfo", c."CustomerId", c."CustomerSince", c."CustomerType", c."Email", c."LastServiceDate", c."LegalName", c."MergedAt", c."MergedIntoCustomerId", c."Name", c."NextServiceDate", c."Notes", c."PaymentTerms", c."Phone", c."PreferredContact", c."Priority", c."RegistrationNumber", c."ServiceFrequencyMonths", c."SpecialRequirements", c."Status", c."TinNumber", c."UpdatedAt", c."VatNumber", c."Website", c."WhatsApp"
          FROM "Customers" AS c
          WHERE c."Id" = @__id_0
          LIMIT 1
      ) AS t
      LEFT JOIN "CustomerContacts" AS c0 ON t."Id" = c0."CustomerId"
      LEFT JOIN "CustomerSites" AS c1 ON t."Id" = c1."CustomerId"
      LEFT JOIN "CustomerNotes" AS c2 ON t."Id" = c2."CustomerId"
      LEFT JOIN (
          SELECT s."Id", s."CertificateNo", s."CreatedAt", s."CustomerId", s."DefectsFound", s."EquipmentAdded", s."EquipmentRemoved", s."EquipmentReplaced", s."EquipmentServiced", s."MaterialsUsed", s."Notes", s."Recommendations", s."ReportSentDate", s."ServiceDate", s."SiteId", s."Status", s."StickersUsed", s."Technician", s."UnitsServiced", c3."Id" AS "Id0", c3."Address", c3."City", c3."ContactPerson", c3."CreatedAt" AS "CreatedAt0", c3."CustomerId" AS "CustomerId0", c3."Email", c3."IsPrimary", c3."Name", c3."Notes" AS "Notes0", c3."Phone", c3."SiteType"
          FROM "ServiceRecords" AS s
          LEFT JOIN "CustomerSites" AS c3 ON s."SiteId" = c3."Id"
      ) AS t0 ON t."Id" = t0."CustomerId"
      LEFT JOIN "CustomerCommunications" AS c4 ON t."Id" = c4."CustomerId"
      LEFT JOIN "CustomerDocuments" AS c5 ON t."Id" = c5."CustomerId"
      LEFT JOIN "CustomerActivities" AS c6 ON t."Id" = c6."CustomerId"
      ORDER BY t."Id", c0."Id", c1."Id", c2."Id", t0."Id", t0."Id0", c4."Id", c5."Id"
info: Microsoft.EntityFrameworkCore.Database.Command[20101]
      Executed DbCommand (9ms) [Parameters=[@__id_0='?' (DbType = Int32)], CommandType='Text', CommandTimeout='30']
      SELECT f."Id", f."After", f."Before", f."CreatedAt", f."CustomerId", f."Department", f."Field", f."Reason", f."Role", f."UserName"
      FROM "FieldAudits" AS f
      WHERE f."CustomerId" = @__id_0
      ORDER BY f."CreatedAt" DESC
info: Microsoft.EntityFrameworkCore.Database.Command[20101]
      Executed DbCommand (67ms) [Parameters=[@__id_0='?' (DbType = Int32)], CommandType='Text', CommandTimeout='30']
      SELECT t."Id", t."AccountManager", t."AccountManagerUserId", t."AlternativeName", t."BillingAddress", t."Category", t."ContractEndDate", t."ContractRef", t."ContractStartDate", t."ContractStatus", t."ContractValue", t."CreatedAt", t."CreditInfo", t."CustomerId", t."CustomerSince", t."CustomerType", t."Email", t."LastServiceDate", t."LegalName", t."MergedAt", t."MergedIntoCustomerId", t."Name", t."NextServiceDate", t."Notes", t."PaymentTerms", t."Phone", t."PreferredContact", t."Priority", t."RegistrationNumber", t."ServiceFrequencyMonths", t."SpecialRequirements", t."Status", t."TinNumber", t."UpdatedAt", t."VatNumber", t."Website", t."WhatsApp", c0."Id", c0."CreatedAt", c0."CustomerId", c0."Email", c0."EmailConsent", c0."IsPrimary", c0."Name", c0."Phone", c0."PhoneConsent", c0."Role", c1."Id", c1."Address", c1."City", c1."ContactPerson", c1."CreatedAt", c1."CustomerId", c1."Email", c1."IsPrimary", c1."Name", c1."Notes", c1."Phone", c1."SiteType", c2."Id", c2."Content", c2."CreatedAt", c2."CreatedBy", c2."CustomerId", c2."Pinned", t0."Id", t0."CertificateNo", t0."CreatedAt", t0."CustomerId", t0."DefectsFound", t0."EquipmentAdded", t0."EquipmentRemoved", t0."EquipmentReplaced", t0."EquipmentServiced", t0."MaterialsUsed", t0."Notes", t0."Recommendations", t0."ReportSentDate", t0."ServiceDate", t0."SiteId", t0."Status", t0."StickersUsed", t0."Technician", t0."UnitsServiced", t0."Id0", t0."Address", t0."City", t0."ContactPerson", t0."CreatedAt0", t0."CustomerId0", t0."Email", t0."IsPrimary", t0."Name", t0."Notes0", t0."Phone", t0."SiteType", c4."Id", c4."Channel", c4."ContactName", c4."CreatedBy", c4."CustomerId", c4."CustomerResponded", c4."Direction", c4."FollowUpDate", c4."Message", c4."ResponseNotes", c4."SentAt", c4."Subject", c5."Id", c5."CustomerId", c5."DocType", c5."FilePath", c5."Name", c5."Notes", c5."SizeBytes", c5."UploadedAt", c5."UploadedBy", c6."Id", c6."Action", c6."Actor", c6."CreatedAt", c6."CustomerId", c6."Details"
      FROM (
          SELECT c."Id", c."AccountManager", c."AccountManagerUserId", c."AlternativeName", c."BillingAddress", c."Category", c."ContractEndDate", c."ContractRef", c."ContractStartDate", c."ContractStatus", c."ContractValue", c."CreatedAt", c."CreditInfo", c."CustomerId", c."CustomerSince", c."CustomerType", c."Email", c."LastServiceDate", c."LegalName", c."MergedAt", c."MergedIntoCustomerId", c."Name", c."NextServiceDate", c."Notes", c."PaymentTerms", c."Phone", c."PreferredContact", c."Priority", c."RegistrationNumber", c."ServiceFrequencyMonths", c."SpecialRequirements", c."Status", c."TinNumber", c."UpdatedAt", c."VatNumber", c."Website", c."WhatsApp"
          FROM "Customers" AS c
          WHERE c."Id" = @__id_0
          LIMIT 1
      ) AS t
      LEFT JOIN "CustomerContacts" AS c0 ON t."Id" = c0."CustomerId"
      LEFT JOIN "CustomerSites" AS c1 ON t."Id" = c1."CustomerId"
      LEFT JOIN "CustomerNotes" AS c2 ON t."Id" = c2."CustomerId"
      LEFT JOIN (
          SELECT s."Id", s."CertificateNo", s."CreatedAt", s."CustomerId", s."DefectsFound", s."EquipmentAdded", s."EquipmentRemoved", s."EquipmentReplaced", s."EquipmentServiced", s."MaterialsUsed", s."Notes", s."Recommendations", s."ReportSentDate", s."ServiceDate", s."SiteId", s."Status", s."StickersUsed", s."Technician", s."UnitsServiced", c3."Id" AS "Id0", c3."Address", c3."City", c3."ContactPerson", c3."CreatedAt" AS "CreatedAt0", c3."CustomerId" AS "CustomerId0", c3."Email", c3."IsPrimary", c3."Name", c3."Notes" AS "Notes0", c3."Phone", c3."SiteType"
          FROM "ServiceRecords" AS s
          LEFT JOIN "CustomerSites" AS c3 ON s."SiteId" = c3."Id"
      ) AS t0 ON t."Id" = t0."CustomerId"
      LEFT JOIN "CustomerCommunications" AS c4 ON t."Id" = c4."CustomerId"
      LEFT JOIN "CustomerDocuments" AS c5 ON t."Id" = c5."CustomerId"
      LEFT JOIN "CustomerActivities" AS c6 ON t."Id" = c6."CustomerId"
      ORDER BY t."Id", c0."Id", c1."Id", c2."Id", t0."Id", t0."Id0", c4."Id", c5."Id"
info: Microsoft.EntityFrameworkCore.Database.Command[20101]
      Executed DbCommand (21ms) [Parameters=[@__id_0='?' (DbType = Int32)], CommandType='Text', CommandTimeout='30']
      SELECT f."Id", f."After", f."Before", f."CreatedAt", f."CustomerId", f."Department", f."Field", f."Reason", f."Role", f."UserName"
      FROM "FieldAudits" AS f
      WHERE f."CustomerId" = @__id_0
      ORDER BY f."CreatedAt" DESC
info: Microsoft.EntityFrameworkCore.Database.Command[20101]
      Executed DbCommand (25ms) [Parameters=[@__id_0='?' (DbType = Int32)], CommandType='Text', CommandTimeout='30']
      SELECT t."Id", t."AccountManager", t."AccountManagerUserId", t."AlternativeName", t."BillingAddress", t."Category", t."ContractEndDate", t."ContractRef", t."ContractStartDate", t."ContractStatus", t."ContractValue", t."CreatedAt", t."CreditInfo", t."CustomerId", t."CustomerSince", t."CustomerType", t."Email", t."LastServiceDate", t."LegalName", t."MergedAt", t."MergedIntoCustomerId", t."Name", t."NextServiceDate", t."Notes", t."PaymentTerms", t."Phone", t."PreferredContact", t."Priority", t."RegistrationNumber", t."ServiceFrequencyMonths", t."SpecialRequirements", t."Status", t."TinNumber", t."UpdatedAt", t."VatNumber", t."Website", t."WhatsApp", s."Id", s."CertificateNo", s."CreatedAt", s."CustomerId", s."DefectsFound", s."EquipmentAdded", s."EquipmentRemoved", s."EquipmentReplaced", s."EquipmentServiced", s."MaterialsUsed", s."Notes", s."Recommendations", s."ReportSentDate", s."ServiceDate", s."SiteId", s."Status", s."StickersUsed", s."Technician", s."UnitsServiced", c0."Id", c0."Channel", c0."ContactName", c0."CreatedBy", c0."CustomerId", c0."CustomerResponded", c0."Direction", c0."FollowUpDate", c0."Message", c0."ResponseNotes", c0."SentAt", c0."Subject", c1."Id", c1."Action", c1."Actor", c1."CreatedAt", c1."CustomerId", c1."Details", c2."Id", c2."CustomerId", c2."DocType", c2."FilePath", c2."Name", c2."Notes", c2."SizeBytes", c2."UploadedAt", c2."UploadedBy"
      FROM (
          SELECT c."Id", c."AccountManager", c."AccountManagerUserId", c."AlternativeName", c."BillingAddress", c."Category", c."ContractEndDate", c."ContractRef", c."ContractStartDate", c."ContractStatus", c."ContractValue", c."CreatedAt", c."CreditInfo", c."CustomerId", c."CustomerSince", c."CustomerType", c."Email", c."LastServiceDate", c."LegalName", c."MergedAt", c."MergedIntoCustomerId", c."Name", c."NextServiceDate", c."Notes", c."PaymentTerms", c."Phone", c."PreferredContact", c."Priority", c."RegistrationNumber", c."ServiceFrequencyMonths", c."SpecialRequirements", c."Status", c."TinNumber", c."UpdatedAt", c."VatNumber", c."Website", c."WhatsApp"
          FROM "Customers" AS c
          WHERE c."Id" = @__id_0
          LIMIT 1
      ) AS t
      LEFT JOIN "ServiceRecords" AS s ON t."Id" = s."CustomerId"
      LEFT JOIN "CustomerCommunications" AS c0 ON t."Id" = c0."CustomerId"
      LEFT JOIN "CustomerActivities" AS c1 ON t."Id" = c1."CustomerId"
      LEFT JOIN "CustomerDocuments" AS c2 ON t."Id" = c2."CustomerId"
      ORDER BY t."Id", s."Id", c0."Id", c1."Id"
warn: Microsoft.EntityFrameworkCore.Query[20504]
      Compiling a query which loads related collections for more than one collection navigation, either via 'Include' or through projection, but no 'QuerySplittingBehavior' has been configured. By default, Entity Framework will use 'QuerySplittingBehavior.SingleQuery', which can potentially result in slow query performance. See https://go.microsoft.com/fwlink/?linkid=2134277 for more information. To identify the query that's triggering this warning call 'ConfigureWarnings(w => w.Throw(RelationalEventId.MultipleCollectionIncludeWarning))'.
info: Microsoft.EntityFrameworkCore.Database.Command[20101]
      Executed DbCommand (29ms) [Parameters=[], CommandType='Text', CommandTimeout='30']
      SELECT c."Id", c."AccountManager", c."AccountManagerUserId", c."AlternativeName", c."BillingAddress", c."Category", c."ContractEndDate", c."ContractRef", c."ContractStartDate", c."ContractStatus", c."ContractValue", c."CreatedAt", c."CreditInfo", c."CustomerId", c."CustomerSince", c."CustomerType", c."Email", c."LastServiceDate", c."LegalName", c."MergedAt", c."MergedIntoCustomerId", c."Name", c."NextServiceDate", c."Notes", c."PaymentTerms", c."Phone", c."PreferredContact", c."Priority", c."RegistrationNumber", c."ServiceFrequencyMonths", c."SpecialRequirements", c."Status", c."TinNumber", c."UpdatedAt", c."VatNumber", c."Website", c."WhatsApp", c0."Id", c0."CreatedAt", c0."CustomerId", c0."Email", c0."EmailConsent", c0."IsPrimary", c0."Name", c0."Phone", c0."PhoneConsent", c0."Role", c1."Id", c1."Address", c1."City", c1."ContactPerson", c1."CreatedAt", c1."CustomerId", c1."Email", c1."IsPrimary", c1."Name", c1."Notes", c1."Phone", c1."SiteType"
      FROM "Customers" AS c
      LEFT JOIN "CustomerContacts" AS c0 ON c."Id" = c0."CustomerId"
      LEFT JOIN "CustomerSites" AS c1 ON c."Id" = c1."CustomerId"
      WHERE c."MergedIntoCustomerId" IS NULL
      ORDER BY c."Id", c0."Id"
info: Microsoft.EntityFrameworkCore.Database.Command[20101]
      Executed DbCommand (16ms) [Parameters=[], CommandType='Text', CommandTimeout='30']
      SELECT c."Id", c."AccountManager", c."AccountManagerUserId", c."AlternativeName", c."BillingAddress", c."Category", c."ContractEndDate", c."ContractRef", c."ContractStartDate", c."ContractStatus", c."ContractValue", c."CreatedAt", c."CreditInfo", c."CustomerId", c."CustomerSince", c."CustomerType", c."Email", c."LastServiceDate", c."LegalName", c."MergedAt", c."MergedIntoCustomerId", c."Name", c."NextServiceDate", c."Notes", c."PaymentTerms", c."Phone", c."PreferredContact", c."Priority", c."RegistrationNumber", c."ServiceFrequencyMonths", c."SpecialRequirements", c."Status", c."TinNumber", c."UpdatedAt", c."VatNumber", c."Website", c."WhatsApp", c0."Id", c0."CreatedAt", c0."CustomerId", c0."Email", c0."EmailConsent", c0."IsPrimary", c0."Name", c0."Phone", c0."PhoneConsent", c0."Role", c1."Id", c1."Address", c1."City", c1."ContactPerson", c1."CreatedAt", c1."CustomerId", c1."Email", c1."IsPrimary", c1."Name", c1."Notes", c1."Phone", c1."SiteType"
      FROM "Customers" AS c
      LEFT JOIN "CustomerContacts" AS c0 ON c."Id" = c0."CustomerId"
      LEFT JOIN "CustomerSites" AS c1 ON c."Id" = c1."CustomerId"
      WHERE c."MergedIntoCustomerId" IS NULL
      ORDER BY c."Id", c0."Id"
fail: Microsoft.EntityFrameworkCore.Database.Command[20102]
      Failed executing DbCommand (40ms) [Parameters=[], CommandType='Text', CommandTimeout='30']
      SELECT t."Value"
      FROM (
          SELECT nextval('"CustomerNumberSequence"')
      ) AS t
      LIMIT 2
fail: Microsoft.EntityFrameworkCore.Query[10100]
      An exception occurred while iterating over the results of a query for context type 'EFESMS.Api.Data.AppDbContext'.
      Npgsql.PostgresException (0x80004005): 42703: column t.Value does not exist
      
      POSITION: 8
         at Npgsql.Internal.NpgsqlConnector.ReadMessageLong(Boolean async, DataRowLoadingMode dataRowLoadingMode, Boolean readingNotifications, Boolean isReadingPrependedMessage)
         at System.Runtime.CompilerServices.PoolingAsyncValueTaskMethodBuilder`1.StateMachineBox`1.System.Threading.Tasks.Sources.IValueTaskSource<TResult>.GetResult(Int16 token)
         at Npgsql.NpgsqlDataReader.NextResult(Boolean async, Boolean isConsuming, CancellationToken cancellationToken)
         at Npgsql.NpgsqlDataReader.NextResult(Boolean async, Boolean isConsuming, CancellationToken cancellationToken)
         at Npgsql.NpgsqlCommand.ExecuteReader(Boolean async, CommandBehavior behavior, CancellationToken cancellationToken)
         at Npgsql.NpgsqlCommand.ExecuteReader(Boolean async, CommandBehavior behavior, CancellationToken cancellationToken)
         at Npgsql.NpgsqlCommand.ExecuteDbDataReaderAsync(CommandBehavior behavior, CancellationToken cancellationToken)
         at Microsoft.EntityFrameworkCore.Storage.RelationalCommand.ExecuteReaderAsync(RelationalCommandParameterObject parameterObject, CancellationToken cancellationToken)
         at Microsoft.EntityFrameworkCore.Storage.RelationalCommand.ExecuteReaderAsync(RelationalCommandParameterObject parameterObject, CancellationToken cancellationToken)
         at Microsoft.EntityFrameworkCore.Query.Internal.SingleQueryingEnumerable`1.AsyncEnumerator.InitializeReaderAsync(AsyncEnumerator enumerator, CancellationToken cancellationToken)
         at Npgsql.EntityFrameworkCore.PostgreSQL.Storage.Internal.NpgsqlExecutionStrategy.ExecuteAsync[TState,TResult](TState state, Func`4 operation, Func`4 verifySucceeded, CancellationToken cancellationToken)
         at Microsoft.EntityFrameworkCore.Query.Internal.SingleQueryingEnumerable`1.AsyncEnumerator.MoveNextAsync()
        Exception data:
          Severity: ERROR
          SqlState: 42703
          MessageText: column t.Value does not exist
          Position: 8
          File: parse_relation.c
          Line: 3721
          Routine: errorMissingColumn
      Npgsql.PostgresException (0x80004005): 42703: column t.Value does not exist
      
      POSITION: 8
         at Npgsql.Internal.NpgsqlConnector.ReadMessageLong(Boolean async, DataRowLoadingMode dataRowLoadingMode, Boolean readingNotifications, Boolean isReadingPrependedMessage)
         at System.Runtime.CompilerServices.PoolingAsyncValueTaskMethodBuilder`1.StateMachineBox`1.System.Threading.Tasks.Sources.IValueTaskSource<TResult>.GetResult(Int16 token)
         at Npgsql.NpgsqlDataReader.NextResult(Boolean async, Boolean isConsuming, CancellationToken cancellationToken)
         at Npgsql.NpgsqlDataReader.NextResult(Boolean async, Boolean isConsuming, CancellationToken cancellationToken)
         at Npgsql.NpgsqlCommand.ExecuteReader(Boolean async, CommandBehavior behavior, CancellationToken cancellationToken)
         at Npgsql.NpgsqlCommand.ExecuteReader(Boolean async, CommandBehavior behavior, CancellationToken cancellationToken)
         at Npgsql.NpgsqlCommand.ExecuteDbDataReaderAsync(CommandBehavior behavior, CancellationToken cancellationToken)
         at Microsoft.EntityFrameworkCore.Storage.RelationalCommand.ExecuteReaderAsync(RelationalCommandParameterObject parameterObject, CancellationToken cancellationToken)
         at Microsoft.EntityFrameworkCore.Storage.RelationalCommand.ExecuteReaderAsync(RelationalCommandParameterObject parameterObject, CancellationToken cancellationToken)
         at Microsoft.EntityFrameworkCore.Query.Internal.SingleQueryingEnumerable`1.AsyncEnumerator.InitializeReaderAsync(AsyncEnumerator enumerator, CancellationToken cancellationToken)
         at Npgsql.EntityFrameworkCore.PostgreSQL.Storage.Internal.NpgsqlExecutionStrategy.ExecuteAsync[TState,TResult](TState state, Func`4 operation, Func`4 verifySucceeded, CancellationToken cancellationToken)
         at Microsoft.EntityFrameworkCore.Query.Internal.SingleQueryingEnumerable`1.AsyncEnumerator.MoveNextAsync()
        Exception data:
          Severity: ERROR
          SqlState: 42703
          MessageText: column t.Value does not exist
          Position: 8
          File: parse_relation.c
          Line: 3721
          Routine: errorMissingColumn
fail: Microsoft.AspNetCore.Diagnostics.DeveloperExceptionPageMiddleware[1]
      An unhandled exception has occurred while executing the request.
      Npgsql.PostgresException (0x80004005): 42703: column t.Value does not exist
      
      POSITION: 8
         at Npgsql.Internal.NpgsqlConnector.ReadMessageLong(Boolean async, DataRowLoadingMode dataRowLoadingMode, Boolean readingNotifications, Boolean isReadingPrependedMessage)
         at System.Runtime.CompilerServices.PoolingAsyncValueTaskMethodBuilder`1.StateMachineBox`1.System.Threading.Tasks.Sources.IValueTaskSource<TResult>.GetResult(Int16 token)
         at Npgsql.NpgsqlDataReader.NextResult(Boolean async, Boolean isConsuming, CancellationToken cancellationToken)
         at Npgsql.NpgsqlDataReader.NextResult(Boolean async, Boolean isConsuming, CancellationToken cancellationToken)
         at Npgsql.NpgsqlCommand.ExecuteReader(Boolean async, CommandBehavior behavior, CancellationToken cancellationToken)
         at Npgsql.NpgsqlCommand.ExecuteReader(Boolean async, CommandBehavior behavior, CancellationToken cancellationToken)
         at Npgsql.NpgsqlCommand.ExecuteDbDataReaderAsync(CommandBehavior behavior, CancellationToken cancellationToken)
         at Microsoft.EntityFrameworkCore.Storage.RelationalCommand.ExecuteReaderAsync(RelationalCommandParameterObject parameterObject, CancellationToken cancellationToken)
         at Microsoft.EntityFrameworkCore.Storage.RelationalCommand.ExecuteReaderAsync(RelationalCommandParameterObject parameterObject, CancellationToken cancellationToken)
         at Microsoft.EntityFrameworkCore.Query.Internal.SingleQueryingEnumerable`1.AsyncEnumerator.InitializeReaderAsync(AsyncEnumerator enumerator, CancellationToken cancellationToken)
         at Npgsql.EntityFrameworkCore.PostgreSQL.Storage.Internal.NpgsqlExecutionStrategy.ExecuteAsync[TState,TResult](TState state, Func`4 operation, Func`4 verifySucceeded, CancellationToken cancellationToken)
         at Microsoft.EntityFrameworkCore.Query.Internal.SingleQueryingEnumerable`1.AsyncEnumerator.MoveNextAsync()
         at Microsoft.EntityFrameworkCore.Query.ShapedQueryCompilingExpressionVisitor.SingleAsync[TSource](IAsyncEnumerable`1 asyncEnumerable, CancellationToken cancellationToken)
         at Microsoft.EntityFrameworkCore.Query.ShapedQueryCompilingExpressionVisitor.SingleAsync[TSource](IAsyncEnumerable`1 asyncEnumerable, CancellationToken cancellationToken)
         at EFESMS.Api.Controllers.CustomersController.NextCustomerIdAsync() in C:\Users\hp\Documents\New folder\EXTREME FIRE SERVICES APPLICATION\backend\EFESMS.Api\Controllers\CustomersController.cs:line 333
         at EFESMS.Api.Controllers.CustomersController.Create(CustomerIn dto) in C:\Users\hp\Documents\New folder\EXTREME FIRE SERVICES APPLICATION\backend\EFESMS.Api\Controllers\CustomersController.cs:line 645
         at Microsoft.AspNetCore.Mvc.Infrastructure.ActionMethodExecutor.TaskOfIActionResultExecutor.Execute(ActionContext actionContext, IActionResultTypeMapper mapper, ObjectMethodExecutor executor, Object controller, Object[] arguments)
         at Microsoft.AspNetCore.Mvc.Infrastructure.ControllerActionInvoker.<InvokeActionMethodAsync>g__Awaited|12_0(ControllerActionInvoker invoker, ValueTask`1 actionResultValueTask)
         at Microsoft.AspNetCore.Mvc.Infrastructure.ControllerActionInvoker.<InvokeNextActionFilterAsync>g__Awaited|10_0(ControllerActionInvoker invoker, Task lastTask, State next, Scope scope, Object state, Boolean isCompleted)
         at Microsoft.AspNetCore.Mvc.Infrastructure.ControllerActionInvoker.Rethrow(ActionExecutedContextSealed context)
         at Microsoft.AspNetCore.Mvc.Infrastructure.ControllerActionInvoker.Next(State& next, Scope& scope, Object& state, Boolean& isCompleted)
         at Microsoft.AspNetCore.Mvc.Infrastructure.ControllerActionInvoker.<InvokeInnerFilterAsync>g__Awaited|13_0(ControllerActionInvoker invoker, Task lastTask, State next, Scope scope, Object state, Boolean isCompleted)
         at Microsoft.AspNetCore.Mvc.Infrastructure.ResourceInvoker.<InvokeFilterPipelineAsync>g__Awaited|20_0(ResourceInvoker invoker, Task lastTask, State next, Scope scope, Object state, Boolean isCompleted)
         at Microsoft.AspNetCore.Mvc.Infrastructure.ResourceInvoker.<InvokeAsync>g__Awaited|17_0(ResourceInvoker invoker, Task task, IDisposable scope)
         at Microsoft.AspNetCore.Mvc.Infrastructure.ResourceInvoker.<InvokeAsync>g__Awaited|17_0(ResourceInvoker invoker, Task task, IDisposable scope)
         at Microsoft.AspNetCore.Authorization.AuthorizationMiddleware.Invoke(HttpContext context)
         at Microsoft.AspNetCore.Authentication.AuthenticationMiddleware.Invoke(HttpContext context)
         at Swashbuckle.AspNetCore.SwaggerUI.SwaggerUIMiddleware.Invoke(HttpContext httpContext)
         at Swashbuckle.AspNetCore.Swagger.SwaggerMiddleware.Invoke(HttpContext httpContext, ISwaggerProvider swaggerProvider)
         at Microsoft.AspNetCore.Diagnostics.DeveloperExceptionPageMiddlewareImpl.Invoke(HttpContext context)
        Exception data:
          Severity: ERROR
          SqlState: 42703
          MessageText: column t.Value does not exist
          Position: 8
          File: parse_relation.c
          Line: 3721
          Routine: errorMissingColumn
info: Microsoft.EntityFrameworkCore.Database.Command[20101]
      Executed DbCommand (3ms) [Parameters=[], CommandType='Text', CommandTimeout='30']
      SELECT c."Id", c."AccountManager", c."AccountManagerUserId", c."AlternativeName", c."BillingAddress", c."Category", c."ContractEndDate", c."ContractRef", c."ContractStartDate", c."ContractStatus", c."ContractValue", c."CreatedAt", c."CreditInfo", c."CustomerId", c."CustomerSince", c."CustomerType", c."Email", c."LastServiceDate", c."LegalName", c."MergedAt", c."MergedIntoCustomerId", c."Name", c."NextServiceDate", c."Notes", c."PaymentTerms", c."Phone", c."PreferredContact", c."Priority", c."RegistrationNumber", c."ServiceFrequencyMonths", c."SpecialRequirements", c."Status", c."TinNumber", c."UpdatedAt", c."VatNumber", c."Website", c."WhatsApp", c0."Id", c0."CreatedAt", c0."CustomerId", c0."Email", c0."EmailConsent", c0."IsPrimary", c0."Name", c0."Phone", c0."PhoneConsent", c0."Role", c1."Id", c1."Address", c1."City", c1."ContactPerson", c1."CreatedAt", c1."CustomerId", c1."Email", c1."IsPrimary", c1."Name", c1."Notes", c1."Phone", c1."SiteType"
      FROM "Customers" AS c
      LEFT JOIN "CustomerContacts" AS c0 ON c."Id" = c0."CustomerId"
      LEFT JOIN "CustomerSites" AS c1 ON c."Id" = c1."CustomerId"
      WHERE c."MergedIntoCustomerId" IS NULL
      ORDER BY c."Id", c0."Id"
info: Microsoft.EntityFrameworkCore.Database.Command[20101]
      Executed DbCommand (13ms) [Parameters=[], CommandType='Text', CommandTimeout='30']
      SELECT c."Id", c."AccountManager", c."AccountManagerUserId", c."AlternativeName", c."BillingAddress", c."Category", c."ContractEndDate", c."ContractRef", c."ContractStartDate", c."ContractStatus", c."ContractValue", c."CreatedAt", c."CreditInfo", c."CustomerId", c."CustomerSince", c."CustomerType", c."Email", c."LastServiceDate", c."LegalName", c."MergedAt", c."MergedIntoCustomerId", c."Name", c."NextServiceDate", c."Notes", c."PaymentTerms", c."Phone", c."PreferredContact", c."Priority", c."RegistrationNumber", c."ServiceFrequencyMonths", c."SpecialRequirements", c."Status", c."TinNumber", c."UpdatedAt", c."VatNumber", c."Website", c."WhatsApp", c0."Id", c0."CreatedAt", c0."CustomerId", c0."Email", c0."EmailConsent", c0."IsPrimary", c0."Name", c0."Phone", c0."PhoneConsent", c0."Role", c1."Id", c1."Address", c1."City", c1."ContactPerson", c1."CreatedAt", c1."CustomerId", c1."Email", c1."IsPrimary", c1."Name", c1."Notes", c1."Phone", c1."SiteType"
      FROM "Customers" AS c
      LEFT JOIN "CustomerContacts" AS c0 ON c."Id" = c0."CustomerId"
      LEFT JOIN "CustomerSites" AS c1 ON c."Id" = c1."CustomerId"
      WHERE c."MergedIntoCustomerId" IS NULL
      ORDER BY c."Id", c0."Id"
fail: Microsoft.EntityFrameworkCore.Database.Command[20102]
      Failed executing DbCommand (45ms) [Parameters=[], CommandType='Text', CommandTimeout='30']
      SELECT t."Value"
      FROM (
          SELECT nextval('"CustomerNumberSequence"')
      ) AS t
      LIMIT 2
fail: Microsoft.EntityFrameworkCore.Query[10100]
      An exception occurred while iterating over the results of a query for context type 'EFESMS.Api.Data.AppDbContext'.
      Npgsql.PostgresException (0x80004005): 42703: column t.Value does not exist
      
      POSITION: 8
         at Npgsql.Internal.NpgsqlConnector.ReadMessageLong(Boolean async, DataRowLoadingMode dataRowLoadingMode, Boolean readingNotifications, Boolean isReadingPrependedMessage)
         at System.Runtime.CompilerServices.PoolingAsyncValueTaskMethodBuilder`1.StateMachineBox`1.System.Threading.Tasks.Sources.IValueTaskSource<TResult>.GetResult(Int16 token)
         at Npgsql.NpgsqlDataReader.NextResult(Boolean async, Boolean isConsuming, CancellationToken cancellationToken)
         at Npgsql.NpgsqlDataReader.NextResult(Boolean async, Boolean isConsuming, CancellationToken cancellationToken)
         at Npgsql.NpgsqlCommand.ExecuteReader(Boolean async, CommandBehavior behavior, CancellationToken cancellationToken)
         at Npgsql.NpgsqlCommand.ExecuteReader(Boolean async, CommandBehavior behavior, CancellationToken cancellationToken)
         at Npgsql.NpgsqlCommand.ExecuteDbDataReaderAsync(CommandBehavior behavior, CancellationToken cancellationToken)
         at Microsoft.EntityFrameworkCore.Storage.RelationalCommand.ExecuteReaderAsync(RelationalCommandParameterObject parameterObject, CancellationToken cancellationToken)
         at Microsoft.EntityFrameworkCore.Storage.RelationalCommand.ExecuteReaderAsync(RelationalCommandParameterObject parameterObject, CancellationToken cancellationToken)
         at Microsoft.EntityFrameworkCore.Query.Internal.SingleQueryingEnumerable`1.AsyncEnumerator.InitializeReaderAsync(AsyncEnumerator enumerator, CancellationToken cancellationToken)
         at Npgsql.EntityFrameworkCore.PostgreSQL.Storage.Internal.NpgsqlExecutionStrategy.ExecuteAsync[TState,TResult](TState state, Func`4 operation, Func`4 verifySucceeded, CancellationToken cancellationToken)
         at Microsoft.EntityFrameworkCore.Query.Internal.SingleQueryingEnumerable`1.AsyncEnumerator.MoveNextAsync()
        Exception data:
          Severity: ERROR
          SqlState: 42703
          MessageText: column t.Value does not exist
          Position: 8
          File: parse_relation.c
          Line: 3721
          Routine: errorMissingColumn
      Npgsql.PostgresException (0x80004005): 42703: column t.Value does not exist
      
      POSITION: 8
         at Npgsql.Internal.NpgsqlConnector.ReadMessageLong(Boolean async, DataRowLoadingMode dataRowLoadingMode, Boolean readingNotifications, Boolean isReadingPrependedMessage)
         at System.Runtime.CompilerServices.PoolingAsyncValueTaskMethodBuilder`1.StateMachineBox`1.System.Threading.Tasks.Sources.IValueTaskSource<TResult>.GetResult(Int16 token)
         at Npgsql.NpgsqlDataReader.NextResult(Boolean async, Boolean isConsuming, CancellationToken cancellationToken)
         at Npgsql.NpgsqlDataReader.NextResult(Boolean async, Boolean isConsuming, CancellationToken cancellationToken)
         at Npgsql.NpgsqlCommand.ExecuteReader(Boolean async, CommandBehavior behavior, CancellationToken cancellationToken)
         at Npgsql.NpgsqlCommand.ExecuteReader(Boolean async, CommandBehavior behavior, CancellationToken cancellationToken)
         at Npgsql.NpgsqlCommand.ExecuteDbDataReaderAsync(CommandBehavior behavior, CancellationToken cancellationToken)
         at Microsoft.EntityFrameworkCore.Storage.RelationalCommand.ExecuteReaderAsync(RelationalCommandParameterObject parameterObject, CancellationToken cancellationToken)
         at Microsoft.EntityFrameworkCore.Storage.RelationalCommand.ExecuteReaderAsync(RelationalCommandParameterObject parameterObject, CancellationToken cancellationToken)
         at Microsoft.EntityFrameworkCore.Query.Internal.SingleQueryingEnumerable`1.AsyncEnumerator.InitializeReaderAsync(AsyncEnumerator enumerator, CancellationToken cancellationToken)
         at Npgsql.EntityFrameworkCore.PostgreSQL.Storage.Internal.NpgsqlExecutionStrategy.ExecuteAsync[TState,TResult](TState state, Func`4 operation, Func`4 verifySucceeded, CancellationToken cancellationToken)
         at Microsoft.EntityFrameworkCore.Query.Internal.SingleQueryingEnumerable`1.AsyncEnumerator.MoveNextAsync()
        Exception data:
          Severity: ERROR
          SqlState: 42703
          MessageText: column t.Value does not exist
          Position: 8
          File: parse_relation.c
          Line: 3721
          Routine: errorMissingColumn
fail: Microsoft.AspNetCore.Diagnostics.DeveloperExceptionPageMiddleware[1]
      An unhandled exception has occurred while executing the request.
      Npgsql.PostgresException (0x80004005): 42703: column t.Value does not exist
      
      POSITION: 8
         at Npgsql.Internal.NpgsqlConnector.ReadMessageLong(Boolean async, DataRowLoadingMode dataRowLoadingMode, Boolean readingNotifications, Boolean isReadingPrependedMessage)
         at System.Runtime.CompilerServices.PoolingAsyncValueTaskMethodBuilder`1.StateMachineBox`1.System.Threading.Tasks.Sources.IValueTaskSource<TResult>.GetResult(Int16 token)
         at Npgsql.NpgsqlDataReader.NextResult(Boolean async, Boolean isConsuming, CancellationToken cancellationToken)
         at Npgsql.NpgsqlDataReader.NextResult(Boolean async, Boolean isConsuming, CancellationToken cancellationToken)
         at Npgsql.NpgsqlCommand.ExecuteReader(Boolean async, CommandBehavior behavior, CancellationToken cancellationToken)
         at Npgsql.NpgsqlCommand.ExecuteReader(Boolean async, CommandBehavior behavior, CancellationToken cancellationToken)
         at Npgsql.NpgsqlCommand.ExecuteDbDataReaderAsync(CommandBehavior behavior, CancellationToken cancellationToken)
         at Microsoft.EntityFrameworkCore.Storage.RelationalCommand.ExecuteReaderAsync(RelationalCommandParameterObject parameterObject, CancellationToken cancellationToken)
         at Microsoft.EntityFrameworkCore.Storage.RelationalCommand.ExecuteReaderAsync(RelationalCommandParameterObject parameterObject, CancellationToken cancellationToken)
         at Microsoft.EntityFrameworkCore.Query.Internal.SingleQueryingEnumerable`1.AsyncEnumerator.InitializeReaderAsync(AsyncEnumerator enumerator, CancellationToken cancellationToken)
         at Npgsql.EntityFrameworkCore.PostgreSQL.Storage.Internal.NpgsqlExecutionStrategy.ExecuteAsync[TState,TResult](TState state, Func`4 operation, Func`4 verifySucceeded, CancellationToken cancellationToken)
         at Microsoft.EntityFrameworkCore.Query.Internal.SingleQueryingEnumerable`1.AsyncEnumerator.MoveNextAsync()
         at Microsoft.EntityFrameworkCore.Query.ShapedQueryCompilingExpressionVisitor.SingleAsync[TSource](IAsyncEnumerable`1 asyncEnumerable, CancellationToken cancellationToken)
         at Microsoft.EntityFrameworkCore.Query.ShapedQueryCompilingExpressionVisitor.SingleAsync[TSource](IAsyncEnumerable`1 asyncEnumerable, CancellationToken cancellationToken)
         at EFESMS.Api.Controllers.CustomersController.NextCustomerIdAsync() in C:\Users\hp\Documents\New folder\EXTREME FIRE SERVICES APPLICATION\backend\EFESMS.Api\Controllers\CustomersController.cs:line 333
         at EFESMS.Api.Controllers.CustomersController.Create(CustomerIn dto) in C:\Users\hp\Documents\New folder\EXTREME FIRE SERVICES APPLICATION\backend\EFESMS.Api\Controllers\CustomersController.cs:line 645
         at Microsoft.AspNetCore.Mvc.Infrastructure.ActionMethodExecutor.TaskOfIActionResultExecutor.Execute(ActionContext actionContext, IActionResultTypeMapper mapper, ObjectMethodExecutor executor, Object controller, Object[] arguments)
         at Microsoft.AspNetCore.Mvc.Infrastructure.ControllerActionInvoker.<InvokeActionMethodAsync>g__Awaited|12_0(ControllerActionInvoker invoker, ValueTask`1 actionResultValueTask)
         at Microsoft.AspNetCore.Mvc.Infrastructure.ControllerActionInvoker.<InvokeNextActionFilterAsync>g__Awaited|10_0(ControllerActionInvoker invoker, Task lastTask, State next, Scope scope, Object state, Boolean isCompleted)
         at Microsoft.AspNetCore.Mvc.Infrastructure.ControllerActionInvoker.Rethrow(ActionExecutedContextSealed context)
         at Microsoft.AspNetCore.Mvc.Infrastructure.ControllerActionInvoker.Next(State& next, Scope& scope, Object& state, Boolean& isCompleted)
         at Microsoft.AspNetCore.Mvc.Infrastructure.ControllerActionInvoker.<InvokeInnerFilterAsync>g__Awaited|13_0(ControllerActionInvoker invoker, Task lastTask, State next, Scope scope, Object state, Boolean isCompleted)
         at Microsoft.AspNetCore.Mvc.Infrastructure.ResourceInvoker.<InvokeFilterPipelineAsync>g__Awaited|20_0(ResourceInvoker invoker, Task lastTask, State next, Scope scope, Object state, Boolean isCompleted)
         at Microsoft.AspNetCore.Mvc.Infrastructure.ResourceInvoker.<InvokeAsync>g__Awaited|17_0(ResourceInvoker invoker, Task task, IDisposable scope)
         at Microsoft.AspNetCore.Mvc.Infrastructure.ResourceInvoker.<InvokeAsync>g__Awaited|17_0(ResourceInvoker invoker, Task task, IDisposable scope)
         at Microsoft.AspNetCore.Authorization.AuthorizationMiddleware.Invoke(HttpContext context)
         at Microsoft.AspNetCore.Authentication.AuthenticationMiddleware.Invoke(HttpContext context)
         at Swashbuckle.AspNetCore.SwaggerUI.SwaggerUIMiddleware.Invoke(HttpContext httpContext)
         at Swashbuckle.AspNetCore.Swagger.SwaggerMiddleware.Invoke(HttpContext httpContext, ISwaggerProvider swaggerProvider)
         at Microsoft.AspNetCore.Diagnostics.DeveloperExceptionPageMiddlewareImpl.Invoke(HttpContext context)
        Exception data:
          Severity: ERROR
          SqlState: 42703
          MessageText: column t.Value does not exist
          Position: 8
          File: parse_relation.c
          Line: 3721
          Routine: errorMissingColumn
info: Microsoft.EntityFrameworkCore.Database.Command[20101]
      Executed DbCommand (14ms) [Parameters=[], CommandType='Text', CommandTimeout='30']
      SELECT c."Id", c."AccountManager", c."AccountManagerUserId", c."AlternativeName", c."BillingAddress", c."Category", c."ContractEndDate", c."ContractRef", c."ContractStartDate", c."ContractStatus", c."ContractValue", c."CreatedAt", c."CreditInfo", c."CustomerId", c."CustomerSince", c."CustomerType", c."Email", c."LastServiceDate", c."LegalName", c."MergedAt", c."MergedIntoCustomerId", c."Name", c."NextServiceDate", c."Notes", c."PaymentTerms", c."Phone", c."PreferredContact", c."Priority", c."RegistrationNumber", c."ServiceFrequencyMonths", c."SpecialRequirements", c."Status", c."TinNumber", c."UpdatedAt", c."VatNumber", c."Website", c."WhatsApp", c0."Id", c0."CreatedAt", c0."CustomerId", c0."Email", c0."EmailConsent", c0."IsPrimary", c0."Name", c0."Phone", c0."PhoneConsent", c0."Role", c1."Id", c1."Address", c1."City", c1."ContactPerson", c1."CreatedAt", c1."CustomerId", c1."Email", c1."IsPrimary", c1."Name", c1."Notes", c1."Phone", c1."SiteType"
      FROM "Customers" AS c
      LEFT JOIN "CustomerContacts" AS c0 ON c."Id" = c0."CustomerId"
      LEFT JOIN "CustomerSites" AS c1 ON c."Id" = c1."CustomerId"
      WHERE c."MergedIntoCustomerId" IS NULL
      ORDER BY c."Id", c0."Id"
info: Microsoft.EntityFrameworkCore.Database.Command[20101]
      Executed DbCommand (5ms) [Parameters=[], CommandType='Text', CommandTimeout='30']
      SELECT c."Id", c."AccountManager", c."AccountManagerUserId", c."AlternativeName", c."BillingAddress", c."Category", c."ContractEndDate", c."ContractRef", c."ContractStartDate", c."ContractStatus", c."ContractValue", c."CreatedAt", c."CreditInfo", c."CustomerId", c."CustomerSince", c."CustomerType", c."Email", c."LastServiceDate", c."LegalName", c."MergedAt", c."MergedIntoCustomerId", c."Name", c."NextServiceDate", c."Notes", c."PaymentTerms", c."Phone", c."PreferredContact", c."Priority", c."RegistrationNumber", c."ServiceFrequencyMonths", c."SpecialRequirements", c."Status", c."TinNumber", c."UpdatedAt", c."VatNumber", c."Website", c."WhatsApp", c0."Id", c0."CreatedAt", c0."CustomerId", c0."Email", c0."EmailConsent", c0."IsPrimary", c0."Name", c0."Phone", c0."PhoneConsent", c0."Role", c1."Id", c1."Address", c1."City", c1."ContactPerson", c1."CreatedAt", c1."CustomerId", c1."Email", c1."IsPrimary", c1."Name", c1."Notes", c1."Phone", c1."SiteType"
      FROM "Customers" AS c
      LEFT JOIN "CustomerContacts" AS c0 ON c."Id" = c0."CustomerId"
      LEFT JOIN "CustomerSites" AS c1 ON c."Id" = c1."CustomerId"
      WHERE c."MergedIntoCustomerId" IS NULL
      ORDER BY c."Id", c0."Id"
fail: Microsoft.EntityFrameworkCore.Database.Command[20102]
      Failed executing DbCommand (24ms) [Parameters=[], CommandType='Text', CommandTimeout='30']
      SELECT t."Value"
      FROM (
          SELECT nextval('"CustomerNumberSequence"')
      ) AS t
      LIMIT 2
fail: Microsoft.EntityFrameworkCore.Query[10100]
      An exception occurred while iterating over the results of a query for context type 'EFESMS.Api.Data.AppDbContext'.
      Npgsql.PostgresException (0x80004005): 42703: column t.Value does not exist
      
      POSITION: 8
         at Npgsql.Internal.NpgsqlConnector.ReadMessageLong(Boolean async, DataRowLoadingMode dataRowLoadingMode, Boolean readingNotifications, Boolean isReadingPrependedMessage)
         at System.Runtime.CompilerServices.PoolingAsyncValueTaskMethodBuilder`1.StateMachineBox`1.System.Threading.Tasks.Sources.IValueTaskSource<TResult>.GetResult(Int16 token)
         at Npgsql.NpgsqlDataReader.NextResult(Boolean async, Boolean isConsuming, CancellationToken cancellationToken)
         at Npgsql.NpgsqlDataReader.NextResult(Boolean async, Boolean isConsuming, CancellationToken cancellationToken)
         at Npgsql.NpgsqlCommand.ExecuteReader(Boolean async, CommandBehavior behavior, CancellationToken cancellationToken)
         at Npgsql.NpgsqlCommand.ExecuteReader(Boolean async, CommandBehavior behavior, CancellationToken cancellationToken)
         at Npgsql.NpgsqlCommand.ExecuteDbDataReaderAsync(CommandBehavior behavior, CancellationToken cancellationToken)
         at Microsoft.EntityFrameworkCore.Storage.RelationalCommand.ExecuteReaderAsync(RelationalCommandParameterObject parameterObject, CancellationToken cancellationToken)
         at Microsoft.EntityFrameworkCore.Storage.RelationalCommand.ExecuteReaderAsync(RelationalCommandParameterObject parameterObject, CancellationToken cancellationToken)
         at Microsoft.EntityFrameworkCore.Query.Internal.SingleQueryingEnumerable`1.AsyncEnumerator.InitializeReaderAsync(AsyncEnumerator enumerator, CancellationToken cancellationToken)
         at Npgsql.EntityFrameworkCore.PostgreSQL.Storage.Internal.NpgsqlExecutionStrategy.ExecuteAsync[TState,TResult](TState state, Func`4 operation, Func`4 verifySucceeded, CancellationToken cancellationToken)
         at Microsoft.EntityFrameworkCore.Query.Internal.SingleQueryingEnumerable`1.AsyncEnumerator.MoveNextAsync()
        Exception data:
          Severity: ERROR
          SqlState: 42703
          MessageText: column t.Value does not exist
          Position: 8
          File: parse_relation.c
          Line: 3721
          Routine: errorMissingColumn
      Npgsql.PostgresException (0x80004005): 42703: column t.Value does not exist
      
      POSITION: 8
         at Npgsql.Internal.NpgsqlConnector.ReadMessageLong(Boolean async, DataRowLoadingMode dataRowLoadingMode, Boolean readingNotifications, Boolean isReadingPrependedMessage)
         at System.Runtime.CompilerServices.PoolingAsyncValueTaskMethodBuilder`1.StateMachineBox`1.System.Threading.Tasks.Sources.IValueTaskSource<TResult>.GetResult(Int16 token)
         at Npgsql.NpgsqlDataReader.NextResult(Boolean async, Boolean isConsuming, CancellationToken cancellationToken)
         at Npgsql.NpgsqlDataReader.NextResult(Boolean async, Boolean isConsuming, CancellationToken cancellationToken)
         at Npgsql.NpgsqlCommand.ExecuteReader(Boolean async, CommandBehavior behavior, CancellationToken cancellationToken)
         at Npgsql.NpgsqlCommand.ExecuteReader(Boolean async, CommandBehavior behavior, CancellationToken cancellationToken)
         at Npgsql.NpgsqlCommand.ExecuteDbDataReaderAsync(CommandBehavior behavior, CancellationToken cancellationToken)
         at Microsoft.EntityFrameworkCore.Storage.RelationalCommand.ExecuteReaderAsync(RelationalCommandParameterObject parameterObject, CancellationToken cancellationToken)
         at Microsoft.EntityFrameworkCore.Storage.RelationalCommand.ExecuteReaderAsync(RelationalCommandParameterObject parameterObject, CancellationToken cancellationToken)
         at Microsoft.EntityFrameworkCore.Query.Internal.SingleQueryingEnumerable`1.AsyncEnumerator.InitializeReaderAsync(AsyncEnumerator enumerator, CancellationToken cancellationToken)
         at Npgsql.EntityFrameworkCore.PostgreSQL.Storage.Internal.NpgsqlExecutionStrategy.ExecuteAsync[TState,TResult](TState state, Func`4 operation, Func`4 verifySucceeded, CancellationToken cancellationToken)
         at Microsoft.EntityFrameworkCore.Query.Internal.SingleQueryingEnumerable`1.AsyncEnumerator.MoveNextAsync()
        Exception data:
          Severity: ERROR
          SqlState: 42703
          MessageText: column t.Value does not exist
          Position: 8
          File: parse_relation.c
          Line: 3721
          Routine: errorMissingColumn
fail: Microsoft.AspNetCore.Diagnostics.DeveloperExceptionPageMiddleware[1]
      An unhandled exception has occurred while executing the request.
      Npgsql.PostgresException (0x80004005): 42703: column t.Value does not exist
      
      POSITION: 8
         at Npgsql.Internal.NpgsqlConnector.ReadMessageLong(Boolean async, DataRowLoadingMode dataRowLoadingMode, Boolean readingNotifications, Boolean isReadingPrependedMessage)
         at System.Runtime.CompilerServices.PoolingAsyncValueTaskMethodBuilder`1.StateMachineBox`1.System.Threading.Tasks.Sources.IValueTaskSource<TResult>.GetResult(Int16 token)
         at Npgsql.NpgsqlDataReader.NextResult(Boolean async, Boolean isConsuming, CancellationToken cancellationToken)
         at Npgsql.NpgsqlDataReader.NextResult(Boolean async, Boolean isConsuming, CancellationToken cancellationToken)
         at Npgsql.NpgsqlCommand.ExecuteReader(Boolean async, CommandBehavior behavior, CancellationToken cancellationToken)
         at Npgsql.NpgsqlCommand.ExecuteReader(Boolean async, CommandBehavior behavior, CancellationToken cancellationToken)
         at Npgsql.NpgsqlCommand.ExecuteDbDataReaderAsync(CommandBehavior behavior, CancellationToken cancellationToken)
         at Microsoft.EntityFrameworkCore.Storage.RelationalCommand.ExecuteReaderAsync(RelationalCommandParameterObject parameterObject, CancellationToken cancellationToken)
         at Microsoft.EntityFrameworkCore.Storage.RelationalCommand.ExecuteReaderAsync(RelationalCommandParameterObject parameterObject, CancellationToken cancellationToken)
         at Microsoft.EntityFrameworkCore.Query.Internal.SingleQueryingEnumerable`1.AsyncEnumerator.InitializeReaderAsync(AsyncEnumerator enumerator, CancellationToken cancellationToken)
         at Npgsql.EntityFrameworkCore.PostgreSQL.Storage.Internal.NpgsqlExecutionStrategy.ExecuteAsync[TState,TResult](TState state, Func`4 operation, Func`4 verifySucceeded, CancellationToken cancellationToken)
         at Microsoft.EntityFrameworkCore.Query.Internal.SingleQueryingEnumerable`1.AsyncEnumerator.MoveNextAsync()
         at Microsoft.EntityFrameworkCore.Query.ShapedQueryCompilingExpressionVisitor.SingleAsync[TSource](IAsyncEnumerable`1 asyncEnumerable, CancellationToken cancellationToken)
         at Microsoft.EntityFrameworkCore.Query.ShapedQueryCompilingExpressionVisitor.SingleAsync[TSource](IAsyncEnumerable`1 asyncEnumerable, CancellationToken cancellationToken)
         at EFESMS.Api.Controllers.CustomersController.NextCustomerIdAsync() in C:\Users\hp\Documents\New folder\EXTREME FIRE SERVICES APPLICATION\backend\EFESMS.Api\Controllers\CustomersController.cs:line 333
         at EFESMS.Api.Controllers.CustomersController.Create(CustomerIn dto) in C:\Users\hp\Documents\New folder\EXTREME FIRE SERVICES APPLICATION\backend\EFESMS.Api\Controllers\CustomersController.cs:line 645
         at Microsoft.AspNetCore.Mvc.Infrastructure.ActionMethodExecutor.TaskOfIActionResultExecutor.Execute(ActionContext actionContext, IActionResultTypeMapper mapper, ObjectMethodExecutor executor, Object controller, Object[] arguments)
         at Microsoft.AspNetCore.Mvc.Infrastructure.ControllerActionInvoker.<InvokeActionMethodAsync>g__Awaited|12_0(ControllerActionInvoker invoker, ValueTask`1 actionResultValueTask)
         at Microsoft.AspNetCore.Mvc.Infrastructure.ControllerActionInvoker.<InvokeNextActionFilterAsync>g__Awaited|10_0(ControllerActionInvoker invoker, Task lastTask, State next, Scope scope, Object state, Boolean isCompleted)
         at Microsoft.AspNetCore.Mvc.Infrastructure.ControllerActionInvoker.Rethrow(ActionExecutedContextSealed context)
         at Microsoft.AspNetCore.Mvc.Infrastructure.ControllerActionInvoker.Next(State& next, Scope& scope, Object& state, Boolean& isCompleted)
         at Microsoft.AspNetCore.Mvc.Infrastructure.ControllerActionInvoker.<InvokeInnerFilterAsync>g__Awaited|13_0(ControllerActionInvoker invoker, Task lastTask, State next, Scope scope, Object state, Boolean isCompleted)
         at Microsoft.AspNetCore.Mvc.Infrastructure.ResourceInvoker.<InvokeFilterPipelineAsync>g__Awaited|20_0(ResourceInvoker invoker, Task lastTask, State next, Scope scope, Object state, Boolean isCompleted)
         at Microsoft.AspNetCore.Mvc.Infrastructure.ResourceInvoker.<InvokeAsync>g__Awaited|17_0(ResourceInvoker invoker, Task task, IDisposable scope)
         at Microsoft.AspNetCore.Mvc.Infrastructure.ResourceInvoker.<InvokeAsync>g__Awaited|17_0(ResourceInvoker invoker, Task task, IDisposable scope)
         at Microsoft.AspNetCore.Authorization.AuthorizationMiddleware.Invoke(HttpContext context)
         at Microsoft.AspNetCore.Authentication.AuthenticationMiddleware.Invoke(HttpContext context)
         at Swashbuckle.AspNetCore.SwaggerUI.SwaggerUIMiddleware.Invoke(HttpContext httpContext)
         at Swashbuckle.AspNetCore.Swagger.SwaggerMiddleware.Invoke(HttpContext httpContext, ISwaggerProvider swaggerProvider)
         at Microsoft.AspNetCore.Diagnostics.DeveloperExceptionPageMiddlewareImpl.Invoke(HttpContext context)
        Exception data:
          Severity: ERROR
          SqlState: 42703
          MessageText: column t.Value does not exist
          Position: 8
          File: parse_relation.c
          Line: 3721
          Routine: errorMissingColumn
info: Microsoft.EntityFrameworkCore.Database.Command[20101]
      Executed DbCommand (4ms) [Parameters=[], CommandType='Text', CommandTimeout='30']
      SELECT c."Id", c."AccountManager", c."AccountManagerUserId", c."AlternativeName", c."BillingAddress", c."Category", c."ContractEndDate", c."ContractRef", c."ContractStartDate", c."ContractStatus", c."ContractValue", c."CreatedAt", c."CreditInfo", c."CustomerId", c."CustomerSince", c."CustomerType", c."Email", c."LastServiceDate", c."LegalName", c."MergedAt", c."MergedIntoCustomerId", c."Name", c."NextServiceDate", c."Notes", c."PaymentTerms", c."Phone", c."PreferredContact", c."Priority", c."RegistrationNumber", c."ServiceFrequencyMonths", c."SpecialRequirements", c."Status", c."TinNumber", c."UpdatedAt", c."VatNumber", c."Website", c."WhatsApp", c0."Id", c0."CreatedAt", c0."CustomerId", c0."Email", c0."EmailConsent", c0."IsPrimary", c0."Name", c0."Phone", c0."PhoneConsent", c0."Role", c1."Id", c1."Address", c1."City", c1."ContactPerson", c1."CreatedAt", c1."CustomerId", c1."Email", c1."IsPrimary", c1."Name", c1."Notes", c1."Phone", c1."SiteType"
      FROM "Customers" AS c
      LEFT JOIN "CustomerContacts" AS c0 ON c."Id" = c0."CustomerId"
      LEFT JOIN "CustomerSites" AS c1 ON c."Id" = c1."CustomerId"
      WHERE c."MergedIntoCustomerId" IS NULL
      ORDER BY c."Id", c0."Id"
info: Microsoft.EntityFrameworkCore.Database.Command[20101]
      Executed DbCommand (11ms) [Parameters=[], CommandType='Text', CommandTimeout='30']
      SELECT c."Id", c."AccountManager", c."AccountManagerUserId", c."AlternativeName", c."BillingAddress", c."Category", c."ContractEndDate", c."ContractRef", c."ContractStartDate", c."ContractStatus", c."ContractValue", c."CreatedAt", c."CreditInfo", c."CustomerId", c."CustomerSince", c."CustomerType", c."Email", c."LastServiceDate", c."LegalName", c."MergedAt", c."MergedIntoCustomerId", c."Name", c."NextServiceDate", c."Notes", c."PaymentTerms", c."Phone", c."PreferredContact", c."Priority", c."RegistrationNumber", c."ServiceFrequencyMonths", c."SpecialRequirements", c."Status", c."TinNumber", c."UpdatedAt", c."VatNumber", c."Website", c."WhatsApp", c0."Id", c0."CreatedAt", c0."CustomerId", c0."Email", c0."EmailConsent", c0."IsPrimary", c0."Name", c0."Phone", c0."PhoneConsent", c0."Role", c1."Id", c1."Address", c1."City", c1."ContactPerson", c1."CreatedAt", c1."CustomerId", c1."Email", c1."IsPrimary", c1."Name", c1."Notes", c1."Phone", c1."SiteType"
      FROM "Customers" AS c
      LEFT JOIN "CustomerContacts" AS c0 ON c."Id" = c0."CustomerId"
      LEFT JOIN "CustomerSites" AS c1 ON c."Id" = c1."CustomerId"
      WHERE c."MergedIntoCustomerId" IS NULL
      ORDER BY c."Id", c0."Id"
fail: Microsoft.EntityFrameworkCore.Database.Command[20102]
      Failed executing DbCommand (30ms) [Parameters=[], CommandType='Text', CommandTimeout='30']
      SELECT t."Value"
      FROM (
          SELECT nextval('"CustomerNumberSequence"')
      ) AS t
      LIMIT 2
fail: Microsoft.EntityFrameworkCore.Query[10100]
      An exception occurred while iterating over the results of a query for context type 'EFESMS.Api.Data.AppDbContext'.
      Npgsql.PostgresException (0x80004005): 42703: column t.Value does not exist
      
      POSITION: 8
         at Npgsql.Internal.NpgsqlConnector.ReadMessageLong(Boolean async, DataRowLoadingMode dataRowLoadingMode, Boolean readingNotifications, Boolean isReadingPrependedMessage)
         at System.Runtime.CompilerServices.PoolingAsyncValueTaskMethodBuilder`1.StateMachineBox`1.System.Threading.Tasks.Sources.IValueTaskSource<TResult>.GetResult(Int16 token)
         at Npgsql.NpgsqlDataReader.NextResult(Boolean async, Boolean isConsuming, CancellationToken cancellationToken)
         at Npgsql.NpgsqlDataReader.NextResult(Boolean async, Boolean isConsuming, CancellationToken cancellationToken)
         at Npgsql.NpgsqlCommand.ExecuteReader(Boolean async, CommandBehavior behavior, CancellationToken cancellationToken)
         at Npgsql.NpgsqlCommand.ExecuteReader(Boolean async, CommandBehavior behavior, CancellationToken cancellationToken)
         at Npgsql.NpgsqlCommand.ExecuteDbDataReaderAsync(CommandBehavior behavior, CancellationToken cancellationToken)
         at Microsoft.EntityFrameworkCore.Storage.RelationalCommand.ExecuteReaderAsync(RelationalCommandParameterObject parameterObject, CancellationToken cancellationToken)
         at Microsoft.EntityFrameworkCore.Storage.RelationalCommand.ExecuteReaderAsync(RelationalCommandParameterObject parameterObject, CancellationToken cancellationToken)
         at Microsoft.EntityFrameworkCore.Query.Internal.SingleQueryingEnumerable`1.AsyncEnumerator.InitializeReaderAsync(AsyncEnumerator enumerator, CancellationToken cancellationToken)
         at Npgsql.EntityFrameworkCore.PostgreSQL.Storage.Internal.NpgsqlExecutionStrategy.ExecuteAsync[TState,TResult](TState state, Func`4 operation, Func`4 verifySucceeded, CancellationToken cancellationToken)
         at Microsoft.EntityFrameworkCore.Query.Internal.SingleQueryingEnumerable`1.AsyncEnumerator.MoveNextAsync()
        Exception data:
          Severity: ERROR
          SqlState: 42703
          MessageText: column t.Value does not exist
          Position: 8
          File: parse_relation.c
          Line: 3721
          Routine: errorMissingColumn
      Npgsql.PostgresException (0x80004005): 42703: column t.Value does not exist
      
      POSITION: 8
         at Npgsql.Internal.NpgsqlConnector.ReadMessageLong(Boolean async, DataRowLoadingMode dataRowLoadingMode, Boolean readingNotifications, Boolean isReadingPrependedMessage)
         at System.Runtime.CompilerServices.PoolingAsyncValueTaskMethodBuilder`1.StateMachineBox`1.System.Threading.Tasks.Sources.IValueTaskSource<TResult>.GetResult(Int16 token)
         at Npgsql.NpgsqlDataReader.NextResult(Boolean async, Boolean isConsuming, CancellationToken cancellationToken)
         at Npgsql.NpgsqlDataReader.NextResult(Boolean async, Boolean isConsuming, CancellationToken cancellationToken)
         at Npgsql.NpgsqlCommand.ExecuteReader(Boolean async, CommandBehavior behavior, CancellationToken cancellationToken)
         at Npgsql.NpgsqlCommand.ExecuteReader(Boolean async, CommandBehavior behavior, CancellationToken cancellationToken)
         at Npgsql.NpgsqlCommand.ExecuteDbDataReaderAsync(CommandBehavior behavior, CancellationToken cancellationToken)
         at Microsoft.EntityFrameworkCore.Storage.RelationalCommand.ExecuteReaderAsync(RelationalCommandParameterObject parameterObject, CancellationToken cancellationToken)
         at Microsoft.EntityFrameworkCore.Storage.RelationalCommand.ExecuteReaderAsync(RelationalCommandParameterObject parameterObject, CancellationToken cancellationToken)
         at Microsoft.EntityFrameworkCore.Query.Internal.SingleQueryingEnumerable`1.AsyncEnumerator.InitializeReaderAsync(AsyncEnumerator enumerator, CancellationToken cancellationToken)
         at Npgsql.EntityFrameworkCore.PostgreSQL.Storage.Internal.NpgsqlExecutionStrategy.ExecuteAsync[TState,TResult](TState state, Func`4 operation, Func`4 verifySucceeded, CancellationToken cancellationToken)
         at Microsoft.EntityFrameworkCore.Query.Internal.SingleQueryingEnumerable`1.AsyncEnumerator.MoveNextAsync()
        Exception data:
          Severity: ERROR
          SqlState: 42703
          MessageText: column t.Value does not exist
          Position: 8
          File: parse_relation.c
          Line: 3721
          Routine: errorMissingColumn
fail: Microsoft.AspNetCore.Diagnostics.DeveloperExceptionPageMiddleware[1]
      An unhandled exception has occurred while executing the request.
      Npgsql.PostgresException (0x80004005): 42703: column t.Value does not exist
      
      POSITION: 8
         at Npgsql.Internal.NpgsqlConnector.ReadMessageLong(Boolean async, DataRowLoadingMode dataRowLoadingMode, Boolean readingNotifications, Boolean isReadingPrependedMessage)
         at System.Runtime.CompilerServices.PoolingAsyncValueTaskMethodBuilder`1.StateMachineBox`1.System.Threading.Tasks.Sources.IValueTaskSource<TResult>.GetResult(Int16 token)
         at Npgsql.NpgsqlDataReader.NextResult(Boolean async, Boolean isConsuming, CancellationToken cancellationToken)
         at Npgsql.NpgsqlDataReader.NextResult(Boolean async, Boolean isConsuming, CancellationToken cancellationToken)
         at Npgsql.NpgsqlCommand.ExecuteReader(Boolean async, CommandBehavior behavior, CancellationToken cancellationToken)
         at Npgsql.NpgsqlCommand.ExecuteReader(Boolean async, CommandBehavior behavior, CancellationToken cancellationToken)
         at Npgsql.NpgsqlCommand.ExecuteDbDataReaderAsync(CommandBehavior behavior, CancellationToken cancellationToken)
         at Microsoft.EntityFrameworkCore.Storage.RelationalCommand.ExecuteReaderAsync(RelationalCommandParameterObject parameterObject, CancellationToken cancellationToken)
         at Microsoft.EntityFrameworkCore.Storage.RelationalCommand.ExecuteReaderAsync(RelationalCommandParameterObject parameterObject, CancellationToken cancellationToken)
         at Microsoft.EntityFrameworkCore.Query.Internal.SingleQueryingEnumerable`1.AsyncEnumerator.InitializeReaderAsync(AsyncEnumerator enumerator, CancellationToken cancellationToken)
         at Npgsql.EntityFrameworkCore.PostgreSQL.Storage.Internal.NpgsqlExecutionStrategy.ExecuteAsync[TState,TResult](TState state, Func`4 operation, Func`4 verifySucceeded, CancellationToken cancellationToken)
         at Microsoft.EntityFrameworkCore.Query.Internal.SingleQueryingEnumerable`1.AsyncEnumerator.MoveNextAsync()
         at Microsoft.EntityFrameworkCore.Query.ShapedQueryCompilingExpressionVisitor.SingleAsync[TSource](IAsyncEnumerable`1 asyncEnumerable, CancellationToken cancellationToken)
         at Microsoft.EntityFrameworkCore.Query.ShapedQueryCompilingExpressionVisitor.SingleAsync[TSource](IAsyncEnumerable`1 asyncEnumerable, CancellationToken cancellationToken)
         at EFESMS.Api.Controllers.CustomersController.NextCustomerIdAsync() in C:\Users\hp\Documents\New folder\EXTREME FIRE SERVICES APPLICATION\backend\EFESMS.Api\Controllers\CustomersController.cs:line 333
         at EFESMS.Api.Controllers.CustomersController.Create(CustomerIn dto) in C:\Users\hp\Documents\New folder\EXTREME FIRE SERVICES APPLICATION\backend\EFESMS.Api\Controllers\CustomersController.cs:line 645
         at Microsoft.AspNetCore.Mvc.Infrastructure.ActionMethodExecutor.TaskOfIActionResultExecutor.Execute(ActionContext actionContext, IActionResultTypeMapper mapper, ObjectMethodExecutor executor, Object controller, Object[] arguments)
         at Microsoft.AspNetCore.Mvc.Infrastructure.ControllerActionInvoker.<InvokeActionMethodAsync>g__Awaited|12_0(ControllerActionInvoker invoker, ValueTask`1 actionResultValueTask)
         at Microsoft.AspNetCore.Mvc.Infrastructure.ControllerActionInvoker.<InvokeNextActionFilterAsync>g__Awaited|10_0(ControllerActionInvoker invoker, Task lastTask, State next, Scope scope, Object state, Boolean isCompleted)
         at Microsoft.AspNetCore.Mvc.Infrastructure.ControllerActionInvoker.Rethrow(ActionExecutedContextSealed context)
         at Microsoft.AspNetCore.Mvc.Infrastructure.ControllerActionInvoker.Next(State& next, Scope& scope, Object& state, Boolean& isCompleted)
         at Microsoft.AspNetCore.Mvc.Infrastructure.ControllerActionInvoker.<InvokeInnerFilterAsync>g__Awaited|13_0(ControllerActionInvoker invoker, Task lastTask, State next, Scope scope, Object state, Boolean isCompleted)
         at Microsoft.AspNetCore.Mvc.Infrastructure.ResourceInvoker.<InvokeFilterPipelineAsync>g__Awaited|20_0(ResourceInvoker invoker, Task lastTask, State next, Scope scope, Object state, Boolean isCompleted)
         at Microsoft.AspNetCore.Mvc.Infrastructure.ResourceInvoker.<InvokeAsync>g__Awaited|17_0(ResourceInvoker invoker, Task task, IDisposable scope)
         at Microsoft.AspNetCore.Mvc.Infrastructure.ResourceInvoker.<InvokeAsync>g__Awaited|17_0(ResourceInvoker invoker, Task task, IDisposable scope)
         at Microsoft.AspNetCore.Authorization.AuthorizationMiddleware.Invoke(HttpContext context)
         at Microsoft.AspNetCore.Authentication.AuthenticationMiddleware.Invoke(HttpContext context)
         at Swashbuckle.AspNetCore.SwaggerUI.SwaggerUIMiddleware.Invoke(HttpContext httpContext)
         at Swashbuckle.AspNetCore.Swagger.SwaggerMiddleware.Invoke(HttpContext httpContext, ISwaggerProvider swaggerProvider)
         at Microsoft.AspNetCore.Diagnostics.DeveloperExceptionPageMiddlewareImpl.Invoke(HttpContext context)
        Exception data:
          Severity: ERROR
          SqlState: 42703
          MessageText: column t.Value does not exist
          Position: 8
          File: parse_relation.c
          Line: 3721
          Routine: errorMissingColumn
info: Microsoft.EntityFrameworkCore.Database.Command[20101]
      Executed DbCommand (11ms) [Parameters=[], CommandType='Text', CommandTimeout='30']
      SELECT t."Id", t."Available", t."CertificationExpiry", t."Certifications", t."CreatedAt", t."Email", t."HourlyRate", t."Latitude", t."Longitude", t."MaxConcurrentJobs", t."Name", t."Phone", t."Skills", t."Trade", t."Vehicle"
      FROM "Technicians" AS t
info: Microsoft.EntityFrameworkCore.Database.Command[20101]
      Executed DbCommand (68ms) [Parameters=[], CommandType='Text', CommandTimeout='30']
      SELECT j."Id", j."AssignedTechnicianId", j."CompletedAt", j."CreatedAt", j."CustomerId", j."Description", j."EquipmentId", j."EstimatedHours", j."JobNumber", j."JobType", j."Latitude", j."Longitude", j."Notes", j."PlannedEnd", j."PlannedStart", j."Priority", j."QuotedAmount", j."RequiredCertifications", j."RequiredSkills", j."SiteId", j."Status", j."Title"
      FROM "JobCards" AS j
      ORDER BY j."PlannedStart"
info: Microsoft.EntityFrameworkCore.Database.Command[20101]
      Executed DbCommand (1ms) [Parameters=[], CommandType='Text', CommandTimeout='30']
      SELECT t."Id", t."Available", t."CertificationExpiry", t."Certifications", t."CreatedAt", t."Email", t."HourlyRate", t."Latitude", t."Longitude", t."MaxConcurrentJobs", t."Name", t."Phone", t."Skills", t."Trade", t."Vehicle"
      FROM "Technicians" AS t
info: Microsoft.EntityFrameworkCore.Database.Command[20101]
      Executed DbCommand (7ms) [Parameters=[], CommandType='Text', CommandTimeout='30']
      SELECT j."Id", j."AssignedTechnicianId", j."CompletedAt", j."CreatedAt", j."CustomerId", j."Description", j."EquipmentId", j."EstimatedHours", j."JobNumber", j."JobType", j."Latitude", j."Longitude", j."Notes", j."PlannedEnd", j."PlannedStart", j."Priority", j."QuotedAmount", j."RequiredCertifications", j."RequiredSkills", j."SiteId", j."Status", j."Title"
      FROM "JobCards" AS j
      ORDER BY j."PlannedStart"
info: Microsoft.EntityFrameworkCore.Database.Command[20101]
      Executed DbCommand (38ms) [Parameters=[], CommandType='Text', CommandTimeout='30']
      SELECT t."Id", t."Name", t."Email", t."Phone", t."Trade", t."Vehicle", t."MaxConcurrentJobs", t."Available", t."Latitude", t."Longitude", t."Skills", t."Certifications", t."CertificationExpiry", t."HourlyRate"
      FROM "Technicians" AS t
      ORDER BY t."Name"
info: Microsoft.EntityFrameworkCore.Database.Command[20101]
      Executed DbCommand (14ms) [Parameters=[], CommandType='Text', CommandTimeout='30']
      SELECT t."Id", t."Name", t."Email", t."Phone", t."Trade", t."Vehicle", t."MaxConcurrentJobs", t."Available", t."Latitude", t."Longitude", t."Skills", t."Certifications", t."CertificationExpiry", t."HourlyRate"
      FROM "Technicians" AS t
      ORDER BY t."Name"
info: Microsoft.EntityFrameworkCore.Database.Command[20101]
      Executed DbCommand (1ms) [Parameters=[], CommandType='Text', CommandTimeout='30']
      SELECT t."Id", t."Available", t."CertificationExpiry", t."Certifications", t."CreatedAt", t."Email", t."HourlyRate", t."Latitude", t."Longitude", t."MaxConcurrentJobs", t."Name", t."Phone", t."Skills", t."Trade", t."Vehicle"
      FROM "Technicians" AS t
info: Microsoft.EntityFrameworkCore.Database.Command[20101]
      Executed DbCommand (4ms) [Parameters=[], CommandType='Text', CommandTimeout='30']
      SELECT j."Id", j."AssignedTechnicianId", j."CompletedAt", j."CreatedAt", j."CustomerId", j."Description", j."EquipmentId", j."EstimatedHours", j."JobNumber", j."JobType", j."Latitude", j."Longitude", j."Notes", j."PlannedEnd", j."PlannedStart", j."Priority", j."QuotedAmount", j."RequiredCertifications", j."RequiredSkills", j."SiteId", j."Status", j."Title"
      FROM "JobCards" AS j
info: Microsoft.EntityFrameworkCore.Database.Command[20101]
      Executed DbCommand (15ms) [Parameters=[], CommandType='Text', CommandTimeout='30']
      SELECT o."Id", o."AgentType", o."Category", o."ConditionRating", o."CreatedAt", o."CustomerId", o."EquipmentNumber", o."InstallationDate", o."LastInspectionDate", o."LastServiceDate", o."Latitude", o."LifeSpanMonths", o."Longitude", o."Make", o."ManufactureDate", o."Model", o."Name", o."NextServiceDue", o."SerialNumber", o."ServiceIntervalMonths", o."SiteId", o."Status"
      FROM "OpsEquipment" AS o
info: Microsoft.EntityFrameworkCore.Database.Command[20101]
      Executed DbCommand (3ms) [Parameters=[], CommandType='Text', CommandTimeout='30']
      SELECT c."Id", c."Address", c."City", c."ContactPerson", c."CreatedAt", c."CustomerId", c."Email", c."IsPrimary", c."Name", c."Notes", c."Phone", c."SiteType"
      FROM "CustomerSites" AS c
info: Microsoft.EntityFrameworkCore.Database.Command[20101]
      Executed DbCommand (13ms) [Parameters=[], CommandType='Text', CommandTimeout='30']
      SELECT i."Id", i."Category", i."CreatedAt", i."CurrentStock", i."CustomerName", i."LastReceivedDate", i."LastReceivedQty", i."LeadTimeDays", i."MonthlyUsage", i."Name", i."ReorderLevel", i."Unit", i."UnitCost"
      FROM "InventoryItems" AS i
info: Microsoft.EntityFrameworkCore.Database.Command[20101]
      Executed DbCommand (26ms) [Parameters=[], CommandType='Text', CommandTimeout='30']
      SELECT o."Id", o."Cost", o."CreatedAt", o."CustomerId", o."EquipmentId", o."Findings", o."InspectionDate", o."JobId", o."NextInspectionDue", o."Result", o."SiteId", o."TechnicianId"
      FROM "OpsInspections" AS o
info: Microsoft.EntityFrameworkCore.Database.Command[20101]
      Executed DbCommand (5ms) [Parameters=[], CommandType='Text', CommandTimeout='30']
      SELECT s."Id", s."CertificateNo", s."CreatedAt", s."CustomerId", s."DefectsFound", s."EquipmentAdded", s."EquipmentRemoved", s."EquipmentReplaced", s."EquipmentServiced", s."MaterialsUsed", s."Notes", s."Recommendations", s."ReportSentDate", s."ServiceDate", s."SiteId", s."Status", s."StickersUsed", s."Technician", s."UnitsServiced"
      FROM "ServiceRecords" AS s
info: Microsoft.EntityFrameworkCore.Database.Command[20101]
      Executed DbCommand (11ms) [Parameters=[], CommandType='Text', CommandTimeout='30']
      SELECT o."Id", o."AgentAmountKg", o."AgentType", o."Cost", o."CreatedAt", o."CustomerId", o."EquipmentId", o."JobId", o."Notes", o."RefillDate", o."SiteId", o."TechnicianId"
      FROM "OpsRefills" AS o
info: Microsoft.EntityFrameworkCore.Database.Command[20101]
      Executed DbCommand (10ms) [Parameters=[], CommandType='Text', CommandTimeout='30']
      SELECT o."Id", o."Cost", o."CreatedAt", o."CustomerId", o."EquipmentId", o."Findings", o."JobId", o."SiteId", o."TechnicianId", o."WorkDate", o."WorkType"
      FROM "OpsMaintenance" AS o
info: Microsoft.EntityFrameworkCore.Database.Command[20101]
      Executed DbCommand (8ms) [Parameters=[], CommandType='Text', CommandTimeout='30']
      SELECT o."Id", o."CreatedAt", o."ExpiryDate", o."Name", o."TechnicianId"
      FROM "OpsCertifications" AS o
info: Microsoft.EntityFrameworkCore.Database.Command[20101]
      Executed DbCommand (4ms) [Parameters=[], CommandType='Text', CommandTimeout='30']
      SELECT o."Id", o."Amount", o."CreatedAt", o."CustomerId", o."DueDate", o."InvoiceNumber", o."IssueDate", o."PaidDate", o."Status"
      FROM "OpsInvoices" AS o
info: Microsoft.EntityFrameworkCore.Database.Command[20101]
      Executed DbCommand (16ms) [Parameters=[], CommandType='Text', CommandTimeout='30']
      SELECT t."Id", t."Available", t."CertificationExpiry", t."Certifications", t."CreatedAt", t."Email", t."HourlyRate", t."Latitude", t."Longitude", t."MaxConcurrentJobs", t."Name", t."Phone", t."Skills", t."Trade", t."Vehicle"
      FROM "Technicians" AS t
info: Microsoft.EntityFrameworkCore.Database.Command[20101]
      Executed DbCommand (2ms) [Parameters=[], CommandType='Text', CommandTimeout='30']
      SELECT j."Id", j."AssignedTechnicianId", j."CompletedAt", j."CreatedAt", j."CustomerId", j."Description", j."EquipmentId", j."EstimatedHours", j."JobNumber", j."JobType", j."Latitude", j."Longitude", j."Notes", j."PlannedEnd", j."PlannedStart", j."Priority", j."QuotedAmount", j."RequiredCertifications", j."RequiredSkills", j."SiteId", j."Status", j."Title"
      FROM "JobCards" AS j
info: Microsoft.EntityFrameworkCore.Database.Command[20101]
      Executed DbCommand (2ms) [Parameters=[], CommandType='Text', CommandTimeout='30']
      SELECT o."Id", o."AgentType", o."Category", o."ConditionRating", o."CreatedAt", o."CustomerId", o."EquipmentNumber", o."InstallationDate", o."LastInspectionDate", o."LastServiceDate", o."Latitude", o."LifeSpanMonths", o."Longitude", o."Make", o."ManufactureDate", o."Model", o."Name", o."NextServiceDue", o."SerialNumber", o."ServiceIntervalMonths", o."SiteId", o."Status"
      FROM "OpsEquipment" AS o
info: Microsoft.EntityFrameworkCore.Database.Command[20101]
      Executed DbCommand (6ms) [Parameters=[], CommandType='Text', CommandTimeout='30']
      SELECT c."Id", c."Address", c."City", c."ContactPerson", c."CreatedAt", c."CustomerId", c."Email", c."IsPrimary", c."Name", c."Notes", c."Phone", c."SiteType"
      FROM "CustomerSites" AS c
info: Microsoft.EntityFrameworkCore.Database.Command[20101]
      Executed DbCommand (8ms) [Parameters=[], CommandType='Text', CommandTimeout='30']
      SELECT i."Id", i."Category", i."CreatedAt", i."CurrentStock", i."CustomerName", i."LastReceivedDate", i."LastReceivedQty", i."LeadTimeDays", i."MonthlyUsage", i."Name", i."ReorderLevel", i."Unit", i."UnitCost"
      FROM "InventoryItems" AS i
info: Microsoft.EntityFrameworkCore.Database.Command[20101]
      Executed DbCommand (2ms) [Parameters=[], CommandType='Text', CommandTimeout='30']
      SELECT o."Id", o."Cost", o."CreatedAt", o."CustomerId", o."EquipmentId", o."Findings", o."InspectionDate", o."JobId", o."NextInspectionDue", o."Result", o."SiteId", o."TechnicianId"
      FROM "OpsInspections" AS o
info: Microsoft.EntityFrameworkCore.Database.Command[20101]
      Executed DbCommand (5ms) [Parameters=[], CommandType='Text', CommandTimeout='30']
      SELECT s."Id", s."CertificateNo", s."CreatedAt", s."CustomerId", s."DefectsFound", s."EquipmentAdded", s."EquipmentRemoved", s."EquipmentReplaced", s."EquipmentServiced", s."MaterialsUsed", s."Notes", s."Recommendations", s."ReportSentDate", s."ServiceDate", s."SiteId", s."Status", s."StickersUsed", s."Technician", s."UnitsServiced"
      FROM "ServiceRecords" AS s
info: Microsoft.EntityFrameworkCore.Database.Command[20101]
      Executed DbCommand (17ms) [Parameters=[], CommandType='Text', CommandTimeout='30']
      SELECT o."Id", o."AgentAmountKg", o."AgentType", o."Cost", o."CreatedAt", o."CustomerId", o."EquipmentId", o."JobId", o."Notes", o."RefillDate", o."SiteId", o."TechnicianId"
      FROM "OpsRefills" AS o
info: Microsoft.EntityFrameworkCore.Database.Command[20101]
      Executed DbCommand (2ms) [Parameters=[], CommandType='Text', CommandTimeout='30']
      SELECT o."Id", o."Cost", o."CreatedAt", o."CustomerId", o."EquipmentId", o."Findings", o."JobId", o."SiteId", o."TechnicianId", o."WorkDate", o."WorkType"
      FROM "OpsMaintenance" AS o
info: Microsoft.EntityFrameworkCore.Database.Command[20101]
      Executed DbCommand (3ms) [Parameters=[], CommandType='Text', CommandTimeout='30']
      SELECT o."Id", o."CreatedAt", o."ExpiryDate", o."Name", o."TechnicianId"
      FROM "OpsCertifications" AS o
info: Microsoft.EntityFrameworkCore.Database.Command[20101]
      Executed DbCommand (10ms) [Parameters=[], CommandType='Text', CommandTimeout='30']
      SELECT o."Id", o."Amount", o."CreatedAt", o."CustomerId", o."DueDate", o."InvoiceNumber", o."IssueDate", o."PaidDate", o."Status"
      FROM "OpsInvoices" AS o
fail: Microsoft.EntityFrameworkCore.Database.Command[20102]
      Failed executing DbCommand (45ms) [Parameters=[], CommandType='Text', CommandTimeout='30']
      SELECT t."Value"
      FROM (
          SELECT nextval('"JobNumberSequence"')
      ) AS t
      LIMIT 2
fail: Microsoft.EntityFrameworkCore.Query[10100]
      An exception occurred while iterating over the results of a query for context type 'EFESMS.Api.Data.AppDbContext'.
      Npgsql.PostgresException (0x80004005): 42703: column t.Value does not exist
      
      POSITION: 8
         at Npgsql.Internal.NpgsqlConnector.ReadMessageLong(Boolean async, DataRowLoadingMode dataRowLoadingMode, Boolean readingNotifications, Boolean isReadingPrependedMessage)
         at System.Runtime.CompilerServices.PoolingAsyncValueTaskMethodBuilder`1.StateMachineBox`1.System.Threading.Tasks.Sources.IValueTaskSource<TResult>.GetResult(Int16 token)
         at Npgsql.NpgsqlDataReader.NextResult(Boolean async, Boolean isConsuming, CancellationToken cancellationToken)
         at Npgsql.NpgsqlDataReader.NextResult(Boolean async, Boolean isConsuming, CancellationToken cancellationToken)
         at Npgsql.NpgsqlCommand.ExecuteReader(Boolean async, CommandBehavior behavior, CancellationToken cancellationToken)
         at Npgsql.NpgsqlCommand.ExecuteReader(Boolean async, CommandBehavior behavior, CancellationToken cancellationToken)
         at Npgsql.NpgsqlCommand.ExecuteDbDataReaderAsync(CommandBehavior behavior, CancellationToken cancellationToken)
         at Microsoft.EntityFrameworkCore.Storage.RelationalCommand.ExecuteReaderAsync(RelationalCommandParameterObject parameterObject, CancellationToken cancellationToken)
         at Microsoft.EntityFrameworkCore.Storage.RelationalCommand.ExecuteReaderAsync(RelationalCommandParameterObject parameterObject, CancellationToken cancellationToken)
         at Microsoft.EntityFrameworkCore.Query.Internal.SingleQueryingEnumerable`1.AsyncEnumerator.InitializeReaderAsync(AsyncEnumerator enumerator, CancellationToken cancellationToken)
         at Npgsql.EntityFrameworkCore.PostgreSQL.Storage.Internal.NpgsqlExecutionStrategy.ExecuteAsync[TState,TResult](TState state, Func`4 operation, Func`4 verifySucceeded, CancellationToken cancellationToken)
         at Microsoft.EntityFrameworkCore.Query.Internal.SingleQueryingEnumerable`1.AsyncEnumerator.MoveNextAsync()
        Exception data:
          Severity: ERROR
          SqlState: 42703
          MessageText: column t.Value does not exist
          Position: 8
          File: parse_relation.c
          Line: 3721
          Routine: errorMissingColumn
      Npgsql.PostgresException (0x80004005): 42703: column t.Value does not exist
      
      POSITION: 8
         at Npgsql.Internal.NpgsqlConnector.ReadMessageLong(Boolean async, DataRowLoadingMode dataRowLoadingMode, Boolean readingNotifications, Boolean isReadingPrependedMessage)
         at System.Runtime.CompilerServices.PoolingAsyncValueTaskMethodBuilder`1.StateMachineBox`1.System.Threading.Tasks.Sources.IValueTaskSource<TResult>.GetResult(Int16 token)
         at Npgsql.NpgsqlDataReader.NextResult(Boolean async, Boolean isConsuming, CancellationToken cancellationToken)
         at Npgsql.NpgsqlDataReader.NextResult(Boolean async, Boolean isConsuming, CancellationToken cancellationToken)
         at Npgsql.NpgsqlCommand.ExecuteReader(Boolean async, CommandBehavior behavior, CancellationToken cancellationToken)
         at Npgsql.NpgsqlCommand.ExecuteReader(Boolean async, CommandBehavior behavior, CancellationToken cancellationToken)
         at Npgsql.NpgsqlCommand.ExecuteDbDataReaderAsync(CommandBehavior behavior, CancellationToken cancellationToken)
         at Microsoft.EntityFrameworkCore.Storage.RelationalCommand.ExecuteReaderAsync(RelationalCommandParameterObject parameterObject, CancellationToken cancellationToken)
         at Microsoft.EntityFrameworkCore.Storage.RelationalCommand.ExecuteReaderAsync(RelationalCommandParameterObject parameterObject, CancellationToken cancellationToken)
         at Microsoft.EntityFrameworkCore.Query.Internal.SingleQueryingEnumerable`1.AsyncEnumerator.InitializeReaderAsync(AsyncEnumerator enumerator, CancellationToken cancellationToken)
         at Npgsql.EntityFrameworkCore.PostgreSQL.Storage.Internal.NpgsqlExecutionStrategy.ExecuteAsync[TState,TResult](TState state, Func`4 operation, Func`4 verifySucceeded, CancellationToken cancellationToken)
         at Microsoft.EntityFrameworkCore.Query.Internal.SingleQueryingEnumerable`1.AsyncEnumerator.MoveNextAsync()
        Exception data:
          Severity: ERROR
          SqlState: 42703
          MessageText: column t.Value does not exist
          Position: 8
          File: parse_relation.c
          Line: 3721
          Routine: errorMissingColumn
fail: Microsoft.AspNetCore.Diagnostics.DeveloperExceptionPageMiddleware[1]
      An unhandled exception has occurred while executing the request.
      Npgsql.PostgresException (0x80004005): 42703: column t.Value does not exist
      
      POSITION: 8
         at Npgsql.Internal.NpgsqlConnector.ReadMessageLong(Boolean async, DataRowLoadingMode dataRowLoadingMode, Boolean readingNotifications, Boolean isReadingPrependedMessage)
         at System.Runtime.CompilerServices.PoolingAsyncValueTaskMethodBuilder`1.StateMachineBox`1.System.Threading.Tasks.Sources.IValueTaskSource<TResult>.GetResult(Int16 token)
         at Npgsql.NpgsqlDataReader.NextResult(Boolean async, Boolean isConsuming, CancellationToken cancellationToken)
         at Npgsql.NpgsqlDataReader.NextResult(Boolean async, Boolean isConsuming, CancellationToken cancellationToken)
         at Npgsql.NpgsqlCommand.ExecuteReader(Boolean async, CommandBehavior behavior, CancellationToken cancellationToken)
         at Npgsql.NpgsqlCommand.ExecuteReader(Boolean async, CommandBehavior behavior, CancellationToken cancellationToken)
         at Npgsql.NpgsqlCommand.ExecuteDbDataReaderAsync(CommandBehavior behavior, CancellationToken cancellationToken)
         at Microsoft.EntityFrameworkCore.Storage.RelationalCommand.ExecuteReaderAsync(RelationalCommandParameterObject parameterObject, CancellationToken cancellationToken)
         at Microsoft.EntityFrameworkCore.Storage.RelationalCommand.ExecuteReaderAsync(RelationalCommandParameterObject parameterObject, CancellationToken cancellationToken)
         at Microsoft.EntityFrameworkCore.Query.Internal.SingleQueryingEnumerable`1.AsyncEnumerator.InitializeReaderAsync(AsyncEnumerator enumerator, CancellationToken cancellationToken)
         at Npgsql.EntityFrameworkCore.PostgreSQL.Storage.Internal.NpgsqlExecutionStrategy.ExecuteAsync[TState,TResult](TState state, Func`4 operation, Func`4 verifySucceeded, CancellationToken cancellationToken)
         at Microsoft.EntityFrameworkCore.Query.Internal.SingleQueryingEnumerable`1.AsyncEnumerator.MoveNextAsync()
         at Microsoft.EntityFrameworkCore.Query.ShapedQueryCompilingExpressionVisitor.SingleAsync[TSource](IAsyncEnumerable`1 asyncEnumerable, CancellationToken cancellationToken)
         at Microsoft.EntityFrameworkCore.Query.ShapedQueryCompilingExpressionVisitor.SingleAsync[TSource](IAsyncEnumerable`1 asyncEnumerable, CancellationToken cancellationToken)
         at EFESMS.Api.Controllers.OperationsController.CreateJob(JobIn dto) in C:\Users\hp\Documents\New folder\EXTREME FIRE SERVICES APPLICATION\backend\EFESMS.Api\Controllers\OperationsController.cs:line 163
         at Microsoft.AspNetCore.Mvc.Infrastructure.ActionMethodExecutor.TaskOfIActionResultExecutor.Execute(ActionContext actionContext, IActionResultTypeMapper mapper, ObjectMethodExecutor executor, Object controller, Object[] arguments)
         at Microsoft.AspNetCore.Mvc.Infrastructure.ControllerActionInvoker.<InvokeActionMethodAsync>g__Awaited|12_0(ControllerActionInvoker invoker, ValueTask`1 actionResultValueTask)
         at Microsoft.AspNetCore.Mvc.Infrastructure.ControllerActionInvoker.<InvokeNextActionFilterAsync>g__Awaited|10_0(ControllerActionInvoker invoker, Task lastTask, State next, Scope scope, Object state, Boolean isCompleted)
         at Microsoft.AspNetCore.Mvc.Infrastructure.ControllerActionInvoker.Rethrow(ActionExecutedContextSealed context)
         at Microsoft.AspNetCore.Mvc.Infrastructure.ControllerActionInvoker.Next(State& next, Scope& scope, Object& state, Boolean& isCompleted)
         at Microsoft.AspNetCore.Mvc.Infrastructure.ControllerActionInvoker.<InvokeInnerFilterAsync>g__Awaited|13_0(ControllerActionInvoker invoker, Task lastTask, State next, Scope scope, Object state, Boolean isCompleted)
         at Microsoft.AspNetCore.Mvc.Infrastructure.ResourceInvoker.<InvokeFilterPipelineAsync>g__Awaited|20_0(ResourceInvoker invoker, Task lastTask, State next, Scope scope, Object state, Boolean isCompleted)
         at Microsoft.AspNetCore.Mvc.Infrastructure.ResourceInvoker.<InvokeAsync>g__Awaited|17_0(ResourceInvoker invoker, Task task, IDisposable scope)
         at Microsoft.AspNetCore.Mvc.Infrastructure.ResourceInvoker.<InvokeAsync>g__Awaited|17_0(ResourceInvoker invoker, Task task, IDisposable scope)
         at Microsoft.AspNetCore.Authorization.AuthorizationMiddleware.Invoke(HttpContext context)
         at Microsoft.AspNetCore.Authentication.AuthenticationMiddleware.Invoke(HttpContext context)
         at Swashbuckle.AspNetCore.SwaggerUI.SwaggerUIMiddleware.Invoke(HttpContext httpContext)
         at Swashbuckle.AspNetCore.Swagger.SwaggerMiddleware.Invoke(HttpContext httpContext, ISwaggerProvider swaggerProvider)
         at Microsoft.AspNetCore.Diagnostics.DeveloperExceptionPageMiddlewareImpl.Invoke(HttpContext context)
        Exception data:
          Severity: ERROR
          SqlState: 42703
          MessageText: column t.Value does not exist
          Position: 8
          File: parse_relation.c
          Line: 3721
          Routine: errorMissingColumn
