info: Microsoft.EntityFrameworkCore.Database.Command[20101]
      Executed DbCommand (206ms) [Parameters=[], CommandType='Text', CommandTimeout='30']
      SELECT CASE WHEN COUNT(*) = 0 THEN FALSE ELSE TRUE END
FROM pg_class AS cls
JOIN pg_namespace AS ns ON ns.oid = cls.relnamespace
WHERE
        cls.relkind IN ('r', 'v', 'm', 'f', 'p') AND
        ns.nspname NOT IN ('pg_catalog', 'information_schema') AND
        -- Exclude tables which are members of PG extensions
        NOT EXISTS (
            SELECT 1 FROM pg_depend WHERE
                classid=(
                    SELECT cls.oid
                    FROM pg_class AS cls
                             JOIN pg_namespace AS ns ON ns.oid = cls.relnamespace
                    WHERE relname='pg_class' AND ns.nspname='pg_catalog'
                ) AND
                objid=cls.oid AND
                deptype IN ('e', 'x')
        )
info: Microsoft.EntityFrameworkCore.Database.Command[20101]
      Executed DbCommand (6ms) [Parameters=[], CommandType='Text', CommandTimeout='30']
      SELECT u."Id", u."CreatedAt", u."Department", u."DisplayName", u."Email", u."IsActive", u."PasswordHash", u."Role", u."Username"
      FROM "Users" AS u
      WHERE u."Username" = 'admin'
      LIMIT 1
info: Microsoft.EntityFrameworkCore.Database.Command[20101]
      Executed DbCommand (51ms) [Parameters=[@__su_Username_0='?'], CommandType='Text', CommandTimeout='30']
      SELECT u."Id", u."CreatedAt", u."Department", u."DisplayName", u."Email", u."IsActive", u."PasswordHash", u."Role", u."Username"
      FROM "Users" AS u
      WHERE u."Username" = @__su_Username_0
      LIMIT 1
info: Microsoft.EntityFrameworkCore.Database.Command[20101]
      Executed DbCommand (3ms) [Parameters=[@__su_Username_0='?'], CommandType='Text', CommandTimeout='30']
      SELECT u."Id", u."CreatedAt", u."Department", u."DisplayName", u."Email", u."IsActive", u."PasswordHash", u."Role", u."Username"
      FROM "Users" AS u
      WHERE u."Username" = @__su_Username_0
      LIMIT 1
info: Microsoft.EntityFrameworkCore.Database.Command[20101]
      Executed DbCommand (1ms) [Parameters=[@__su_Username_0='?'], CommandType='Text', CommandTimeout='30']
      SELECT u."Id", u."CreatedAt", u."Department", u."DisplayName", u."Email", u."IsActive", u."PasswordHash", u."Role", u."Username"
      FROM "Users" AS u
      WHERE u."Username" = @__su_Username_0
      LIMIT 1
info: Microsoft.EntityFrameworkCore.Database.Command[20101]
      Executed DbCommand (1ms) [Parameters=[@__su_Username_0='?'], CommandType='Text', CommandTimeout='30']
      SELECT u."Id", u."CreatedAt", u."Department", u."DisplayName", u."Email", u."IsActive", u."PasswordHash", u."Role", u."Username"
      FROM "Users" AS u
      WHERE u."Username" = @__su_Username_0
      LIMIT 1
info: Microsoft.EntityFrameworkCore.Database.Command[20101]
      Executed DbCommand (33ms) [Parameters=[@p1='?' (DbType = Int32), @p0='?', @p3='?' (DbType = Int32), @p2='?', @p5='?' (DbType = Int32), @p4='?', @p7='?' (DbType = Int32), @p6='?', @p9='?' (DbType = Int32), @p8='?'], CommandType='Text', CommandTimeout='30']
      UPDATE "Users" SET "PasswordHash" = @p0
      WHERE "Id" = @p1;
      UPDATE "Users" SET "PasswordHash" = @p2
      WHERE "Id" = @p3;
      UPDATE "Users" SET "PasswordHash" = @p4
      WHERE "Id" = @p5;
      UPDATE "Users" SET "PasswordHash" = @p6
      WHERE "Id" = @p7;
      UPDATE "Users" SET "PasswordHash" = @p8
      WHERE "Id" = @p9;
warn: Microsoft.AspNetCore.StaticFiles.StaticFileMiddleware[16]
      The WebRootPath was not found: C:\Users\hp\Documents\New folder\EXTREME FIRE SERVICES APPLICATION\backend\EFESMS.Api\bin\Debug\net8.0\wwwroot. Static files may be unavailable.
info: Microsoft.Hosting.Lifetime[14]
      Now listening on: http://0.0.0.0:3001
info: Microsoft.Hosting.Lifetime[0]
      Application started. Press Ctrl+C to shut down.
info: Microsoft.Hosting.Lifetime[0]
      Hosting environment: Production
info: Microsoft.Hosting.Lifetime[0]
      Content root path: C:\Users\hp\Documents\New folder\EXTREME FIRE SERVICES APPLICATION\backend\EFESMS.Api\bin\Debug\net8.0
info: Microsoft.EntityFrameworkCore.Database.Command[20101]
      Executed DbCommand (43ms) [Parameters=[@__ToLower_0='?', @__ToLower_0_1='?'], CommandType='Text', CommandTimeout='30']
      SELECT u."Id", u."CreatedAt", u."Department", u."DisplayName", u."Email", u."IsActive", u."PasswordHash", u."Role", u."Username"
      FROM "Users" AS u
      WHERE lower(u."Username") = @__ToLower_0 OR lower(u."Email") = @__ToLower_0_1
      LIMIT 1
info: Microsoft.EntityFrameworkCore.Database.Command[20101]
      Executed DbCommand (28ms) [Parameters=[@__ToLower_0='?', @__ToLower_0_1='?'], CommandType='Text', CommandTimeout='30']
      SELECT u."Id", u."CreatedAt", u."Department", u."DisplayName", u."Email", u."IsActive", u."PasswordHash", u."Role", u."Username"
      FROM "Users" AS u
      WHERE lower(u."Username") = @__ToLower_0 OR lower(u."Email") = @__ToLower_0_1
      LIMIT 1
info: Microsoft.EntityFrameworkCore.Database.Command[20101]
      Executed DbCommand (1ms) [Parameters=[@__ToLower_0='?', @__ToLower_0_1='?'], CommandType='Text', CommandTimeout='30']
      SELECT u."Id", u."CreatedAt", u."Department", u."DisplayName", u."Email", u."IsActive", u."PasswordHash", u."Role", u."Username"
      FROM "Users" AS u
      WHERE lower(u."Username") = @__ToLower_0 OR lower(u."Email") = @__ToLower_0_1
      LIMIT 1
info: Microsoft.EntityFrameworkCore.Database.Command[20101]
      Executed DbCommand (3ms) [Parameters=[@__ToLower_0='?', @__ToLower_0_1='?'], CommandType='Text', CommandTimeout='30']
      SELECT u."Id", u."CreatedAt", u."Department", u."DisplayName", u."Email", u."IsActive", u."PasswordHash", u."Role", u."Username"
      FROM "Users" AS u
      WHERE lower(u."Username") = @__ToLower_0 OR lower(u."Email") = @__ToLower_0_1
      LIMIT 1
warn: Microsoft.EntityFrameworkCore.Query[20504]
      Compiling a query which loads related collections for more than one collection navigation, either via 'Include' or through projection, but no 'QuerySplittingBehavior' has been configured. By default, Entity Framework will use 'QuerySplittingBehavior.SingleQuery', which can potentially result in slow query performance. See https://go.microsoft.com/fwlink/?linkid=2134277 for more information. To identify the query that's triggering this warning call 'ConfigureWarnings(w => w.Throw(RelationalEventId.MultipleCollectionIncludeWarning))'.
info: Microsoft.EntityFrameworkCore.Database.Command[20101]
      Executed DbCommand (8ms) [Parameters=[], CommandType='Text', CommandTimeout='30']
      SELECT c."Id", c."AccountManager", c."AccountManagerUserId", c."AlternativeName", c."BillingAddress", c."Category", c."ContractEndDate", c."ContractRef", c."ContractStartDate", c."ContractStatus", c."ContractValue", c."CreatedAt", c."CreditInfo", c."CustomerId", c."CustomerSince", c."CustomerType", c."Email", c."LastServiceDate", c."LegalName", c."MergedAt", c."MergedIntoCustomerId", c."Name", c."NextServiceDate", c."Notes", c."PaymentTerms", c."Phone", c."PreferredContact", c."Priority", c."RegistrationNumber", c."ServiceFrequencyMonths", c."SpecialRequirements", c."Status", c."TinNumber", c."UpdatedAt", c."VatNumber", c."Website", c."WhatsApp", c0."Id", c0."CreatedAt", c0."CustomerId", c0."Email", c0."EmailConsent", c0."IsPrimary", c0."Name", c0."Phone", c0."PhoneConsent", c0."Role", c1."Id", c1."Address", c1."City", c1."ContactPerson", c1."CreatedAt", c1."CustomerId", c1."Email", c1."IsPrimary", c1."Name", c1."Notes", c1."Phone", c1."SiteType"
      FROM "Customers" AS c
      LEFT JOIN "CustomerContacts" AS c0 ON c."Id" = c0."CustomerId"
      LEFT JOIN "CustomerSites" AS c1 ON c."Id" = c1."CustomerId"
      WHERE c."MergedIntoCustomerId" IS NULL
      ORDER BY c."Id", c0."Id"
info: Microsoft.EntityFrameworkCore.Database.Command[20101]
      Executed DbCommand (1ms) [Parameters=[], CommandType='Text', CommandTimeout='30']
      SELECT c."CustomerId"
      FROM "Customers" AS c
      ORDER BY c."Id" DESC
      LIMIT 1
info: Microsoft.EntityFrameworkCore.Database.Command[20101]
      Executed DbCommand (27ms) [Parameters=[@p0='?', @p1='?' (DbType = Int32), @p2='?', @p3='?', @p4='?', @p5='?' (DbType = DateTime), @p6='?', @p7='?' (DbType = DateTime), @p8='?', @p9='?' (DbType = Decimal), @p10='?' (DbType = DateTime), @p11='?', @p12='?', @p13='?' (DbType = DateTime), @p14='?' (DbType = Int32), @p15='?', @p16='?' (DbType = DateTime), @p17='?', @p18='?' (DbType = DateTime), @p19='?', @p20='?', @p21='?' (DbType = DateTime), @p22='?', @p23='?', @p24='?', @p25='?' (DbType = Int32), @p26='?' (DbType = Int32), @p27='?', @p28='?' (DbType = Int32), @p29='?', @p30='?' (DbType = Int32), @p31='?', @p32='?' (DbType = DateTime), @p33='?', @p34='?', @p35='?'], CommandType='Text', CommandTimeout='30']
      INSERT INTO "Customers" ("AccountManager", "AccountManagerUserId", "AlternativeName", "BillingAddress", "Category", "ContractEndDate", "ContractRef", "ContractStartDate", "ContractStatus", "ContractValue", "CreatedAt", "CreditInfo", "CustomerId", "CustomerSince", "CustomerType", "Email", "LastServiceDate", "LegalName", "MergedAt", "MergedIntoCustomerId", "Name", "NextServiceDate", "Notes", "PaymentTerms", "Phone", "PreferredContact", "Priority", "RegistrationNumber", "ServiceFrequencyMonths", "SpecialRequirements", "Status", "TinNumber", "UpdatedAt", "VatNumber", "Website", "WhatsApp")
      VALUES (@p0, @p1, @p2, @p3, @p4, @p5, @p6, @p7, @p8, @p9, @p10, @p11, @p12, @p13, @p14, @p15, @p16, @p17, @p18, @p19, @p20, @p21, @p22, @p23, @p24, @p25, @p26, @p27, @p28, @p29, @p30, @p31, @p32, @p33, @p34, @p35)
      RETURNING "Id";
info: Microsoft.EntityFrameworkCore.Database.Command[20101]
      Executed DbCommand (10ms) [Parameters=[@p36='?', @p37='?', @p38='?' (DbType = DateTime), @p39='?' (DbType = Int32), @p40='?'], CommandType='Text', CommandTimeout='30']
      INSERT INTO "CustomerActivities" ("Action", "Actor", "CreatedAt", "CustomerId", "Details")
      VALUES (@p36, @p37, @p38, @p39, @p40)
      RETURNING "Id";
info: Microsoft.EntityFrameworkCore.Database.Command[20101]
      Executed DbCommand (4ms) [Parameters=[@p0='?', @p1='?', @p2='?' (DbType = DateTime), @p3='?' (DbType = Int32), @p4='?', @p5='?', @p6='?', @p7='?', @p8='?'], CommandType='Text', CommandTimeout='30']
      INSERT INTO "FieldAudits" ("After", "Before", "CreatedAt", "CustomerId", "Department", "Field", "Reason", "Role", "UserName")
      VALUES (@p0, @p1, @p2, @p3, @p4, @p5, @p6, @p7, @p8)
      RETURNING "Id";
warn: Microsoft.EntityFrameworkCore.Query[20504]
      Compiling a query which loads related collections for more than one collection navigation, either via 'Include' or through projection, but no 'QuerySplittingBehavior' has been configured. By default, Entity Framework will use 'QuerySplittingBehavior.SingleQuery', which can potentially result in slow query performance. See https://go.microsoft.com/fwlink/?linkid=2134277 for more information. To identify the query that's triggering this warning call 'ConfigureWarnings(w => w.Throw(RelationalEventId.MultipleCollectionIncludeWarning))'.
info: Microsoft.EntityFrameworkCore.Database.Command[20101]
      Executed DbCommand (3ms) [Parameters=[@__customer_Id_0='?' (DbType = Int32)], CommandType='Text', CommandTimeout='30']
      SELECT t."Id", t."AccountManager", t."AccountManagerUserId", t."AlternativeName", t."BillingAddress", t."Category", t."ContractEndDate", t."ContractRef", t."ContractStartDate", t."ContractStatus", t."ContractValue", t."CreatedAt", t."CreditInfo", t."CustomerId", t."CustomerSince", t."CustomerType", t."Email", t."LastServiceDate", t."LegalName", t."MergedAt", t."MergedIntoCustomerId", t."Name", t."NextServiceDate", t."Notes", t."PaymentTerms", t."Phone", t."PreferredContact", t."Priority", t."RegistrationNumber", t."ServiceFrequencyMonths", t."SpecialRequirements", t."Status", t."TinNumber", t."UpdatedAt", t."VatNumber", t."Website", t."WhatsApp", c0."Id", c0."CreatedAt", c0."CustomerId", c0."Email", c0."EmailConsent", c0."IsPrimary", c0."Name", c0."Phone", c0."PhoneConsent", c0."Role", c1."Id", c1."Address", c1."City", c1."ContactPerson", c1."CreatedAt", c1."CustomerId", c1."Email", c1."IsPrimary", c1."Name", c1."Notes", c1."Phone", c1."SiteType"
      FROM (
          SELECT c."Id", c."AccountManager", c."AccountManagerUserId", c."AlternativeName", c."BillingAddress", c."Category", c."ContractEndDate", c."ContractRef", c."ContractStartDate", c."ContractStatus", c."ContractValue", c."CreatedAt", c."CreditInfo", c."CustomerId", c."CustomerSince", c."CustomerType", c."Email", c."LastServiceDate", c."LegalName", c."MergedAt", c."MergedIntoCustomerId", c."Name", c."NextServiceDate", c."Notes", c."PaymentTerms", c."Phone", c."PreferredContact", c."Priority", c."RegistrationNumber", c."ServiceFrequencyMonths", c."SpecialRequirements", c."Status", c."TinNumber", c."UpdatedAt", c."VatNumber", c."Website", c."WhatsApp"
          FROM "Customers" AS c
          WHERE c."Id" = @__customer_Id_0
          LIMIT 1
      ) AS t
      LEFT JOIN "CustomerContacts" AS c0 ON t."Id" = c0."CustomerId"
      LEFT JOIN "CustomerSites" AS c1 ON t."Id" = c1."CustomerId"
      ORDER BY t."Id", c0."Id"
info: Microsoft.EntityFrameworkCore.Database.Command[20101]
      Executed DbCommand (3ms) [Parameters=[@__ToLower_0='?', @__ToLower_0_1='?'], CommandType='Text', CommandTimeout='30']
      SELECT u."Id", u."CreatedAt", u."Department", u."DisplayName", u."Email", u."IsActive", u."PasswordHash", u."Role", u."Username"
      FROM "Users" AS u
      WHERE lower(u."Username") = @__ToLower_0 OR lower(u."Email") = @__ToLower_0_1
      LIMIT 1
warn: Microsoft.EntityFrameworkCore.Query[20504]
      Compiling a query which loads related collections for more than one collection navigation, either via 'Include' or through projection, but no 'QuerySplittingBehavior' has been configured. By default, Entity Framework will use 'QuerySplittingBehavior.SingleQuery', which can potentially result in slow query performance. See https://go.microsoft.com/fwlink/?linkid=2134277 for more information. To identify the query that's triggering this warning call 'ConfigureWarnings(w => w.Throw(RelationalEventId.MultipleCollectionIncludeWarning))'.
info: Microsoft.EntityFrameworkCore.Database.Command[20101]
      Executed DbCommand (27ms) [Parameters=[@__id_0='?' (DbType = Int32)], CommandType='Text', CommandTimeout='30']
      SELECT t."Id", t."AccountManager", t."AccountManagerUserId", t."AlternativeName", t."BillingAddress", t."Category", t."ContractEndDate", t."ContractRef", t."ContractStartDate", t."ContractStatus", t."ContractValue", t."CreatedAt", t."CreditInfo", t."CustomerId", t."CustomerSince", t."CustomerType", t."Email", t."LastServiceDate", t."LegalName", t."MergedAt", t."MergedIntoCustomerId", t."Name", t."NextServiceDate", t."Notes", t."PaymentTerms", t."Phone", t."PreferredContact", t."Priority", t."RegistrationNumber", t."ServiceFrequencyMonths", t."SpecialRequirements", t."Status", t."TinNumber", t."UpdatedAt", t."VatNumber", t."Website", t."WhatsApp", c0."Id", c0."CreatedAt", c0."CustomerId", c0."Email", c0."EmailConsent", c0."IsPrimary", c0."Name", c0."Phone", c0."PhoneConsent", c0."Role", c1."Id", c1."Address", c1."City", c1."ContactPerson", c1."CreatedAt", c1."CustomerId", c1."Email", c1."IsPrimary", c1."Name", c1."Notes", c1."Phone", c1."SiteType", c2."Id", c2."Content", c2."CreatedAt", c2."CreatedBy", c2."CustomerId", c2."Pinned", t0."Id", t0."CertificateNo", t0."CreatedAt", t0."CustomerId", t0."DefectsFound", t0."EquipmentAdded", t0."EquipmentRemoved", t0."EquipmentReplaced", t0."EquipmentServiced", t0."MaterialsUsed", t0."Notes", t0."Recommendations", t0."ReportSentDate", t0."ServiceDate", t0."SiteId", t0."Status", t0."StickersUsed", t0."Technician", t0."UnitsServiced", t0."Id0", t0."Address", t0."City", t0."ContactPerson", t0."CreatedAt0", t0."CustomerId0", t0."Email", t0."IsPrimary", t0."Name", t0."Notes0", t0."Phone", t0."SiteType", c4."Id", c4."Channel", c4."ContactName", c4."CreatedBy", c4."CustomerId", c4."CustomerResponded", c4."Direction", c4."FollowUpDate", c4."Message", c4."ResponseNotes", c4."SentAt", c4."Subject", c5."Id", c5."CustomerId", c5."DocType", c5."FilePath", c5."Name", c5."Notes", c5."SizeBytes", c5."UploadedAt", c5."UploadedBy", c6."Id", c6."Action", c6."Actor", c6."CreatedAt", c6."CustomerId", c6."Details"
      FROM (
          SELECT c."Id", c."AccountManager", c."AccountManagerUserId", c."AlternativeName", c."BillingAddress", c."Category", c."ContractEndDate", c."ContractRef", c."ContractStartDate", c."ContractStatus", c."ContractValue", c."CreatedAt", c."CreditInfo", c."CustomerId", c."CustomerSince", c."CustomerType", c."Email", c."LastServiceDate", c."LegalName", c."MergedAt", c."MergedIntoCustomerId", c."Name", c."NextServiceDate", c."Notes", c."PaymentTerms", c."Phone", c."PreferredContact", c."Priority", c."RegistrationNumber", c."ServiceFrequencyMonths", c."SpecialRequirements", c."Status", c."TinNumber", c."UpdatedAt", c."VatNumber", c."Website", c."WhatsApp"
          FROM "Customers" AS c
          WHERE c."Id" = @__id_0
          LIMIT 1
      ) AS t
      LEFT JOIN "CustomerContacts" AS c0 ON t."Id" = c0."CustomerId"
      LEFT JOIN "CustomerSites" AS c1 ON t."Id" = c1."CustomerId"
      LEFT JOIN "CustomerNotes" AS c2 ON t."Id" = c2."CustomerId"
      LEFT JOIN (
          SELECT s."Id", s."CertificateNo", s."CreatedAt", s."CustomerId", s."DefectsFound", s."EquipmentAdded", s."EquipmentRemoved", s."EquipmentReplaced", s."EquipmentServiced", s."MaterialsUsed", s."Notes", s."Recommendations", s."ReportSentDate", s."ServiceDate", s."SiteId", s."Status", s."StickersUsed", s."Technician", s."UnitsServiced", c3."Id" AS "Id0", c3."Address", c3."City", c3."ContactPerson", c3."CreatedAt" AS "CreatedAt0", c3."CustomerId" AS "CustomerId0", c3."Email", c3."IsPrimary", c3."Name", c3."Notes" AS "Notes0", c3."Phone", c3."SiteType"
          FROM "ServiceRecords" AS s
          LEFT JOIN "CustomerSites" AS c3 ON s."SiteId" = c3."Id"
      ) AS t0 ON t."Id" = t0."CustomerId"
      LEFT JOIN "CustomerCommunications" AS c4 ON t."Id" = c4."CustomerId"
      LEFT JOIN "CustomerDocuments" AS c5 ON t."Id" = c5."CustomerId"
      LEFT JOIN "CustomerActivities" AS c6 ON t."Id" = c6."CustomerId"
      ORDER BY t."Id", c0."Id", c1."Id", c2."Id", t0."Id", t0."Id0", c4."Id", c5."Id"
info: Microsoft.EntityFrameworkCore.Database.Command[20101]
      Executed DbCommand (33ms) [Parameters=[@__ToLower_0='?', @__ToLower_0_1='?'], CommandType='Text', CommandTimeout='30']
      SELECT u."Id", u."CreatedAt", u."Department", u."DisplayName", u."Email", u."IsActive", u."PasswordHash", u."Role", u."Username"
      FROM "Users" AS u
      WHERE lower(u."Username") = @__ToLower_0 OR lower(u."Email") = @__ToLower_0_1
      LIMIT 1
warn: Microsoft.EntityFrameworkCore.Query[20504]
      Compiling a query which loads related collections for more than one collection navigation, either via 'Include' or through projection, but no 'QuerySplittingBehavior' has been configured. By default, Entity Framework will use 'QuerySplittingBehavior.SingleQuery', which can potentially result in slow query performance. See https://go.microsoft.com/fwlink/?linkid=2134277 for more information. To identify the query that's triggering this warning call 'ConfigureWarnings(w => w.Throw(RelationalEventId.MultipleCollectionIncludeWarning))'.
info: Microsoft.EntityFrameworkCore.Database.Command[20101]
      Executed DbCommand (53ms) [Parameters=[], CommandType='Text', CommandTimeout='30']
      SELECT c."Id", c."AccountManager", c."AccountManagerUserId", c."AlternativeName", c."BillingAddress", c."Category", c."ContractEndDate", c."ContractRef", c."ContractStartDate", c."ContractStatus", c."ContractValue", c."CreatedAt", c."CreditInfo", c."CustomerId", c."CustomerSince", c."CustomerType", c."Email", c."LastServiceDate", c."LegalName", c."MergedAt", c."MergedIntoCustomerId", c."Name", c."NextServiceDate", c."Notes", c."PaymentTerms", c."Phone", c."PreferredContact", c."Priority", c."RegistrationNumber", c."ServiceFrequencyMonths", c."SpecialRequirements", c."Status", c."TinNumber", c."UpdatedAt", c."VatNumber", c."Website", c."WhatsApp", c0."Id", c0."CreatedAt", c0."CustomerId", c0."Email", c0."EmailConsent", c0."IsPrimary", c0."Name", c0."Phone", c0."PhoneConsent", c0."Role", c1."Id", c1."Address", c1."City", c1."ContactPerson", c1."CreatedAt", c1."CustomerId", c1."Email", c1."IsPrimary", c1."Name", c1."Notes", c1."Phone", c1."SiteType", s."Id", s."CertificateNo", s."CreatedAt", s."CustomerId", s."DefectsFound", s."EquipmentAdded", s."EquipmentRemoved", s."EquipmentReplaced", s."EquipmentServiced", s."MaterialsUsed", s."Notes", s."Recommendations", s."ReportSentDate", s."ServiceDate", s."SiteId", s."Status", s."StickersUsed", s."Technician", s."UnitsServiced"
      FROM "Customers" AS c
      LEFT JOIN "CustomerContacts" AS c0 ON c."Id" = c0."CustomerId"
      LEFT JOIN "CustomerSites" AS c1 ON c."Id" = c1."CustomerId"
      LEFT JOIN "ServiceRecords" AS s ON c."Id" = s."CustomerId"
      ORDER BY c."Name", c."Id", c0."Id", c1."Id"
info: Microsoft.EntityFrameworkCore.Database.Command[20101]
      Executed DbCommand (28ms) [Parameters=[@__ToLower_0='?', @__ToLower_0_1='?'], CommandType='Text', CommandTimeout='30']
      SELECT u."Id", u."CreatedAt", u."Department", u."DisplayName", u."Email", u."IsActive", u."PasswordHash", u."Role", u."Username"
      FROM "Users" AS u
      WHERE lower(u."Username") = @__ToLower_0 OR lower(u."Email") = @__ToLower_0_1
      LIMIT 1
info: Microsoft.EntityFrameworkCore.Database.Command[20101]
      Executed DbCommand (13ms) [Parameters=[], CommandType='Text', CommandTimeout='30']
      SELECT c."Id", c."AccountManager", c."AccountManagerUserId", c."AlternativeName", c."BillingAddress", c."Category", c."ContractEndDate", c."ContractRef", c."ContractStartDate", c."ContractStatus", c."ContractValue", c."CreatedAt", c."CreditInfo", c."CustomerId", c."CustomerSince", c."CustomerType", c."Email", c."LastServiceDate", c."LegalName", c."MergedAt", c."MergedIntoCustomerId", c."Name", c."NextServiceDate", c."Notes", c."PaymentTerms", c."Phone", c."PreferredContact", c."Priority", c."RegistrationNumber", c."ServiceFrequencyMonths", c."SpecialRequirements", c."Status", c."TinNumber", c."UpdatedAt", c."VatNumber", c."Website", c."WhatsApp", c0."Id", c0."CreatedAt", c0."CustomerId", c0."Email", c0."EmailConsent", c0."IsPrimary", c0."Name", c0."Phone", c0."PhoneConsent", c0."Role", c1."Id", c1."Address", c1."City", c1."ContactPerson", c1."CreatedAt", c1."CustomerId", c1."Email", c1."IsPrimary", c1."Name", c1."Notes", c1."Phone", c1."SiteType", s."Id", s."CertificateNo", s."CreatedAt", s."CustomerId", s."DefectsFound", s."EquipmentAdded", s."EquipmentRemoved", s."EquipmentReplaced", s."EquipmentServiced", s."MaterialsUsed", s."Notes", s."Recommendations", s."ReportSentDate", s."ServiceDate", s."SiteId", s."Status", s."StickersUsed", s."Technician", s."UnitsServiced"
      FROM "Customers" AS c
      LEFT JOIN "CustomerContacts" AS c0 ON c."Id" = c0."CustomerId"
      LEFT JOIN "CustomerSites" AS c1 ON c."Id" = c1."CustomerId"
      LEFT JOIN "ServiceRecords" AS s ON c."Id" = s."CustomerId"
      ORDER BY c."Name", c."Id", c0."Id", c1."Id"
info: Microsoft.EntityFrameworkCore.Database.Command[20101]
      Executed DbCommand (46ms) [Parameters=[@__id_0='?' (DbType = Int32)], CommandType='Text', CommandTimeout='30']
      SELECT t."Id", t."AccountManager", t."AccountManagerUserId", t."AlternativeName", t."BillingAddress", t."Category", t."ContractEndDate", t."ContractRef", t."ContractStartDate", t."ContractStatus", t."ContractValue", t."CreatedAt", t."CreditInfo", t."CustomerId", t."CustomerSince", t."CustomerType", t."Email", t."LastServiceDate", t."LegalName", t."MergedAt", t."MergedIntoCustomerId", t."Name", t."NextServiceDate", t."Notes", t."PaymentTerms", t."Phone", t."PreferredContact", t."Priority", t."RegistrationNumber", t."ServiceFrequencyMonths", t."SpecialRequirements", t."Status", t."TinNumber", t."UpdatedAt", t."VatNumber", t."Website", t."WhatsApp", c0."Id", c0."CreatedAt", c0."CustomerId", c0."Email", c0."EmailConsent", c0."IsPrimary", c0."Name", c0."Phone", c0."PhoneConsent", c0."Role", c1."Id", c1."Address", c1."City", c1."ContactPerson", c1."CreatedAt", c1."CustomerId", c1."Email", c1."IsPrimary", c1."Name", c1."Notes", c1."Phone", c1."SiteType", c2."Id", c2."Content", c2."CreatedAt", c2."CreatedBy", c2."CustomerId", c2."Pinned", t0."Id", t0."CertificateNo", t0."CreatedAt", t0."CustomerId", t0."DefectsFound", t0."EquipmentAdded", t0."EquipmentRemoved", t0."EquipmentReplaced", t0."EquipmentServiced", t0."MaterialsUsed", t0."Notes", t0."Recommendations", t0."ReportSentDate", t0."ServiceDate", t0."SiteId", t0."Status", t0."StickersUsed", t0."Technician", t0."UnitsServiced", t0."Id0", t0."Address", t0."City", t0."ContactPerson", t0."CreatedAt0", t0."CustomerId0", t0."Email", t0."IsPrimary", t0."Name", t0."Notes0", t0."Phone", t0."SiteType", c4."Id", c4."Channel", c4."ContactName", c4."CreatedBy", c4."CustomerId", c4."CustomerResponded", c4."Direction", c4."FollowUpDate", c4."Message", c4."ResponseNotes", c4."SentAt", c4."Subject", c5."Id", c5."CustomerId", c5."DocType", c5."FilePath", c5."Name", c5."Notes", c5."SizeBytes", c5."UploadedAt", c5."UploadedBy", c6."Id", c6."Action", c6."Actor", c6."CreatedAt", c6."CustomerId", c6."Details"
      FROM (
          SELECT c."Id", c."AccountManager", c."AccountManagerUserId", c."AlternativeName", c."BillingAddress", c."Category", c."ContractEndDate", c."ContractRef", c."ContractStartDate", c."ContractStatus", c."ContractValue", c."CreatedAt", c."CreditInfo", c."CustomerId", c."CustomerSince", c."CustomerType", c."Email", c."LastServiceDate", c."LegalName", c."MergedAt", c."MergedIntoCustomerId", c."Name", c."NextServiceDate", c."Notes", c."PaymentTerms", c."Phone", c."PreferredContact", c."Priority", c."RegistrationNumber", c."ServiceFrequencyMonths", c."SpecialRequirements", c."Status", c."TinNumber", c."UpdatedAt", c."VatNumber", c."Website", c."WhatsApp"
          FROM "Customers" AS c
          WHERE c."Id" = @__id_0
          LIMIT 1
      ) AS t
      LEFT JOIN "CustomerContacts" AS c0 ON t."Id" = c0."CustomerId"
      LEFT JOIN "CustomerSites" AS c1 ON t."Id" = c1."CustomerId"
      LEFT JOIN "CustomerNotes" AS c2 ON t."Id" = c2."CustomerId"
      LEFT JOIN (
          SELECT s."Id", s."CertificateNo", s."CreatedAt", s."CustomerId", s."DefectsFound", s."EquipmentAdded", s."EquipmentRemoved", s."EquipmentReplaced", s."EquipmentServiced", s."MaterialsUsed", s."Notes", s."Recommendations", s."ReportSentDate", s."ServiceDate", s."SiteId", s."Status", s."StickersUsed", s."Technician", s."UnitsServiced", c3."Id" AS "Id0", c3."Address", c3."City", c3."ContactPerson", c3."CreatedAt" AS "CreatedAt0", c3."CustomerId" AS "CustomerId0", c3."Email", c3."IsPrimary", c3."Name", c3."Notes" AS "Notes0", c3."Phone", c3."SiteType"
          FROM "ServiceRecords" AS s
          LEFT JOIN "CustomerSites" AS c3 ON s."SiteId" = c3."Id"
      ) AS t0 ON t."Id" = t0."CustomerId"
      LEFT JOIN "CustomerCommunications" AS c4 ON t."Id" = c4."CustomerId"
      LEFT JOIN "CustomerDocuments" AS c5 ON t."Id" = c5."CustomerId"
      LEFT JOIN "CustomerActivities" AS c6 ON t."Id" = c6."CustomerId"
      ORDER BY t."Id", c0."Id", c1."Id", c2."Id", t0."Id", t0."Id0", c4."Id", c5."Id"
info: Microsoft.EntityFrameworkCore.Database.Command[20101]
      Executed DbCommand (32ms) [Parameters=[@__id_0='?' (DbType = Int32)], CommandType='Text', CommandTimeout='30']
      SELECT f."Id", f."After", f."Before", f."CreatedAt", f."CustomerId", f."Department", f."Field", f."Reason", f."Role", f."UserName"
      FROM "FieldAudits" AS f
      WHERE f."CustomerId" = @__id_0
      ORDER BY f."CreatedAt" DESC
info: Microsoft.EntityFrameworkCore.Database.Command[20101]
      Executed DbCommand (1ms) [Parameters=[@__ToLower_0='?', @__ToLower_0_1='?'], CommandType='Text', CommandTimeout='30']
      SELECT u."Id", u."CreatedAt", u."Department", u."DisplayName", u."Email", u."IsActive", u."PasswordHash", u."Role", u."Username"
      FROM "Users" AS u
      WHERE lower(u."Username") = @__ToLower_0 OR lower(u."Email") = @__ToLower_0_1
      LIMIT 1
info: Microsoft.EntityFrameworkCore.Database.Command[20101]
      Executed DbCommand (20ms) [Parameters=[@__id_0='?' (DbType = Int32)], CommandType='Text', CommandTimeout='30']
      SELECT t."Id", t."AccountManager", t."AccountManagerUserId", t."AlternativeName", t."BillingAddress", t."Category", t."ContractEndDate", t."ContractRef", t."ContractStartDate", t."ContractStatus", t."ContractValue", t."CreatedAt", t."CreditInfo", t."CustomerId", t."CustomerSince", t."CustomerType", t."Email", t."LastServiceDate", t."LegalName", t."MergedAt", t."MergedIntoCustomerId", t."Name", t."NextServiceDate", t."Notes", t."PaymentTerms", t."Phone", t."PreferredContact", t."Priority", t."RegistrationNumber", t."ServiceFrequencyMonths", t."SpecialRequirements", t."Status", t."TinNumber", t."UpdatedAt", t."VatNumber", t."Website", t."WhatsApp", c0."Id", c0."CreatedAt", c0."CustomerId", c0."Email", c0."EmailConsent", c0."IsPrimary", c0."Name", c0."Phone", c0."PhoneConsent", c0."Role", c1."Id", c1."Address", c1."City", c1."ContactPerson", c1."CreatedAt", c1."CustomerId", c1."Email", c1."IsPrimary", c1."Name", c1."Notes", c1."Phone", c1."SiteType", c2."Id", c2."Content", c2."CreatedAt", c2."CreatedBy", c2."CustomerId", c2."Pinned", t0."Id", t0."CertificateNo", t0."CreatedAt", t0."CustomerId", t0."DefectsFound", t0."EquipmentAdded", t0."EquipmentRemoved", t0."EquipmentReplaced", t0."EquipmentServiced", t0."MaterialsUsed", t0."Notes", t0."Recommendations", t0."ReportSentDate", t0."ServiceDate", t0."SiteId", t0."Status", t0."StickersUsed", t0."Technician", t0."UnitsServiced", t0."Id0", t0."Address", t0."City", t0."ContactPerson", t0."CreatedAt0", t0."CustomerId0", t0."Email", t0."IsPrimary", t0."Name", t0."Notes0", t0."Phone", t0."SiteType", c4."Id", c4."Channel", c4."ContactName", c4."CreatedBy", c4."CustomerId", c4."CustomerResponded", c4."Direction", c4."FollowUpDate", c4."Message", c4."ResponseNotes", c4."SentAt", c4."Subject", c5."Id", c5."CustomerId", c5."DocType", c5."FilePath", c5."Name", c5."Notes", c5."SizeBytes", c5."UploadedAt", c5."UploadedBy", c6."Id", c6."Action", c6."Actor", c6."CreatedAt", c6."CustomerId", c6."Details"
      FROM (
          SELECT c."Id", c."AccountManager", c."AccountManagerUserId", c."AlternativeName", c."BillingAddress", c."Category", c."ContractEndDate", c."ContractRef", c."ContractStartDate", c."ContractStatus", c."ContractValue", c."CreatedAt", c."CreditInfo", c."CustomerId", c."CustomerSince", c."CustomerType", c."Email", c."LastServiceDate", c."LegalName", c."MergedAt", c."MergedIntoCustomerId", c."Name", c."NextServiceDate", c."Notes", c."PaymentTerms", c."Phone", c."PreferredContact", c."Priority", c."RegistrationNumber", c."ServiceFrequencyMonths", c."SpecialRequirements", c."Status", c."TinNumber", c."UpdatedAt", c."VatNumber", c."Website", c."WhatsApp"
          FROM "Customers" AS c
          WHERE c."Id" = @__id_0
          LIMIT 1
      ) AS t
      LEFT JOIN "CustomerContacts" AS c0 ON t."Id" = c0."CustomerId"
      LEFT JOIN "CustomerSites" AS c1 ON t."Id" = c1."CustomerId"
      LEFT JOIN "CustomerNotes" AS c2 ON t."Id" = c2."CustomerId"
      LEFT JOIN (
          SELECT s."Id", s."CertificateNo", s."CreatedAt", s."CustomerId", s."DefectsFound", s."EquipmentAdded", s."EquipmentRemoved", s."EquipmentReplaced", s."EquipmentServiced", s."MaterialsUsed", s."Notes", s."Recommendations", s."ReportSentDate", s."ServiceDate", s."SiteId", s."Status", s."StickersUsed", s."Technician", s."UnitsServiced", c3."Id" AS "Id0", c3."Address", c3."City", c3."ContactPerson", c3."CreatedAt" AS "CreatedAt0", c3."CustomerId" AS "CustomerId0", c3."Email", c3."IsPrimary", c3."Name", c3."Notes" AS "Notes0", c3."Phone", c3."SiteType"
          FROM "ServiceRecords" AS s
          LEFT JOIN "CustomerSites" AS c3 ON s."SiteId" = c3."Id"
      ) AS t0 ON t."Id" = t0."CustomerId"
      LEFT JOIN "CustomerCommunications" AS c4 ON t."Id" = c4."CustomerId"
      LEFT JOIN "CustomerDocuments" AS c5 ON t."Id" = c5."CustomerId"
      LEFT JOIN "CustomerActivities" AS c6 ON t."Id" = c6."CustomerId"
      ORDER BY t."Id", c0."Id", c1."Id", c2."Id", t0."Id", t0."Id0", c4."Id", c5."Id"
info: Microsoft.EntityFrameworkCore.Database.Command[20101]
      Executed DbCommand (4ms) [Parameters=[@__id_0='?' (DbType = Int32)], CommandType='Text', CommandTimeout='30']
      SELECT f."Id", f."After", f."Before", f."CreatedAt", f."CustomerId", f."Department", f."Field", f."Reason", f."Role", f."UserName"
      FROM "FieldAudits" AS f
      WHERE f."CustomerId" = @__id_0
      ORDER BY f."CreatedAt" DESC
info: Microsoft.EntityFrameworkCore.Database.Command[20101]
      Executed DbCommand (3ms) [Parameters=[], CommandType='Text', CommandTimeout='30']
      SELECT c."Id", c."AccountManager", c."AccountManagerUserId", c."AlternativeName", c."BillingAddress", c."Category", c."ContractEndDate", c."ContractRef", c."ContractStartDate", c."ContractStatus", c."ContractValue", c."CreatedAt", c."CreditInfo", c."CustomerId", c."CustomerSince", c."CustomerType", c."Email", c."LastServiceDate", c."LegalName", c."MergedAt", c."MergedIntoCustomerId", c."Name", c."NextServiceDate", c."Notes", c."PaymentTerms", c."Phone", c."PreferredContact", c."Priority", c."RegistrationNumber", c."ServiceFrequencyMonths", c."SpecialRequirements", c."Status", c."TinNumber", c."UpdatedAt", c."VatNumber", c."Website", c."WhatsApp", c0."Id", c0."CreatedAt", c0."CustomerId", c0."Email", c0."EmailConsent", c0."IsPrimary", c0."Name", c0."Phone", c0."PhoneConsent", c0."Role", c1."Id", c1."Address", c1."City", c1."ContactPerson", c1."CreatedAt", c1."CustomerId", c1."Email", c1."IsPrimary", c1."Name", c1."Notes", c1."Phone", c1."SiteType", s."Id", s."CertificateNo", s."CreatedAt", s."CustomerId", s."DefectsFound", s."EquipmentAdded", s."EquipmentRemoved", s."EquipmentReplaced", s."EquipmentServiced", s."MaterialsUsed", s."Notes", s."Recommendations", s."ReportSentDate", s."ServiceDate", s."SiteId", s."Status", s."StickersUsed", s."Technician", s."UnitsServiced"
      FROM "Customers" AS c
      LEFT JOIN "CustomerContacts" AS c0 ON c."Id" = c0."CustomerId"
      LEFT JOIN "CustomerSites" AS c1 ON c."Id" = c1."CustomerId"
      LEFT JOIN "ServiceRecords" AS s ON c."Id" = s."CustomerId"
      ORDER BY c."Name", c."Id", c0."Id", c1."Id"
info: Microsoft.EntityFrameworkCore.Database.Command[20101]
      Executed DbCommand (7ms) [Parameters=[], CommandType='Text', CommandTimeout='30']
      SELECT c."Id", c."AccountManager", c."AccountManagerUserId", c."AlternativeName", c."BillingAddress", c."Category", c."ContractEndDate", c."ContractRef", c."ContractStartDate", c."ContractStatus", c."ContractValue", c."CreatedAt", c."CreditInfo", c."CustomerId", c."CustomerSince", c."CustomerType", c."Email", c."LastServiceDate", c."LegalName", c."MergedAt", c."MergedIntoCustomerId", c."Name", c."NextServiceDate", c."Notes", c."PaymentTerms", c."Phone", c."PreferredContact", c."Priority", c."RegistrationNumber", c."ServiceFrequencyMonths", c."SpecialRequirements", c."Status", c."TinNumber", c."UpdatedAt", c."VatNumber", c."Website", c."WhatsApp", c0."Id", c0."CreatedAt", c0."CustomerId", c0."Email", c0."EmailConsent", c0."IsPrimary", c0."Name", c0."Phone", c0."PhoneConsent", c0."Role", c1."Id", c1."Address", c1."City", c1."ContactPerson", c1."CreatedAt", c1."CustomerId", c1."Email", c1."IsPrimary", c1."Name", c1."Notes", c1."Phone", c1."SiteType", s."Id", s."CertificateNo", s."CreatedAt", s."CustomerId", s."DefectsFound", s."EquipmentAdded", s."EquipmentRemoved", s."EquipmentReplaced", s."EquipmentServiced", s."MaterialsUsed", s."Notes", s."Recommendations", s."ReportSentDate", s."ServiceDate", s."SiteId", s."Status", s."StickersUsed", s."Technician", s."UnitsServiced"
      FROM "Customers" AS c
      LEFT JOIN "CustomerContacts" AS c0 ON c."Id" = c0."CustomerId"
      LEFT JOIN "CustomerSites" AS c1 ON c."Id" = c1."CustomerId"
      LEFT JOIN "ServiceRecords" AS s ON c."Id" = s."CustomerId"
      ORDER BY c."Name", c."Id", c0."Id", c1."Id"
info: Microsoft.EntityFrameworkCore.Database.Command[20101]
      Executed DbCommand (5ms) [Parameters=[@__ToLower_0='?', @__ToLower_0_1='?'], CommandType='Text', CommandTimeout='30']
      SELECT u."Id", u."CreatedAt", u."Department", u."DisplayName", u."Email", u."IsActive", u."PasswordHash", u."Role", u."Username"
      FROM "Users" AS u
      WHERE lower(u."Username") = @__ToLower_0 OR lower(u."Email") = @__ToLower_0_1
      LIMIT 1
info: Microsoft.EntityFrameworkCore.Database.Command[20101]
      Executed DbCommand (30ms) [Parameters=[@__ToLower_0='?', @__ToLower_0_1='?'], CommandType='Text', CommandTimeout='30']
      SELECT u."Id", u."CreatedAt", u."Department", u."DisplayName", u."Email", u."IsActive", u."PasswordHash", u."Role", u."Username"
      FROM "Users" AS u
      WHERE lower(u."Username") = @__ToLower_0 OR lower(u."Email") = @__ToLower_0_1
      LIMIT 1
info: Microsoft.EntityFrameworkCore.Database.Command[20101]
      Executed DbCommand (3ms) [Parameters=[@__ToLower_0='?', @__ToLower_0_1='?'], CommandType='Text', CommandTimeout='30']
      SELECT u."Id", u."CreatedAt", u."Department", u."DisplayName", u."Email", u."IsActive", u."PasswordHash", u."Role", u."Username"
      FROM "Users" AS u
      WHERE lower(u."Username") = @__ToLower_0 OR lower(u."Email") = @__ToLower_0_1
      LIMIT 1
info: Microsoft.EntityFrameworkCore.Database.Command[20101]
      Executed DbCommand (1ms) [Parameters=[@__ToLower_0='?', @__ToLower_0_1='?'], CommandType='Text', CommandTimeout='30']
      SELECT u."Id", u."CreatedAt", u."Department", u."DisplayName", u."Email", u."IsActive", u."PasswordHash", u."Role", u."Username"
      FROM "Users" AS u
      WHERE lower(u."Username") = @__ToLower_0 OR lower(u."Email") = @__ToLower_0_1
      LIMIT 1
info: Microsoft.EntityFrameworkCore.Database.Command[20101]
      Executed DbCommand (21ms) [Parameters=[@__id_0='?' (DbType = Int32)], CommandType='Text', CommandTimeout='30']
      SELECT t."Id", t."AccountManager", t."AccountManagerUserId", t."AlternativeName", t."BillingAddress", t."Category", t."ContractEndDate", t."ContractRef", t."ContractStartDate", t."ContractStatus", t."ContractValue", t."CreatedAt", t."CreditInfo", t."CustomerId", t."CustomerSince", t."CustomerType", t."Email", t."LastServiceDate", t."LegalName", t."MergedAt", t."MergedIntoCustomerId", t."Name", t."NextServiceDate", t."Notes", t."PaymentTerms", t."Phone", t."PreferredContact", t."Priority", t."RegistrationNumber", t."ServiceFrequencyMonths", t."SpecialRequirements", t."Status", t."TinNumber", t."UpdatedAt", t."VatNumber", t."Website", t."WhatsApp", c0."Id", c0."CreatedAt", c0."CustomerId", c0."Email", c0."EmailConsent", c0."IsPrimary", c0."Name", c0."Phone", c0."PhoneConsent", c0."Role", c1."Id", c1."Address", c1."City", c1."ContactPerson", c1."CreatedAt", c1."CustomerId", c1."Email", c1."IsPrimary", c1."Name", c1."Notes", c1."Phone", c1."SiteType", c2."Id", c2."Content", c2."CreatedAt", c2."CreatedBy", c2."CustomerId", c2."Pinned", t0."Id", t0."CertificateNo", t0."CreatedAt", t0."CustomerId", t0."DefectsFound", t0."EquipmentAdded", t0."EquipmentRemoved", t0."EquipmentReplaced", t0."EquipmentServiced", t0."MaterialsUsed", t0."Notes", t0."Recommendations", t0."ReportSentDate", t0."ServiceDate", t0."SiteId", t0."Status", t0."StickersUsed", t0."Technician", t0."UnitsServiced", t0."Id0", t0."Address", t0."City", t0."ContactPerson", t0."CreatedAt0", t0."CustomerId0", t0."Email", t0."IsPrimary", t0."Name", t0."Notes0", t0."Phone", t0."SiteType", c4."Id", c4."Channel", c4."ContactName", c4."CreatedBy", c4."CustomerId", c4."CustomerResponded", c4."Direction", c4."FollowUpDate", c4."Message", c4."ResponseNotes", c4."SentAt", c4."Subject", c5."Id", c5."CustomerId", c5."DocType", c5."FilePath", c5."Name", c5."Notes", c5."SizeBytes", c5."UploadedAt", c5."UploadedBy", c6."Id", c6."Action", c6."Actor", c6."CreatedAt", c6."CustomerId", c6."Details"
      FROM (
          SELECT c."Id", c."AccountManager", c."AccountManagerUserId", c."AlternativeName", c."BillingAddress", c."Category", c."ContractEndDate", c."ContractRef", c."ContractStartDate", c."ContractStatus", c."ContractValue", c."CreatedAt", c."CreditInfo", c."CustomerId", c."CustomerSince", c."CustomerType", c."Email", c."LastServiceDate", c."LegalName", c."MergedAt", c."MergedIntoCustomerId", c."Name", c."NextServiceDate", c."Notes", c."PaymentTerms", c."Phone", c."PreferredContact", c."Priority", c."RegistrationNumber", c."ServiceFrequencyMonths", c."SpecialRequirements", c."Status", c."TinNumber", c."UpdatedAt", c."VatNumber", c."Website", c."WhatsApp"
          FROM "Customers" AS c
          WHERE c."Id" = @__id_0
          LIMIT 1
      ) AS t
      LEFT JOIN "CustomerContacts" AS c0 ON t."Id" = c0."CustomerId"
      LEFT JOIN "CustomerSites" AS c1 ON t."Id" = c1."CustomerId"
      LEFT JOIN "CustomerNotes" AS c2 ON t."Id" = c2."CustomerId"
      LEFT JOIN (
          SELECT s."Id", s."CertificateNo", s."CreatedAt", s."CustomerId", s."DefectsFound", s."EquipmentAdded", s."EquipmentRemoved", s."EquipmentReplaced", s."EquipmentServiced", s."MaterialsUsed", s."Notes", s."Recommendations", s."ReportSentDate", s."ServiceDate", s."SiteId", s."Status", s."StickersUsed", s."Technician", s."UnitsServiced", c3."Id" AS "Id0", c3."Address", c3."City", c3."ContactPerson", c3."CreatedAt" AS "CreatedAt0", c3."CustomerId" AS "CustomerId0", c3."Email", c3."IsPrimary", c3."Name", c3."Notes" AS "Notes0", c3."Phone", c3."SiteType"
          FROM "ServiceRecords" AS s
          LEFT JOIN "CustomerSites" AS c3 ON s."SiteId" = c3."Id"
      ) AS t0 ON t."Id" = t0."CustomerId"
      LEFT JOIN "CustomerCommunications" AS c4 ON t."Id" = c4."CustomerId"
      LEFT JOIN "CustomerDocuments" AS c5 ON t."Id" = c5."CustomerId"
      LEFT JOIN "CustomerActivities" AS c6 ON t."Id" = c6."CustomerId"
      ORDER BY t."Id", c0."Id", c1."Id", c2."Id", t0."Id", t0."Id0", c4."Id", c5."Id"
info: Microsoft.EntityFrameworkCore.Database.Command[20101]
      Executed DbCommand (2ms) [Parameters=[@__id_0='?' (DbType = Int32)], CommandType='Text', CommandTimeout='30']
      SELECT f."Id", f."After", f."Before", f."CreatedAt", f."CustomerId", f."Department", f."Field", f."Reason", f."Role", f."UserName"
      FROM "FieldAudits" AS f
      WHERE f."CustomerId" = @__id_0
      ORDER BY f."CreatedAt" DESC
warn: Microsoft.EntityFrameworkCore.Query[20504]
      Compiling a query which loads related collections for more than one collection navigation, either via 'Include' or through projection, but no 'QuerySplittingBehavior' has been configured. By default, Entity Framework will use 'QuerySplittingBehavior.SingleQuery', which can potentially result in slow query performance. See https://go.microsoft.com/fwlink/?linkid=2134277 for more information. To identify the query that's triggering this warning call 'ConfigureWarnings(w => w.Throw(RelationalEventId.MultipleCollectionIncludeWarning))'.
info: Microsoft.EntityFrameworkCore.Database.Command[20101]
      Executed DbCommand (3ms) [Parameters=[@__id_0='?' (DbType = Int32)], CommandType='Text', CommandTimeout='30']
      SELECT t."Id", t."AccountManager", t."AccountManagerUserId", t."AlternativeName", t."BillingAddress", t."Category", t."ContractEndDate", t."ContractRef", t."ContractStartDate", t."ContractStatus", t."ContractValue", t."CreatedAt", t."CreditInfo", t."CustomerId", t."CustomerSince", t."CustomerType", t."Email", t."LastServiceDate", t."LegalName", t."MergedAt", t."MergedIntoCustomerId", t."Name", t."NextServiceDate", t."Notes", t."PaymentTerms", t."Phone", t."PreferredContact", t."Priority", t."RegistrationNumber", t."ServiceFrequencyMonths", t."SpecialRequirements", t."Status", t."TinNumber", t."UpdatedAt", t."VatNumber", t."Website", t."WhatsApp", c0."Id", c0."CreatedAt", c0."CustomerId", c0."Email", c0."EmailConsent", c0."IsPrimary", c0."Name", c0."Phone", c0."PhoneConsent", c0."Role", c1."Id", c1."Address", c1."City", c1."ContactPerson", c1."CreatedAt", c1."CustomerId", c1."Email", c1."IsPrimary", c1."Name", c1."Notes", c1."Phone", c1."SiteType"
      FROM (
          SELECT c."Id", c."AccountManager", c."AccountManagerUserId", c."AlternativeName", c."BillingAddress", c."Category", c."ContractEndDate", c."ContractRef", c."ContractStartDate", c."ContractStatus", c."ContractValue", c."CreatedAt", c."CreditInfo", c."CustomerId", c."CustomerSince", c."CustomerType", c."Email", c."LastServiceDate", c."LegalName", c."MergedAt", c."MergedIntoCustomerId", c."Name", c."NextServiceDate", c."Notes", c."PaymentTerms", c."Phone", c."PreferredContact", c."Priority", c."RegistrationNumber", c."ServiceFrequencyMonths", c."SpecialRequirements", c."Status", c."TinNumber", c."UpdatedAt", c."VatNumber", c."Website", c."WhatsApp"
          FROM "Customers" AS c
          WHERE c."Id" = @__id_0
          LIMIT 1
      ) AS t
      LEFT JOIN "CustomerContacts" AS c0 ON t."Id" = c0."CustomerId"
      LEFT JOIN "CustomerSites" AS c1 ON t."Id" = c1."CustomerId"
      ORDER BY t."Id", c0."Id"
info: Microsoft.EntityFrameworkCore.Database.Command[20101]
      Executed DbCommand (12ms) [Parameters=[@p0='?', @p1='?', @p2='?' (DbType = DateTime), @p3='?' (DbType = Int32), @p4='?', @p7='?' (DbType = Int32), @p5='?' (DbType = DateTime), @p6='?', @p8='?', @p9='?', @p10='?' (DbType = DateTime), @p11='?' (DbType = Int32), @p12='?', @p13='?', @p14='?', @p15='?', @p16='?'], CommandType='Text', CommandTimeout='30']
      INSERT INTO "CustomerActivities" ("Action", "Actor", "CreatedAt", "CustomerId", "Details")
      VALUES (@p0, @p1, @p2, @p3, @p4)
      RETURNING "Id";
      UPDATE "Customers" SET "UpdatedAt" = @p5, "VatNumber" = @p6
      WHERE "Id" = @p7;
      INSERT INTO "FieldAudits" ("After", "Before", "CreatedAt", "CustomerId", "Department", "Field", "Reason", "Role", "UserName")
      VALUES (@p8, @p9, @p10, @p11, @p12, @p13, @p14, @p15, @p16)
      RETURNING "Id";
info: Microsoft.EntityFrameworkCore.Database.Command[20101]
      Executed DbCommand (4ms) [Parameters=[@__customer_Id_0='?' (DbType = Int32)], CommandType='Text', CommandTimeout='30']
      SELECT t."Id", t."AccountManager", t."AccountManagerUserId", t."AlternativeName", t."BillingAddress", t."Category", t."ContractEndDate", t."ContractRef", t."ContractStartDate", t."ContractStatus", t."ContractValue", t."CreatedAt", t."CreditInfo", t."CustomerId", t."CustomerSince", t."CustomerType", t."Email", t."LastServiceDate", t."LegalName", t."MergedAt", t."MergedIntoCustomerId", t."Name", t."NextServiceDate", t."Notes", t."PaymentTerms", t."Phone", t."PreferredContact", t."Priority", t."RegistrationNumber", t."ServiceFrequencyMonths", t."SpecialRequirements", t."Status", t."TinNumber", t."UpdatedAt", t."VatNumber", t."Website", t."WhatsApp", c0."Id", c0."CreatedAt", c0."CustomerId", c0."Email", c0."EmailConsent", c0."IsPrimary", c0."Name", c0."Phone", c0."PhoneConsent", c0."Role", c1."Id", c1."Address", c1."City", c1."ContactPerson", c1."CreatedAt", c1."CustomerId", c1."Email", c1."IsPrimary", c1."Name", c1."Notes", c1."Phone", c1."SiteType"
      FROM (
          SELECT c."Id", c."AccountManager", c."AccountManagerUserId", c."AlternativeName", c."BillingAddress", c."Category", c."ContractEndDate", c."ContractRef", c."ContractStartDate", c."ContractStatus", c."ContractValue", c."CreatedAt", c."CreditInfo", c."CustomerId", c."CustomerSince", c."CustomerType", c."Email", c."LastServiceDate", c."LegalName", c."MergedAt", c."MergedIntoCustomerId", c."Name", c."NextServiceDate", c."Notes", c."PaymentTerms", c."Phone", c."PreferredContact", c."Priority", c."RegistrationNumber", c."ServiceFrequencyMonths", c."SpecialRequirements", c."Status", c."TinNumber", c."UpdatedAt", c."VatNumber", c."Website", c."WhatsApp"
          FROM "Customers" AS c
          WHERE c."Id" = @__customer_Id_0
          LIMIT 1
      ) AS t
      LEFT JOIN "CustomerContacts" AS c0 ON t."Id" = c0."CustomerId"
      LEFT JOIN "CustomerSites" AS c1 ON t."Id" = c1."CustomerId"
      ORDER BY t."Id", c0."Id"
info: Microsoft.EntityFrameworkCore.Database.Command[20101]
      Executed DbCommand (13ms) [Parameters=[@__id_0='?' (DbType = Int32)], CommandType='Text', CommandTimeout='30']
      SELECT t."Id", t."AccountManager", t."AccountManagerUserId", t."AlternativeName", t."BillingAddress", t."Category", t."ContractEndDate", t."ContractRef", t."ContractStartDate", t."ContractStatus", t."ContractValue", t."CreatedAt", t."CreditInfo", t."CustomerId", t."CustomerSince", t."CustomerType", t."Email", t."LastServiceDate", t."LegalName", t."MergedAt", t."MergedIntoCustomerId", t."Name", t."NextServiceDate", t."Notes", t."PaymentTerms", t."Phone", t."PreferredContact", t."Priority", t."RegistrationNumber", t."ServiceFrequencyMonths", t."SpecialRequirements", t."Status", t."TinNumber", t."UpdatedAt", t."VatNumber", t."Website", t."WhatsApp", c0."Id", c0."CreatedAt", c0."CustomerId", c0."Email", c0."EmailConsent", c0."IsPrimary", c0."Name", c0."Phone", c0."PhoneConsent", c0."Role", c1."Id", c1."Address", c1."City", c1."ContactPerson", c1."CreatedAt", c1."CustomerId", c1."Email", c1."IsPrimary", c1."Name", c1."Notes", c1."Phone", c1."SiteType", c2."Id", c2."Content", c2."CreatedAt", c2."CreatedBy", c2."CustomerId", c2."Pinned", t0."Id", t0."CertificateNo", t0."CreatedAt", t0."CustomerId", t0."DefectsFound", t0."EquipmentAdded", t0."EquipmentRemoved", t0."EquipmentReplaced", t0."EquipmentServiced", t0."MaterialsUsed", t0."Notes", t0."Recommendations", t0."ReportSentDate", t0."ServiceDate", t0."SiteId", t0."Status", t0."StickersUsed", t0."Technician", t0."UnitsServiced", t0."Id0", t0."Address", t0."City", t0."ContactPerson", t0."CreatedAt0", t0."CustomerId0", t0."Email", t0."IsPrimary", t0."Name", t0."Notes0", t0."Phone", t0."SiteType", c4."Id", c4."Channel", c4."ContactName", c4."CreatedBy", c4."CustomerId", c4."CustomerResponded", c4."Direction", c4."FollowUpDate", c4."Message", c4."ResponseNotes", c4."SentAt", c4."Subject", c5."Id", c5."CustomerId", c5."DocType", c5."FilePath", c5."Name", c5."Notes", c5."SizeBytes", c5."UploadedAt", c5."UploadedBy", c6."Id", c6."Action", c6."Actor", c6."CreatedAt", c6."CustomerId", c6."Details"
      FROM (
          SELECT c."Id", c."AccountManager", c."AccountManagerUserId", c."AlternativeName", c."BillingAddress", c."Category", c."ContractEndDate", c."ContractRef", c."ContractStartDate", c."ContractStatus", c."ContractValue", c."CreatedAt", c."CreditInfo", c."CustomerId", c."CustomerSince", c."CustomerType", c."Email", c."LastServiceDate", c."LegalName", c."MergedAt", c."MergedIntoCustomerId", c."Name", c."NextServiceDate", c."Notes", c."PaymentTerms", c."Phone", c."PreferredContact", c."Priority", c."RegistrationNumber", c."ServiceFrequencyMonths", c."SpecialRequirements", c."Status", c."TinNumber", c."UpdatedAt", c."VatNumber", c."Website", c."WhatsApp"
          FROM "Customers" AS c
          WHERE c."Id" = @__id_0
          LIMIT 1
      ) AS t
      LEFT JOIN "CustomerContacts" AS c0 ON t."Id" = c0."CustomerId"
      LEFT JOIN "CustomerSites" AS c1 ON t."Id" = c1."CustomerId"
      LEFT JOIN "CustomerNotes" AS c2 ON t."Id" = c2."CustomerId"
      LEFT JOIN (
          SELECT s."Id", s."CertificateNo", s."CreatedAt", s."CustomerId", s."DefectsFound", s."EquipmentAdded", s."EquipmentRemoved", s."EquipmentReplaced", s."EquipmentServiced", s."MaterialsUsed", s."Notes", s."Recommendations", s."ReportSentDate", s."ServiceDate", s."SiteId", s."Status", s."StickersUsed", s."Technician", s."UnitsServiced", c3."Id" AS "Id0", c3."Address", c3."City", c3."ContactPerson", c3."CreatedAt" AS "CreatedAt0", c3."CustomerId" AS "CustomerId0", c3."Email", c3."IsPrimary", c3."Name", c3."Notes" AS "Notes0", c3."Phone", c3."SiteType"
          FROM "ServiceRecords" AS s
          LEFT JOIN "CustomerSites" AS c3 ON s."SiteId" = c3."Id"
      ) AS t0 ON t."Id" = t0."CustomerId"
      LEFT JOIN "CustomerCommunications" AS c4 ON t."Id" = c4."CustomerId"
      LEFT JOIN "CustomerDocuments" AS c5 ON t."Id" = c5."CustomerId"
      LEFT JOIN "CustomerActivities" AS c6 ON t."Id" = c6."CustomerId"
      ORDER BY t."Id", c0."Id", c1."Id", c2."Id", t0."Id", t0."Id0", c4."Id", c5."Id"
info: Microsoft.EntityFrameworkCore.Database.Command[20101]
      Executed DbCommand (9ms) [Parameters=[@__id_0='?' (DbType = Int32)], CommandType='Text', CommandTimeout='30']
      SELECT f."Id", f."After", f."Before", f."CreatedAt", f."CustomerId", f."Department", f."Field", f."Reason", f."Role", f."UserName"
      FROM "FieldAudits" AS f
      WHERE f."CustomerId" = @__id_0
      ORDER BY f."CreatedAt" DESC
info: Microsoft.EntityFrameworkCore.Database.Command[20101]
      Executed DbCommand (3ms) [Parameters=[@__id_0='?' (DbType = Int32)], CommandType='Text', CommandTimeout='30']
      SELECT t."Id", t."AccountManager", t."AccountManagerUserId", t."AlternativeName", t."BillingAddress", t."Category", t."ContractEndDate", t."ContractRef", t."ContractStartDate", t."ContractStatus", t."ContractValue", t."CreatedAt", t."CreditInfo", t."CustomerId", t."CustomerSince", t."CustomerType", t."Email", t."LastServiceDate", t."LegalName", t."MergedAt", t."MergedIntoCustomerId", t."Name", t."NextServiceDate", t."Notes", t."PaymentTerms", t."Phone", t."PreferredContact", t."Priority", t."RegistrationNumber", t."ServiceFrequencyMonths", t."SpecialRequirements", t."Status", t."TinNumber", t."UpdatedAt", t."VatNumber", t."Website", t."WhatsApp", c0."Id", c0."CreatedAt", c0."CustomerId", c0."Email", c0."EmailConsent", c0."IsPrimary", c0."Name", c0."Phone", c0."PhoneConsent", c0."Role", c1."Id", c1."Address", c1."City", c1."ContactPerson", c1."CreatedAt", c1."CustomerId", c1."Email", c1."IsPrimary", c1."Name", c1."Notes", c1."Phone", c1."SiteType"
      FROM (
          SELECT c."Id", c."AccountManager", c."AccountManagerUserId", c."AlternativeName", c."BillingAddress", c."Category", c."ContractEndDate", c."ContractRef", c."ContractStartDate", c."ContractStatus", c."ContractValue", c."CreatedAt", c."CreditInfo", c."CustomerId", c."CustomerSince", c."CustomerType", c."Email", c."LastServiceDate", c."LegalName", c."MergedAt", c."MergedIntoCustomerId", c."Name", c."NextServiceDate", c."Notes", c."PaymentTerms", c."Phone", c."PreferredContact", c."Priority", c."RegistrationNumber", c."ServiceFrequencyMonths", c."SpecialRequirements", c."Status", c."TinNumber", c."UpdatedAt", c."VatNumber", c."Website", c."WhatsApp"
          FROM "Customers" AS c
          WHERE c."Id" = @__id_0
          LIMIT 1
      ) AS t
      LEFT JOIN "CustomerContacts" AS c0 ON t."Id" = c0."CustomerId"
      LEFT JOIN "CustomerSites" AS c1 ON t."Id" = c1."CustomerId"
      ORDER BY t."Id", c0."Id"
info: Microsoft.EntityFrameworkCore.Database.Command[20101]
      Executed DbCommand (206ms) [Parameters=[@__c_Id_0='?' (DbType = Int32), @__fld_1='?' (DbType = Object), @__AddSeconds_2='?' (DbType = DateTime)], CommandType='Text', CommandTimeout='30']
      SELECT EXISTS (
          SELECT 1
          FROM "FieldAudits" AS f
          WHERE f."CustomerId" = @__c_Id_0 AND f."Field" = ANY (@__fld_1) AND f."CreatedAt" > @__AddSeconds_2)
warn: Microsoft.EntityFrameworkCore.Query[20504]
      Compiling a query which loads related collections for more than one collection navigation, either via 'Include' or through projection, but no 'QuerySplittingBehavior' has been configured. By default, Entity Framework will use 'QuerySplittingBehavior.SingleQuery', which can potentially result in slow query performance. See https://go.microsoft.com/fwlink/?linkid=2134277 for more information. To identify the query that's triggering this warning call 'ConfigureWarnings(w => w.Throw(RelationalEventId.MultipleCollectionIncludeWarning))'.
info: Microsoft.EntityFrameworkCore.Database.Command[20101]
      Executed DbCommand (40ms) [Parameters=[@__id_0='?' (DbType = Int32)], CommandType='Text', CommandTimeout='30']
      SELECT t."Id", t."AccountManager", t."AccountManagerUserId", t."AlternativeName", t."BillingAddress", t."Category", t."ContractEndDate", t."ContractRef", t."ContractStartDate", t."ContractStatus", t."ContractValue", t."CreatedAt", t."CreditInfo", t."CustomerId", t."CustomerSince", t."CustomerType", t."Email", t."LastServiceDate", t."LegalName", t."MergedAt", t."MergedIntoCustomerId", t."Name", t."NextServiceDate", t."Notes", t."PaymentTerms", t."Phone", t."PreferredContact", t."Priority", t."RegistrationNumber", t."ServiceFrequencyMonths", t."SpecialRequirements", t."Status", t."TinNumber", t."UpdatedAt", t."VatNumber", t."Website", t."WhatsApp", c0."Id", c0."CreatedAt", c0."CustomerId", c0."Email", c0."EmailConsent", c0."IsPrimary", c0."Name", c0."Phone", c0."PhoneConsent", c0."Role", c1."Id", c1."Address", c1."City", c1."ContactPerson", c1."CreatedAt", c1."CustomerId", c1."Email", c1."IsPrimary", c1."Name", c1."Notes", c1."Phone", c1."SiteType"
      FROM (
          SELECT c."Id", c."AccountManager", c."AccountManagerUserId", c."AlternativeName", c."BillingAddress", c."Category", c."ContractEndDate", c."ContractRef", c."ContractStartDate", c."ContractStatus", c."ContractValue", c."CreatedAt", c."CreditInfo", c."CustomerId", c."CustomerSince", c."CustomerType", c."Email", c."LastServiceDate", c."LegalName", c."MergedAt", c."MergedIntoCustomerId", c."Name", c."NextServiceDate", c."Notes", c."PaymentTerms", c."Phone", c."PreferredContact", c."Priority", c."RegistrationNumber", c."ServiceFrequencyMonths", c."SpecialRequirements", c."Status", c."TinNumber", c."UpdatedAt", c."VatNumber", c."Website", c."WhatsApp"
          FROM "Customers" AS c
          WHERE c."Id" = @__id_0
          LIMIT 1
      ) AS t
      LEFT JOIN "CustomerContacts" AS c0 ON t."Id" = c0."CustomerId"
      LEFT JOIN "CustomerSites" AS c1 ON t."Id" = c1."CustomerId"
      ORDER BY t."Id", c0."Id"
info: Microsoft.EntityFrameworkCore.Database.Command[20101]
      Executed DbCommand (8ms) [Parameters=[@__id_0='?' (DbType = Int32)], CommandType='Text', CommandTimeout='30']
      SELECT t."Id", t."AccountManager", t."AccountManagerUserId", t."AlternativeName", t."BillingAddress", t."Category", t."ContractEndDate", t."ContractRef", t."ContractStartDate", t."ContractStatus", t."ContractValue", t."CreatedAt", t."CreditInfo", t."CustomerId", t."CustomerSince", t."CustomerType", t."Email", t."LastServiceDate", t."LegalName", t."MergedAt", t."MergedIntoCustomerId", t."Name", t."NextServiceDate", t."Notes", t."PaymentTerms", t."Phone", t."PreferredContact", t."Priority", t."RegistrationNumber", t."ServiceFrequencyMonths", t."SpecialRequirements", t."Status", t."TinNumber", t."UpdatedAt", t."VatNumber", t."Website", t."WhatsApp", c0."Id", c0."CreatedAt", c0."CustomerId", c0."Email", c0."EmailConsent", c0."IsPrimary", c0."Name", c0."Phone", c0."PhoneConsent", c0."Role", c1."Id", c1."Address", c1."City", c1."ContactPerson", c1."CreatedAt", c1."CustomerId", c1."Email", c1."IsPrimary", c1."Name", c1."Notes", c1."Phone", c1."SiteType"
      FROM (
          SELECT c."Id", c."AccountManager", c."AccountManagerUserId", c."AlternativeName", c."BillingAddress", c."Category", c."ContractEndDate", c."ContractRef", c."ContractStartDate", c."ContractStatus", c."ContractValue", c."CreatedAt", c."CreditInfo", c."CustomerId", c."CustomerSince", c."CustomerType", c."Email", c."LastServiceDate", c."LegalName", c."MergedAt", c."MergedIntoCustomerId", c."Name", c."NextServiceDate", c."Notes", c."PaymentTerms", c."Phone", c."PreferredContact", c."Priority", c."RegistrationNumber", c."ServiceFrequencyMonths", c."SpecialRequirements", c."Status", c."TinNumber", c."UpdatedAt", c."VatNumber", c."Website", c."WhatsApp"
          FROM "Customers" AS c
          WHERE c."Id" = @__id_0
          LIMIT 1
      ) AS t
      LEFT JOIN "CustomerContacts" AS c0 ON t."Id" = c0."CustomerId"
      LEFT JOIN "CustomerSites" AS c1 ON t."Id" = c1."CustomerId"
      ORDER BY t."Id", c0."Id"
info: Microsoft.EntityFrameworkCore.Database.Command[20101]
      Executed DbCommand (3ms) [Parameters=[@__c_Id_0='?' (DbType = Int32), @__fld_1='?' (DbType = Object), @__AddSeconds_2='?' (DbType = DateTime)], CommandType='Text', CommandTimeout='30']
      SELECT EXISTS (
          SELECT 1
          FROM "FieldAudits" AS f
          WHERE f."CustomerId" = @__c_Id_0 AND f."Field" = ANY (@__fld_1) AND f."CreatedAt" > @__AddSeconds_2)
info: Microsoft.EntityFrameworkCore.Database.Command[20101]
      Executed DbCommand (7ms) [Parameters=[@p0='?', @p1='?', @p2='?' (DbType = DateTime), @p3='?' (DbType = Int32), @p4='?', @p7='?' (DbType = Int32), @p5='?', @p6='?' (DbType = DateTime), @p8='?', @p9='?', @p10='?' (DbType = DateTime), @p11='?' (DbType = Int32), @p12='?', @p13='?', @p14='?', @p15='?', @p16='?'], CommandType='Text', CommandTimeout='30']
      INSERT INTO "CustomerActivities" ("Action", "Actor", "CreatedAt", "CustomerId", "Details")
      VALUES (@p0, @p1, @p2, @p3, @p4)
      RETURNING "Id";
      UPDATE "Customers" SET "ContractRef" = @p5, "UpdatedAt" = @p6
      WHERE "Id" = @p7;
      INSERT INTO "FieldAudits" ("After", "Before", "CreatedAt", "CustomerId", "Department", "Field", "Reason", "Role", "UserName")
      VALUES (@p8, @p9, @p10, @p11, @p12, @p13, @p14, @p15, @p16)
      RETURNING "Id";
info: Microsoft.EntityFrameworkCore.Database.Command[20101]
      Executed DbCommand (3ms) [Parameters=[@__customer_Id_0='?' (DbType = Int32)], CommandType='Text', CommandTimeout='30']
      SELECT t."Id", t."AccountManager", t."AccountManagerUserId", t."AlternativeName", t."BillingAddress", t."Category", t."ContractEndDate", t."ContractRef", t."ContractStartDate", t."ContractStatus", t."ContractValue", t."CreatedAt", t."CreditInfo", t."CustomerId", t."CustomerSince", t."CustomerType", t."Email", t."LastServiceDate", t."LegalName", t."MergedAt", t."MergedIntoCustomerId", t."Name", t."NextServiceDate", t."Notes", t."PaymentTerms", t."Phone", t."PreferredContact", t."Priority", t."RegistrationNumber", t."ServiceFrequencyMonths", t."SpecialRequirements", t."Status", t."TinNumber", t."UpdatedAt", t."VatNumber", t."Website", t."WhatsApp", c0."Id", c0."CreatedAt", c0."CustomerId", c0."Email", c0."EmailConsent", c0."IsPrimary", c0."Name", c0."Phone", c0."PhoneConsent", c0."Role", c1."Id", c1."Address", c1."City", c1."ContactPerson", c1."CreatedAt", c1."CustomerId", c1."Email", c1."IsPrimary", c1."Name", c1."Notes", c1."Phone", c1."SiteType"
      FROM (
          SELECT c."Id", c."AccountManager", c."AccountManagerUserId", c."AlternativeName", c."BillingAddress", c."Category", c."ContractEndDate", c."ContractRef", c."ContractStartDate", c."ContractStatus", c."ContractValue", c."CreatedAt", c."CreditInfo", c."CustomerId", c."CustomerSince", c."CustomerType", c."Email", c."LastServiceDate", c."LegalName", c."MergedAt", c."MergedIntoCustomerId", c."Name", c."NextServiceDate", c."Notes", c."PaymentTerms", c."Phone", c."PreferredContact", c."Priority", c."RegistrationNumber", c."ServiceFrequencyMonths", c."SpecialRequirements", c."Status", c."TinNumber", c."UpdatedAt", c."VatNumber", c."Website", c."WhatsApp"
          FROM "Customers" AS c
          WHERE c."Id" = @__customer_Id_0
          LIMIT 1
      ) AS t
      LEFT JOIN "CustomerContacts" AS c0 ON t."Id" = c0."CustomerId"
      LEFT JOIN "CustomerSites" AS c1 ON t."Id" = c1."CustomerId"
      ORDER BY t."Id", c0."Id"
info: Microsoft.EntityFrameworkCore.Database.Command[20101]
      Executed DbCommand (12ms) [Parameters=[@__id_0='?' (DbType = Int32)], CommandType='Text', CommandTimeout='30']
      SELECT t."Id", t."AccountManager", t."AccountManagerUserId", t."AlternativeName", t."BillingAddress", t."Category", t."ContractEndDate", t."ContractRef", t."ContractStartDate", t."ContractStatus", t."ContractValue", t."CreatedAt", t."CreditInfo", t."CustomerId", t."CustomerSince", t."CustomerType", t."Email", t."LastServiceDate", t."LegalName", t."MergedAt", t."MergedIntoCustomerId", t."Name", t."NextServiceDate", t."Notes", t."PaymentTerms", t."Phone", t."PreferredContact", t."Priority", t."RegistrationNumber", t."ServiceFrequencyMonths", t."SpecialRequirements", t."Status", t."TinNumber", t."UpdatedAt", t."VatNumber", t."Website", t."WhatsApp", c0."Id", c0."CreatedAt", c0."CustomerId", c0."Email", c0."EmailConsent", c0."IsPrimary", c0."Name", c0."Phone", c0."PhoneConsent", c0."Role", c1."Id", c1."Address", c1."City", c1."ContactPerson", c1."CreatedAt", c1."CustomerId", c1."Email", c1."IsPrimary", c1."Name", c1."Notes", c1."Phone", c1."SiteType", c2."Id", c2."Content", c2."CreatedAt", c2."CreatedBy", c2."CustomerId", c2."Pinned", t0."Id", t0."CertificateNo", t0."CreatedAt", t0."CustomerId", t0."DefectsFound", t0."EquipmentAdded", t0."EquipmentRemoved", t0."EquipmentReplaced", t0."EquipmentServiced", t0."MaterialsUsed", t0."Notes", t0."Recommendations", t0."ReportSentDate", t0."ServiceDate", t0."SiteId", t0."Status", t0."StickersUsed", t0."Technician", t0."UnitsServiced", t0."Id0", t0."Address", t0."City", t0."ContactPerson", t0."CreatedAt0", t0."CustomerId0", t0."Email", t0."IsPrimary", t0."Name", t0."Notes0", t0."Phone", t0."SiteType", c4."Id", c4."Channel", c4."ContactName", c4."CreatedBy", c4."CustomerId", c4."CustomerResponded", c4."Direction", c4."FollowUpDate", c4."Message", c4."ResponseNotes", c4."SentAt", c4."Subject", c5."Id", c5."CustomerId", c5."DocType", c5."FilePath", c5."Name", c5."Notes", c5."SizeBytes", c5."UploadedAt", c5."UploadedBy", c6."Id", c6."Action", c6."Actor", c6."CreatedAt", c6."CustomerId", c6."Details"
      FROM (
          SELECT c."Id", c."AccountManager", c."AccountManagerUserId", c."AlternativeName", c."BillingAddress", c."Category", c."ContractEndDate", c."ContractRef", c."ContractStartDate", c."ContractStatus", c."ContractValue", c."CreatedAt", c."CreditInfo", c."CustomerId", c."CustomerSince", c."CustomerType", c."Email", c."LastServiceDate", c."LegalName", c."MergedAt", c."MergedIntoCustomerId", c."Name", c."NextServiceDate", c."Notes", c."PaymentTerms", c."Phone", c."PreferredContact", c."Priority", c."RegistrationNumber", c."ServiceFrequencyMonths", c."SpecialRequirements", c."Status", c."TinNumber", c."UpdatedAt", c."VatNumber", c."Website", c."WhatsApp"
          FROM "Customers" AS c
          WHERE c."Id" = @__id_0
          LIMIT 1
      ) AS t
      LEFT JOIN "CustomerContacts" AS c0 ON t."Id" = c0."CustomerId"
      LEFT JOIN "CustomerSites" AS c1 ON t."Id" = c1."CustomerId"
      LEFT JOIN "CustomerNotes" AS c2 ON t."Id" = c2."CustomerId"
      LEFT JOIN (
          SELECT s."Id", s."CertificateNo", s."CreatedAt", s."CustomerId", s."DefectsFound", s."EquipmentAdded", s."EquipmentRemoved", s."EquipmentReplaced", s."EquipmentServiced", s."MaterialsUsed", s."Notes", s."Recommendations", s."ReportSentDate", s."ServiceDate", s."SiteId", s."Status", s."StickersUsed", s."Technician", s."UnitsServiced", c3."Id" AS "Id0", c3."Address", c3."City", c3."ContactPerson", c3."CreatedAt" AS "CreatedAt0", c3."CustomerId" AS "CustomerId0", c3."Email", c3."IsPrimary", c3."Name", c3."Notes" AS "Notes0", c3."Phone", c3."SiteType"
          FROM "ServiceRecords" AS s
          LEFT JOIN "CustomerSites" AS c3 ON s."SiteId" = c3."Id"
      ) AS t0 ON t."Id" = t0."CustomerId"
      LEFT JOIN "CustomerCommunications" AS c4 ON t."Id" = c4."CustomerId"
      LEFT JOIN "CustomerDocuments" AS c5 ON t."Id" = c5."CustomerId"
      LEFT JOIN "CustomerActivities" AS c6 ON t."Id" = c6."CustomerId"
      ORDER BY t."Id", c0."Id", c1."Id", c2."Id", t0."Id", t0."Id0", c4."Id", c5."Id"
info: Microsoft.EntityFrameworkCore.Database.Command[20101]
      Executed DbCommand (3ms) [Parameters=[@__id_0='?' (DbType = Int32)], CommandType='Text', CommandTimeout='30']
      SELECT f."Id", f."After", f."Before", f."CreatedAt", f."CustomerId", f."Department", f."Field", f."Reason", f."Role", f."UserName"
      FROM "FieldAudits" AS f
      WHERE f."CustomerId" = @__id_0
      ORDER BY f."CreatedAt" DESC
warn: Microsoft.EntityFrameworkCore.Query[20504]
      Compiling a query which loads related collections for more than one collection navigation, either via 'Include' or through projection, but no 'QuerySplittingBehavior' has been configured. By default, Entity Framework will use 'QuerySplittingBehavior.SingleQuery', which can potentially result in slow query performance. See https://go.microsoft.com/fwlink/?linkid=2134277 for more information. To identify the query that's triggering this warning call 'ConfigureWarnings(w => w.Throw(RelationalEventId.MultipleCollectionIncludeWarning))'.
info: Microsoft.EntityFrameworkCore.Database.Command[20101]
      Executed DbCommand (9ms) [Parameters=[@__AddDays_0='?' (DbType = DateTime), @__AddDays_1='?' (DbType = DateTime)], CommandType='Text', CommandTimeout='30']
      SELECT c."Id", c."AccountManager", c."AccountManagerUserId", c."AlternativeName", c."BillingAddress", c."Category", c."ContractEndDate", c."ContractRef", c."ContractStartDate", c."ContractStatus", c."ContractValue", c."CreatedAt", c."CreditInfo", c."CustomerId", c."CustomerSince", c."CustomerType", c."Email", c."LastServiceDate", c."LegalName", c."MergedAt", c."MergedIntoCustomerId", c."Name", c."NextServiceDate", c."Notes", c."PaymentTerms", c."Phone", c."PreferredContact", c."Priority", c."RegistrationNumber", c."ServiceFrequencyMonths", c."SpecialRequirements", c."Status", c."TinNumber", c."UpdatedAt", c."VatNumber", c."Website", c."WhatsApp", c0."Id", c0."CreatedAt", c0."CustomerId", c0."Email", c0."EmailConsent", c0."IsPrimary", c0."Name", c0."Phone", c0."PhoneConsent", c0."Role", c1."Id", c1."Address", c1."City", c1."ContactPerson", c1."CreatedAt", c1."CustomerId", c1."Email", c1."IsPrimary", c1."Name", c1."Notes", c1."Phone", c1."SiteType", s."Id", s."CertificateNo", s."CreatedAt", s."CustomerId", s."DefectsFound", s."EquipmentAdded", s."EquipmentRemoved", s."EquipmentReplaced", s."EquipmentServiced", s."MaterialsUsed", s."Notes", s."Recommendations", s."ReportSentDate", s."ServiceDate", s."SiteId", s."Status", s."StickersUsed", s."Technician", s."UnitsServiced"
      FROM "Customers" AS c
      LEFT JOIN "CustomerContacts" AS c0 ON c."Id" = c0."CustomerId"
      LEFT JOIN "CustomerSites" AS c1 ON c."Id" = c1."CustomerId"
      LEFT JOIN "ServiceRecords" AS s ON c."Id" = s."CustomerId"
      WHERE c."NextServiceDate" IS NOT NULL AND c."NextServiceDate" > @__AddDays_0 AND c."NextServiceDate" <= @__AddDays_1
      ORDER BY c."Name", c."Id", c0."Id", c1."Id"
warn: Microsoft.EntityFrameworkCore.Query[20504]
      Compiling a query which loads related collections for more than one collection navigation, either via 'Include' or through projection, but no 'QuerySplittingBehavior' has been configured. By default, Entity Framework will use 'QuerySplittingBehavior.SingleQuery', which can potentially result in slow query performance. See https://go.microsoft.com/fwlink/?linkid=2134277 for more information. To identify the query that's triggering this warning call 'ConfigureWarnings(w => w.Throw(RelationalEventId.MultipleCollectionIncludeWarning))'.
info: Microsoft.EntityFrameworkCore.Database.Command[20101]
      Executed DbCommand (7ms) [Parameters=[@__now_0='?' (DbType = DateTime), @__AddDays_1='?' (DbType = DateTime)], CommandType='Text', CommandTimeout='30']
      SELECT c."Id", c."AccountManager", c."AccountManagerUserId", c."AlternativeName", c."BillingAddress", c."Category", c."ContractEndDate", c."ContractRef", c."ContractStartDate", c."ContractStatus", c."ContractValue", c."CreatedAt", c."CreditInfo", c."CustomerId", c."CustomerSince", c."CustomerType", c."Email", c."LastServiceDate", c."LegalName", c."MergedAt", c."MergedIntoCustomerId", c."Name", c."NextServiceDate", c."Notes", c."PaymentTerms", c."Phone", c."PreferredContact", c."Priority", c."RegistrationNumber", c."ServiceFrequencyMonths", c."SpecialRequirements", c."Status", c."TinNumber", c."UpdatedAt", c."VatNumber", c."Website", c."WhatsApp", c0."Id", c0."CreatedAt", c0."CustomerId", c0."Email", c0."EmailConsent", c0."IsPrimary", c0."Name", c0."Phone", c0."PhoneConsent", c0."Role", c1."Id", c1."Address", c1."City", c1."ContactPerson", c1."CreatedAt", c1."CustomerId", c1."Email", c1."IsPrimary", c1."Name", c1."Notes", c1."Phone", c1."SiteType", s."Id", s."CertificateNo", s."CreatedAt", s."CustomerId", s."DefectsFound", s."EquipmentAdded", s."EquipmentRemoved", s."EquipmentReplaced", s."EquipmentServiced", s."MaterialsUsed", s."Notes", s."Recommendations", s."ReportSentDate", s."ServiceDate", s."SiteId", s."Status", s."StickersUsed", s."Technician", s."UnitsServiced"
      FROM "Customers" AS c
      LEFT JOIN "CustomerContacts" AS c0 ON c."Id" = c0."CustomerId"
      LEFT JOIN "CustomerSites" AS c1 ON c."Id" = c1."CustomerId"
      LEFT JOIN "ServiceRecords" AS s ON c."Id" = s."CustomerId"
      WHERE c."NextServiceDate" IS NOT NULL AND c."NextServiceDate" >= @__now_0 AND c."NextServiceDate" <= @__AddDays_1
      ORDER BY c."Name", c."Id", c0."Id", c1."Id"
warn: Microsoft.EntityFrameworkCore.Query[20504]
      Compiling a query which loads related collections for more than one collection navigation, either via 'Include' or through projection, but no 'QuerySplittingBehavior' has been configured. By default, Entity Framework will use 'QuerySplittingBehavior.SingleQuery', which can potentially result in slow query performance. See https://go.microsoft.com/fwlink/?linkid=2134277 for more information. To identify the query that's triggering this warning call 'ConfigureWarnings(w => w.Throw(RelationalEventId.MultipleCollectionIncludeWarning))'.
info: Microsoft.EntityFrameworkCore.Database.Command[20101]
      Executed DbCommand (3ms) [Parameters=[@__now_0='?' (DbType = DateTime)], CommandType='Text', CommandTimeout='30']
      SELECT c."Id", c."AccountManager", c."AccountManagerUserId", c."AlternativeName", c."BillingAddress", c."Category", c."ContractEndDate", c."ContractRef", c."ContractStartDate", c."ContractStatus", c."ContractValue", c."CreatedAt", c."CreditInfo", c."CustomerId", c."CustomerSince", c."CustomerType", c."Email", c."LastServiceDate", c."LegalName", c."MergedAt", c."MergedIntoCustomerId", c."Name", c."NextServiceDate", c."Notes", c."PaymentTerms", c."Phone", c."PreferredContact", c."Priority", c."RegistrationNumber", c."ServiceFrequencyMonths", c."SpecialRequirements", c."Status", c."TinNumber", c."UpdatedAt", c."VatNumber", c."Website", c."WhatsApp", c0."Id", c0."CreatedAt", c0."CustomerId", c0."Email", c0."EmailConsent", c0."IsPrimary", c0."Name", c0."Phone", c0."PhoneConsent", c0."Role", c1."Id", c1."Address", c1."City", c1."ContactPerson", c1."CreatedAt", c1."CustomerId", c1."Email", c1."IsPrimary", c1."Name", c1."Notes", c1."Phone", c1."SiteType", s."Id", s."CertificateNo", s."CreatedAt", s."CustomerId", s."DefectsFound", s."EquipmentAdded", s."EquipmentRemoved", s."EquipmentReplaced", s."EquipmentServiced", s."MaterialsUsed", s."Notes", s."Recommendations", s."ReportSentDate", s."ServiceDate", s."SiteId", s."Status", s."StickersUsed", s."Technician", s."UnitsServiced"
      FROM "Customers" AS c
      LEFT JOIN "CustomerContacts" AS c0 ON c."Id" = c0."CustomerId"
      LEFT JOIN "CustomerSites" AS c1 ON c."Id" = c1."CustomerId"
      LEFT JOIN "ServiceRecords" AS s ON c."Id" = s."CustomerId"
      WHERE c."NextServiceDate" IS NOT NULL AND c."NextServiceDate" < @__now_0
      ORDER BY c."Name", c."Id", c0."Id", c1."Id"
warn: Microsoft.EntityFrameworkCore.Query[20504]
      Compiling a query which loads related collections for more than one collection navigation, either via 'Include' or through projection, but no 'QuerySplittingBehavior' has been configured. By default, Entity Framework will use 'QuerySplittingBehavior.SingleQuery', which can potentially result in slow query performance. See https://go.microsoft.com/fwlink/?linkid=2134277 for more information. To identify the query that's triggering this warning call 'ConfigureWarnings(w => w.Throw(RelationalEventId.MultipleCollectionIncludeWarning))'.
info: Microsoft.EntityFrameworkCore.Database.Command[20101]
      Executed DbCommand (11ms) [Parameters=[], CommandType='Text', CommandTimeout='30']
      SELECT c."Id", c."AccountManager", c."AccountManagerUserId", c."AlternativeName", c."BillingAddress", c."Category", c."ContractEndDate", c."ContractRef", c."ContractStartDate", c."ContractStatus", c."ContractValue", c."CreatedAt", c."CreditInfo", c."CustomerId", c."CustomerSince", c."CustomerType", c."Email", c."LastServiceDate", c."LegalName", c."MergedAt", c."MergedIntoCustomerId", c."Name", c."NextServiceDate", c."Notes", c."PaymentTerms", c."Phone", c."PreferredContact", c."Priority", c."RegistrationNumber", c."ServiceFrequencyMonths", c."SpecialRequirements", c."Status", c."TinNumber", c."UpdatedAt", c."VatNumber", c."Website", c."WhatsApp", c0."Id", c0."CreatedAt", c0."CustomerId", c0."Email", c0."EmailConsent", c0."IsPrimary", c0."Name", c0."Phone", c0."PhoneConsent", c0."Role", c1."Id", c1."Address", c1."City", c1."ContactPerson", c1."CreatedAt", c1."CustomerId", c1."Email", c1."IsPrimary", c1."Name", c1."Notes", c1."Phone", c1."SiteType", s."Id", s."CertificateNo", s."CreatedAt", s."CustomerId", s."DefectsFound", s."EquipmentAdded", s."EquipmentRemoved", s."EquipmentReplaced", s."EquipmentServiced", s."MaterialsUsed", s."Notes", s."Recommendations", s."ReportSentDate", s."ServiceDate", s."SiteId", s."Status", s."StickersUsed", s."Technician", s."UnitsServiced"
      FROM "Customers" AS c
      LEFT JOIN "CustomerContacts" AS c0 ON c."Id" = c0."CustomerId"
      LEFT JOIN "CustomerSites" AS c1 ON c."Id" = c1."CustomerId"
      LEFT JOIN "ServiceRecords" AS s ON c."Id" = s."CustomerId"
      WHERE c."NextServiceDate" IS NULL
      ORDER BY c."Name", c."Id", c0."Id", c1."Id"
info: Microsoft.EntityFrameworkCore.Database.Command[20101]
      Executed DbCommand (4ms) [Parameters=[], CommandType='Text', CommandTimeout='30']
      SELECT c."Id", c."AccountManager", c."AccountManagerUserId", c."AlternativeName", c."BillingAddress", c."Category", c."ContractEndDate", c."ContractRef", c."ContractStartDate", c."ContractStatus", c."ContractValue", c."CreatedAt", c."CreditInfo", c."CustomerId", c."CustomerSince", c."CustomerType", c."Email", c."LastServiceDate", c."LegalName", c."MergedAt", c."MergedIntoCustomerId", c."Name", c."NextServiceDate", c."Notes", c."PaymentTerms", c."Phone", c."PreferredContact", c."Priority", c."RegistrationNumber", c."ServiceFrequencyMonths", c."SpecialRequirements", c."Status", c."TinNumber", c."UpdatedAt", c."VatNumber", c."Website", c."WhatsApp", c0."Id", c0."CreatedAt", c0."CustomerId", c0."Email", c0."EmailConsent", c0."IsPrimary", c0."Name", c0."Phone", c0."PhoneConsent", c0."Role", c1."Id", c1."Address", c1."City", c1."ContactPerson", c1."CreatedAt", c1."CustomerId", c1."Email", c1."IsPrimary", c1."Name", c1."Notes", c1."Phone", c1."SiteType", s."Id", s."CertificateNo", s."CreatedAt", s."CustomerId", s."DefectsFound", s."EquipmentAdded", s."EquipmentRemoved", s."EquipmentReplaced", s."EquipmentServiced", s."MaterialsUsed", s."Notes", s."Recommendations", s."ReportSentDate", s."ServiceDate", s."SiteId", s."Status", s."StickersUsed", s."Technician", s."UnitsServiced"
      FROM "Customers" AS c
      LEFT JOIN "CustomerContacts" AS c0 ON c."Id" = c0."CustomerId"
      LEFT JOIN "CustomerSites" AS c1 ON c."Id" = c1."CustomerId"
      LEFT JOIN "ServiceRecords" AS s ON c."Id" = s."CustomerId"
      WHERE c."NextServiceDate" IS NULL
      ORDER BY c."Name", c."Id", c0."Id", c1."Id"
info: Microsoft.EntityFrameworkCore.Database.Command[20101]
      Executed DbCommand (5ms) [Parameters=[@__now_0='?' (DbType = DateTime)], CommandType='Text', CommandTimeout='30']
      SELECT c."Id", c."AccountManager", c."AccountManagerUserId", c."AlternativeName", c."BillingAddress", c."Category", c."ContractEndDate", c."ContractRef", c."ContractStartDate", c."ContractStatus", c."ContractValue", c."CreatedAt", c."CreditInfo", c."CustomerId", c."CustomerSince", c."CustomerType", c."Email", c."LastServiceDate", c."LegalName", c."MergedAt", c."MergedIntoCustomerId", c."Name", c."NextServiceDate", c."Notes", c."PaymentTerms", c."Phone", c."PreferredContact", c."Priority", c."RegistrationNumber", c."ServiceFrequencyMonths", c."SpecialRequirements", c."Status", c."TinNumber", c."UpdatedAt", c."VatNumber", c."Website", c."WhatsApp", c0."Id", c0."CreatedAt", c0."CustomerId", c0."Email", c0."EmailConsent", c0."IsPrimary", c0."Name", c0."Phone", c0."PhoneConsent", c0."Role", c1."Id", c1."Address", c1."City", c1."ContactPerson", c1."CreatedAt", c1."CustomerId", c1."Email", c1."IsPrimary", c1."Name", c1."Notes", c1."Phone", c1."SiteType", s."Id", s."CertificateNo", s."CreatedAt", s."CustomerId", s."DefectsFound", s."EquipmentAdded", s."EquipmentRemoved", s."EquipmentReplaced", s."EquipmentServiced", s."MaterialsUsed", s."Notes", s."Recommendations", s."ReportSentDate", s."ServiceDate", s."SiteId", s."Status", s."StickersUsed", s."Technician", s."UnitsServiced"
      FROM "Customers" AS c
      LEFT JOIN "CustomerContacts" AS c0 ON c."Id" = c0."CustomerId"
      LEFT JOIN "CustomerSites" AS c1 ON c."Id" = c1."CustomerId"
      LEFT JOIN "ServiceRecords" AS s ON c."Id" = s."CustomerId"
      WHERE c."NextServiceDate" IS NOT NULL AND c."NextServiceDate" < @__now_0
      ORDER BY c."Name", c."Id", c0."Id", c1."Id"
warn: Microsoft.EntityFrameworkCore.Query[20504]
      Compiling a query which loads related collections for more than one collection navigation, either via 'Include' or through projection, but no 'QuerySplittingBehavior' has been configured. By default, Entity Framework will use 'QuerySplittingBehavior.SingleQuery', which can potentially result in slow query performance. See https://go.microsoft.com/fwlink/?linkid=2134277 for more information. To identify the query that's triggering this warning call 'ConfigureWarnings(w => w.Throw(RelationalEventId.MultipleCollectionIncludeWarning))'.
info: Microsoft.EntityFrameworkCore.Database.Command[20101]
      Executed DbCommand (12ms) [Parameters=[@__ParseStatus_0='?' (DbType = Int32)], CommandType='Text', CommandTimeout='30']
      SELECT c."Id", c."AccountManager", c."AccountManagerUserId", c."AlternativeName", c."BillingAddress", c."Category", c."ContractEndDate", c."ContractRef", c."ContractStartDate", c."ContractStatus", c."ContractValue", c."CreatedAt", c."CreditInfo", c."CustomerId", c."CustomerSince", c."CustomerType", c."Email", c."LastServiceDate", c."LegalName", c."MergedAt", c."MergedIntoCustomerId", c."Name", c."NextServiceDate", c."Notes", c."PaymentTerms", c."Phone", c."PreferredContact", c."Priority", c."RegistrationNumber", c."ServiceFrequencyMonths", c."SpecialRequirements", c."Status", c."TinNumber", c."UpdatedAt", c."VatNumber", c."Website", c."WhatsApp", c0."Id", c0."CreatedAt", c0."CustomerId", c0."Email", c0."EmailConsent", c0."IsPrimary", c0."Name", c0."Phone", c0."PhoneConsent", c0."Role", c1."Id", c1."Address", c1."City", c1."ContactPerson", c1."CreatedAt", c1."CustomerId", c1."Email", c1."IsPrimary", c1."Name", c1."Notes", c1."Phone", c1."SiteType", s."Id", s."CertificateNo", s."CreatedAt", s."CustomerId", s."DefectsFound", s."EquipmentAdded", s."EquipmentRemoved", s."EquipmentReplaced", s."EquipmentServiced", s."MaterialsUsed", s."Notes", s."Recommendations", s."ReportSentDate", s."ServiceDate", s."SiteId", s."Status", s."StickersUsed", s."Technician", s."UnitsServiced"
      FROM "Customers" AS c
      LEFT JOIN "CustomerContacts" AS c0 ON c."Id" = c0."CustomerId"
      LEFT JOIN "CustomerSites" AS c1 ON c."Id" = c1."CustomerId"
      LEFT JOIN "ServiceRecords" AS s ON c."Id" = s."CustomerId"
      WHERE c."Status" = @__ParseStatus_0
      ORDER BY c."Name", c."Id", c0."Id", c1."Id"
info: Microsoft.EntityFrameworkCore.Database.Command[20101]
      Executed DbCommand (1ms) [Parameters=[@__ToLower_0='?', @__ToLower_0_1='?'], CommandType='Text', CommandTimeout='30']
      SELECT u."Id", u."CreatedAt", u."Department", u."DisplayName", u."Email", u."IsActive", u."PasswordHash", u."Role", u."Username"
      FROM "Users" AS u
      WHERE lower(u."Username") = @__ToLower_0 OR lower(u."Email") = @__ToLower_0_1
      LIMIT 1
info: Microsoft.EntityFrameworkCore.Database.Command[20101]
      Executed DbCommand (3ms) [Parameters=[@__ToLower_0='?', @__ToLower_0_1='?'], CommandType='Text', CommandTimeout='30']
      SELECT u."Id", u."CreatedAt", u."Department", u."DisplayName", u."Email", u."IsActive", u."PasswordHash", u."Role", u."Username"
      FROM "Users" AS u
      WHERE lower(u."Username") = @__ToLower_0 OR lower(u."Email") = @__ToLower_0_1
      LIMIT 1
info: Microsoft.EntityFrameworkCore.Database.Command[20101]
      Executed DbCommand (2ms) [Parameters=[@__id_0='?' (DbType = Int32)], CommandType='Text', CommandTimeout='30']
      SELECT t."Id", t."AccountManager", t."AccountManagerUserId", t."AlternativeName", t."BillingAddress", t."Category", t."ContractEndDate", t."ContractRef", t."ContractStartDate", t."ContractStatus", t."ContractValue", t."CreatedAt", t."CreditInfo", t."CustomerId", t."CustomerSince", t."CustomerType", t."Email", t."LastServiceDate", t."LegalName", t."MergedAt", t."MergedIntoCustomerId", t."Name", t."NextServiceDate", t."Notes", t."PaymentTerms", t."Phone", t."PreferredContact", t."Priority", t."RegistrationNumber", t."ServiceFrequencyMonths", t."SpecialRequirements", t."Status", t."TinNumber", t."UpdatedAt", t."VatNumber", t."Website", t."WhatsApp", c0."Id", c0."Action", c0."Actor", c0."CreatedAt", c0."CustomerId", c0."Details"
      FROM (
          SELECT c."Id", c."AccountManager", c."AccountManagerUserId", c."AlternativeName", c."BillingAddress", c."Category", c."ContractEndDate", c."ContractRef", c."ContractStartDate", c."ContractStatus", c."ContractValue", c."CreatedAt", c."CreditInfo", c."CustomerId", c."CustomerSince", c."CustomerType", c."Email", c."LastServiceDate", c."LegalName", c."MergedAt", c."MergedIntoCustomerId", c."Name", c."NextServiceDate", c."Notes", c."PaymentTerms", c."Phone", c."PreferredContact", c."Priority", c."RegistrationNumber", c."ServiceFrequencyMonths", c."SpecialRequirements", c."Status", c."TinNumber", c."UpdatedAt", c."VatNumber", c."Website", c."WhatsApp"
          FROM "Customers" AS c
          WHERE c."Id" = @__id_0
          LIMIT 1
      ) AS t
      LEFT JOIN "CustomerActivities" AS c0 ON t."Id" = c0."CustomerId"
      ORDER BY t."Id"
info: Microsoft.EntityFrameworkCore.Database.Command[20101]
      Executed DbCommand (2ms) [Parameters=[@p0='?', @p1='?', @p2='?' (DbType = DateTime), @p3='?' (DbType = Int32), @p4='?', @p5='?', @p6='?', @p7='?' (DbType = DateTime), @p8='?' (DbType = Int32), @p9='?', @p10='?', @p11='?', @p12='?', @p13='?'], CommandType='Text', CommandTimeout='30']
      INSERT INTO "CustomerActivities" ("Action", "Actor", "CreatedAt", "CustomerId", "Details")
      VALUES (@p0, @p1, @p2, @p3, @p4)
      RETURNING "Id";
      INSERT INTO "FieldAudits" ("After", "Before", "CreatedAt", "CustomerId", "Department", "Field", "Reason", "Role", "UserName")
      VALUES (@p5, @p6, @p7, @p8, @p9, @p10, @p11, @p12, @p13)
      RETURNING "Id";
info: Microsoft.EntityFrameworkCore.Database.Command[20101]
      Executed DbCommand (13ms) [Parameters=[@__id_0='?' (DbType = Int32)], CommandType='Text', CommandTimeout='30']
      SELECT t."Id", t."AccountManager", t."AccountManagerUserId", t."AlternativeName", t."BillingAddress", t."Category", t."ContractEndDate", t."ContractRef", t."ContractStartDate", t."ContractStatus", t."ContractValue", t."CreatedAt", t."CreditInfo", t."CustomerId", t."CustomerSince", t."CustomerType", t."Email", t."LastServiceDate", t."LegalName", t."MergedAt", t."MergedIntoCustomerId", t."Name", t."NextServiceDate", t."Notes", t."PaymentTerms", t."Phone", t."PreferredContact", t."Priority", t."RegistrationNumber", t."ServiceFrequencyMonths", t."SpecialRequirements", t."Status", t."TinNumber", t."UpdatedAt", t."VatNumber", t."Website", t."WhatsApp", c0."Id", c0."CreatedAt", c0."CustomerId", c0."Email", c0."EmailConsent", c0."IsPrimary", c0."Name", c0."Phone", c0."PhoneConsent", c0."Role", c1."Id", c1."Address", c1."City", c1."ContactPerson", c1."CreatedAt", c1."CustomerId", c1."Email", c1."IsPrimary", c1."Name", c1."Notes", c1."Phone", c1."SiteType", c2."Id", c2."Content", c2."CreatedAt", c2."CreatedBy", c2."CustomerId", c2."Pinned", t0."Id", t0."CertificateNo", t0."CreatedAt", t0."CustomerId", t0."DefectsFound", t0."EquipmentAdded", t0."EquipmentRemoved", t0."EquipmentReplaced", t0."EquipmentServiced", t0."MaterialsUsed", t0."Notes", t0."Recommendations", t0."ReportSentDate", t0."ServiceDate", t0."SiteId", t0."Status", t0."StickersUsed", t0."Technician", t0."UnitsServiced", t0."Id0", t0."Address", t0."City", t0."ContactPerson", t0."CreatedAt0", t0."CustomerId0", t0."Email", t0."IsPrimary", t0."Name", t0."Notes0", t0."Phone", t0."SiteType", c4."Id", c4."Channel", c4."ContactName", c4."CreatedBy", c4."CustomerId", c4."CustomerResponded", c4."Direction", c4."FollowUpDate", c4."Message", c4."ResponseNotes", c4."SentAt", c4."Subject", c5."Id", c5."CustomerId", c5."DocType", c5."FilePath", c5."Name", c5."Notes", c5."SizeBytes", c5."UploadedAt", c5."UploadedBy", c6."Id", c6."Action", c6."Actor", c6."CreatedAt", c6."CustomerId", c6."Details"
      FROM (
          SELECT c."Id", c."AccountManager", c."AccountManagerUserId", c."AlternativeName", c."BillingAddress", c."Category", c."ContractEndDate", c."ContractRef", c."ContractStartDate", c."ContractStatus", c."ContractValue", c."CreatedAt", c."CreditInfo", c."CustomerId", c."CustomerSince", c."CustomerType", c."Email", c."LastServiceDate", c."LegalName", c."MergedAt", c."MergedIntoCustomerId", c."Name", c."NextServiceDate", c."Notes", c."PaymentTerms", c."Phone", c."PreferredContact", c."Priority", c."RegistrationNumber", c."ServiceFrequencyMonths", c."SpecialRequirements", c."Status", c."TinNumber", c."UpdatedAt", c."VatNumber", c."Website", c."WhatsApp"
          FROM "Customers" AS c
          WHERE c."Id" = @__id_0
          LIMIT 1
      ) AS t
      LEFT JOIN "CustomerContacts" AS c0 ON t."Id" = c0."CustomerId"
      LEFT JOIN "CustomerSites" AS c1 ON t."Id" = c1."CustomerId"
      LEFT JOIN "CustomerNotes" AS c2 ON t."Id" = c2."CustomerId"
      LEFT JOIN (
          SELECT s."Id", s."CertificateNo", s."CreatedAt", s."CustomerId", s."DefectsFound", s."EquipmentAdded", s."EquipmentRemoved", s."EquipmentReplaced", s."EquipmentServiced", s."MaterialsUsed", s."Notes", s."Recommendations", s."ReportSentDate", s."ServiceDate", s."SiteId", s."Status", s."StickersUsed", s."Technician", s."UnitsServiced", c3."Id" AS "Id0", c3."Address", c3."City", c3."ContactPerson", c3."CreatedAt" AS "CreatedAt0", c3."CustomerId" AS "CustomerId0", c3."Email", c3."IsPrimary", c3."Name", c3."Notes" AS "Notes0", c3."Phone", c3."SiteType"
          FROM "ServiceRecords" AS s
          LEFT JOIN "CustomerSites" AS c3 ON s."SiteId" = c3."Id"
      ) AS t0 ON t."Id" = t0."CustomerId"
      LEFT JOIN "CustomerCommunications" AS c4 ON t."Id" = c4."CustomerId"
      LEFT JOIN "CustomerDocuments" AS c5 ON t."Id" = c5."CustomerId"
      LEFT JOIN "CustomerActivities" AS c6 ON t."Id" = c6."CustomerId"
      ORDER BY t."Id", c0."Id", c1."Id", c2."Id", t0."Id", t0."Id0", c4."Id", c5."Id"
info: Microsoft.EntityFrameworkCore.Database.Command[20101]
      Executed DbCommand (1ms) [Parameters=[@__id_0='?' (DbType = Int32)], CommandType='Text', CommandTimeout='30']
      SELECT f."Id", f."After", f."Before", f."CreatedAt", f."CustomerId", f."Department", f."Field", f."Reason", f."Role", f."UserName"
      FROM "FieldAudits" AS f
      WHERE f."CustomerId" = @__id_0
      ORDER BY f."CreatedAt" DESC
warn: Microsoft.EntityFrameworkCore.Query[20504]
      Compiling a query which loads related collections for more than one collection navigation, either via 'Include' or through projection, but no 'QuerySplittingBehavior' has been configured. By default, Entity Framework will use 'QuerySplittingBehavior.SingleQuery', which can potentially result in slow query performance. See https://go.microsoft.com/fwlink/?linkid=2134277 for more information. To identify the query that's triggering this warning call 'ConfigureWarnings(w => w.Throw(RelationalEventId.MultipleCollectionIncludeWarning))'.
info: Microsoft.EntityFrameworkCore.Database.Command[20101]
      Executed DbCommand (13ms) [Parameters=[@__dto_MasterId_0='?' (DbType = Int32)], CommandType='Text', CommandTimeout='30']
      SELECT t."Id", t."AccountManager", t."AccountManagerUserId", t."AlternativeName", t."BillingAddress", t."Category", t."ContractEndDate", t."ContractRef", t."ContractStartDate", t."ContractStatus", t."ContractValue", t."CreatedAt", t."CreditInfo", t."CustomerId", t."CustomerSince", t."CustomerType", t."Email", t."LastServiceDate", t."LegalName", t."MergedAt", t."MergedIntoCustomerId", t."Name", t."NextServiceDate", t."Notes", t."PaymentTerms", t."Phone", t."PreferredContact", t."Priority", t."RegistrationNumber", t."ServiceFrequencyMonths", t."SpecialRequirements", t."Status", t."TinNumber", t."UpdatedAt", t."VatNumber", t."Website", t."WhatsApp", c0."Id", c0."CreatedAt", c0."CustomerId", c0."Email", c0."EmailConsent", c0."IsPrimary", c0."Name", c0."Phone", c0."PhoneConsent", c0."Role", c1."Id", c1."Address", c1."City", c1."ContactPerson", c1."CreatedAt", c1."CustomerId", c1."Email", c1."IsPrimary", c1."Name", c1."Notes", c1."Phone", c1."SiteType", c2."Id", c2."Content", c2."CreatedAt", c2."CreatedBy", c2."CustomerId", c2."Pinned", s."Id", s."CertificateNo", s."CreatedAt", s."CustomerId", s."DefectsFound", s."EquipmentAdded", s."EquipmentRemoved", s."EquipmentReplaced", s."EquipmentServiced", s."MaterialsUsed", s."Notes", s."Recommendations", s."ReportSentDate", s."ServiceDate", s."SiteId", s."Status", s."StickersUsed", s."Technician", s."UnitsServiced", c3."Id", c3."Channel", c3."ContactName", c3."CreatedBy", c3."CustomerId", c3."CustomerResponded", c3."Direction", c3."FollowUpDate", c3."Message", c3."ResponseNotes", c3."SentAt", c3."Subject", c4."Id", c4."CustomerId", c4."DocType", c4."FilePath", c4."Name", c4."Notes", c4."SizeBytes", c4."UploadedAt", c4."UploadedBy", c5."Id", c5."Action", c5."Actor", c5."CreatedAt", c5."CustomerId", c5."Details"
      FROM (
          SELECT c."Id", c."AccountManager", c."AccountManagerUserId", c."AlternativeName", c."BillingAddress", c."Category", c."ContractEndDate", c."ContractRef", c."ContractStartDate", c."ContractStatus", c."ContractValue", c."CreatedAt", c."CreditInfo", c."CustomerId", c."CustomerSince", c."CustomerType", c."Email", c."LastServiceDate", c."LegalName", c."MergedAt", c."MergedIntoCustomerId", c."Name", c."NextServiceDate", c."Notes", c."PaymentTerms", c."Phone", c."PreferredContact", c."Priority", c."RegistrationNumber", c."ServiceFrequencyMonths", c."SpecialRequirements", c."Status", c."TinNumber", c."UpdatedAt", c."VatNumber", c."Website", c."WhatsApp"
          FROM "Customers" AS c
          WHERE c."Id" = @__dto_MasterId_0
          LIMIT 1
      ) AS t
      LEFT JOIN "CustomerContacts" AS c0 ON t."Id" = c0."CustomerId"
      LEFT JOIN "CustomerSites" AS c1 ON t."Id" = c1."CustomerId"
      LEFT JOIN "CustomerNotes" AS c2 ON t."Id" = c2."CustomerId"
      LEFT JOIN "ServiceRecords" AS s ON t."Id" = s."CustomerId"
      LEFT JOIN "CustomerCommunications" AS c3 ON t."Id" = c3."CustomerId"
      LEFT JOIN "CustomerDocuments" AS c4 ON t."Id" = c4."CustomerId"
      LEFT JOIN "CustomerActivities" AS c5 ON t."Id" = c5."CustomerId"
      ORDER BY t."Id", c0."Id", c1."Id", c2."Id", s."Id", c3."Id", c4."Id"
warn: Microsoft.EntityFrameworkCore.Query[20504]
      Compiling a query which loads related collections for more than one collection navigation, either via 'Include' or through projection, but no 'QuerySplittingBehavior' has been configured. By default, Entity Framework will use 'QuerySplittingBehavior.SingleQuery', which can potentially result in slow query performance. See https://go.microsoft.com/fwlink/?linkid=2134277 for more information. To identify the query that's triggering this warning call 'ConfigureWarnings(w => w.Throw(RelationalEventId.MultipleCollectionIncludeWarning))'.
info: Microsoft.EntityFrameworkCore.Database.Command[20101]
      Executed DbCommand (16ms) [Parameters=[@__dto_DuplicateId_0='?' (DbType = Int32)], CommandType='Text', CommandTimeout='30']
      SELECT t."Id", t."AccountManager", t."AccountManagerUserId", t."AlternativeName", t."BillingAddress", t."Category", t."ContractEndDate", t."ContractRef", t."ContractStartDate", t."ContractStatus", t."ContractValue", t."CreatedAt", t."CreditInfo", t."CustomerId", t."CustomerSince", t."CustomerType", t."Email", t."LastServiceDate", t."LegalName", t."MergedAt", t."MergedIntoCustomerId", t."Name", t."NextServiceDate", t."Notes", t."PaymentTerms", t."Phone", t."PreferredContact", t."Priority", t."RegistrationNumber", t."ServiceFrequencyMonths", t."SpecialRequirements", t."Status", t."TinNumber", t."UpdatedAt", t."VatNumber", t."Website", t."WhatsApp", c0."Id", c0."CreatedAt", c0."CustomerId", c0."Email", c0."EmailConsent", c0."IsPrimary", c0."Name", c0."Phone", c0."PhoneConsent", c0."Role", c1."Id", c1."Address", c1."City", c1."ContactPerson", c1."CreatedAt", c1."CustomerId", c1."Email", c1."IsPrimary", c1."Name", c1."Notes", c1."Phone", c1."SiteType", c2."Id", c2."Content", c2."CreatedAt", c2."CreatedBy", c2."CustomerId", c2."Pinned", s."Id", s."CertificateNo", s."CreatedAt", s."CustomerId", s."DefectsFound", s."EquipmentAdded", s."EquipmentRemoved", s."EquipmentReplaced", s."EquipmentServiced", s."MaterialsUsed", s."Notes", s."Recommendations", s."ReportSentDate", s."ServiceDate", s."SiteId", s."Status", s."StickersUsed", s."Technician", s."UnitsServiced", c3."Id", c3."Channel", c3."ContactName", c3."CreatedBy", c3."CustomerId", c3."CustomerResponded", c3."Direction", c3."FollowUpDate", c3."Message", c3."ResponseNotes", c3."SentAt", c3."Subject", c4."Id", c4."CustomerId", c4."DocType", c4."FilePath", c4."Name", c4."Notes", c4."SizeBytes", c4."UploadedAt", c4."UploadedBy", c5."Id", c5."Action", c5."Actor", c5."CreatedAt", c5."CustomerId", c5."Details"
      FROM (
          SELECT c."Id", c."AccountManager", c."AccountManagerUserId", c."AlternativeName", c."BillingAddress", c."Category", c."ContractEndDate", c."ContractRef", c."ContractStartDate", c."ContractStatus", c."ContractValue", c."CreatedAt", c."CreditInfo", c."CustomerId", c."CustomerSince", c."CustomerType", c."Email", c."LastServiceDate", c."LegalName", c."MergedAt", c."MergedIntoCustomerId", c."Name", c."NextServiceDate", c."Notes", c."PaymentTerms", c."Phone", c."PreferredContact", c."Priority", c."RegistrationNumber", c."ServiceFrequencyMonths", c."SpecialRequirements", c."Status", c."TinNumber", c."UpdatedAt", c."VatNumber", c."Website", c."WhatsApp"
          FROM "Customers" AS c
          WHERE c."Id" = @__dto_DuplicateId_0
          LIMIT 1
      ) AS t
      LEFT JOIN "CustomerContacts" AS c0 ON t."Id" = c0."CustomerId"
      LEFT JOIN "CustomerSites" AS c1 ON t."Id" = c1."CustomerId"
      LEFT JOIN "CustomerNotes" AS c2 ON t."Id" = c2."CustomerId"
      LEFT JOIN "ServiceRecords" AS s ON t."Id" = s."CustomerId"
      LEFT JOIN "CustomerCommunications" AS c3 ON t."Id" = c3."CustomerId"
      LEFT JOIN "CustomerDocuments" AS c4 ON t."Id" = c4."CustomerId"
      LEFT JOIN "CustomerActivities" AS c5 ON t."Id" = c5."CustomerId"
      ORDER BY t."Id", c0."Id", c1."Id", c2."Id", s."Id", c3."Id", c4."Id"
info: Microsoft.EntityFrameworkCore.Database.Command[20101]
      Executed DbCommand (1ms) [Parameters=[@__dup_Id_0='?' (DbType = Int32)], CommandType='Text', CommandTimeout='30']
      SELECT f."Id", f."After", f."Before", f."CreatedAt", f."CustomerId", f."Department", f."Field", f."Reason", f."Role", f."UserName"
      FROM "FieldAudits" AS f
      WHERE f."CustomerId" = @__dup_Id_0
info: Microsoft.EntityFrameworkCore.Database.Command[20101]
      Executed DbCommand (3ms) [Parameters=[@p0='?', @p1='?', @p2='?' (DbType = DateTime), @p3='?' (DbType = Int32), @p4='?', @p5='?', @p6='?', @p7='?' (DbType = DateTime), @p8='?' (DbType = Int32), @p9='?', @p14='?' (DbType = Int32), @p10='?' (DbType = DateTime), @p11='?', @p12='?' (DbType = Int32), @p13='?' (DbType = DateTime), @p16='?' (DbType = Int32), @p15='?' (DbType = Int32)], CommandType='Text', CommandTimeout='30']
      INSERT INTO "CustomerActivities" ("Action", "Actor", "CreatedAt", "CustomerId", "Details")
      VALUES (@p0, @p1, @p2, @p3, @p4)
      RETURNING "Id";
      INSERT INTO "CustomerActivities" ("Action", "Actor", "CreatedAt", "CustomerId", "Details")
      VALUES (@p5, @p6, @p7, @p8, @p9)
      RETURNING "Id";
      UPDATE "Customers" SET "MergedAt" = @p10, "MergedIntoCustomerId" = @p11, "Status" = @p12, "UpdatedAt" = @p13
      WHERE "Id" = @p14;
      UPDATE "FieldAudits" SET "CustomerId" = @p15
      WHERE "Id" = @p16;
info: Microsoft.EntityFrameworkCore.Database.Command[20101]
      Executed DbCommand (12ms) [Parameters=[@__id_0='?' (DbType = Int32)], CommandType='Text', CommandTimeout='30']
      SELECT t."Id", t."AccountManager", t."AccountManagerUserId", t."AlternativeName", t."BillingAddress", t."Category", t."ContractEndDate", t."ContractRef", t."ContractStartDate", t."ContractStatus", t."ContractValue", t."CreatedAt", t."CreditInfo", t."CustomerId", t."CustomerSince", t."CustomerType", t."Email", t."LastServiceDate", t."LegalName", t."MergedAt", t."MergedIntoCustomerId", t."Name", t."NextServiceDate", t."Notes", t."PaymentTerms", t."Phone", t."PreferredContact", t."Priority", t."RegistrationNumber", t."ServiceFrequencyMonths", t."SpecialRequirements", t."Status", t."TinNumber", t."UpdatedAt", t."VatNumber", t."Website", t."WhatsApp", c0."Id", c0."CreatedAt", c0."CustomerId", c0."Email", c0."EmailConsent", c0."IsPrimary", c0."Name", c0."Phone", c0."PhoneConsent", c0."Role", c1."Id", c1."Address", c1."City", c1."ContactPerson", c1."CreatedAt", c1."CustomerId", c1."Email", c1."IsPrimary", c1."Name", c1."Notes", c1."Phone", c1."SiteType", c2."Id", c2."Content", c2."CreatedAt", c2."CreatedBy", c2."CustomerId", c2."Pinned", t0."Id", t0."CertificateNo", t0."CreatedAt", t0."CustomerId", t0."DefectsFound", t0."EquipmentAdded", t0."EquipmentRemoved", t0."EquipmentReplaced", t0."EquipmentServiced", t0."MaterialsUsed", t0."Notes", t0."Recommendations", t0."ReportSentDate", t0."ServiceDate", t0."SiteId", t0."Status", t0."StickersUsed", t0."Technician", t0."UnitsServiced", t0."Id0", t0."Address", t0."City", t0."ContactPerson", t0."CreatedAt0", t0."CustomerId0", t0."Email", t0."IsPrimary", t0."Name", t0."Notes0", t0."Phone", t0."SiteType", c4."Id", c4."Channel", c4."ContactName", c4."CreatedBy", c4."CustomerId", c4."CustomerResponded", c4."Direction", c4."FollowUpDate", c4."Message", c4."ResponseNotes", c4."SentAt", c4."Subject", c5."Id", c5."CustomerId", c5."DocType", c5."FilePath", c5."Name", c5."Notes", c5."SizeBytes", c5."UploadedAt", c5."UploadedBy", c6."Id", c6."Action", c6."Actor", c6."CreatedAt", c6."CustomerId", c6."Details"
      FROM (
          SELECT c."Id", c."AccountManager", c."AccountManagerUserId", c."AlternativeName", c."BillingAddress", c."Category", c."ContractEndDate", c."ContractRef", c."ContractStartDate", c."ContractStatus", c."ContractValue", c."CreatedAt", c."CreditInfo", c."CustomerId", c."CustomerSince", c."CustomerType", c."Email", c."LastServiceDate", c."LegalName", c."MergedAt", c."MergedIntoCustomerId", c."Name", c."NextServiceDate", c."Notes", c."PaymentTerms", c."Phone", c."PreferredContact", c."Priority", c."RegistrationNumber", c."ServiceFrequencyMonths", c."SpecialRequirements", c."Status", c."TinNumber", c."UpdatedAt", c."VatNumber", c."Website", c."WhatsApp"
          FROM "Customers" AS c
          WHERE c."Id" = @__id_0
          LIMIT 1
      ) AS t
      LEFT JOIN "CustomerContacts" AS c0 ON t."Id" = c0."CustomerId"
      LEFT JOIN "CustomerSites" AS c1 ON t."Id" = c1."CustomerId"
      LEFT JOIN "CustomerNotes" AS c2 ON t."Id" = c2."CustomerId"
      LEFT JOIN (
          SELECT s."Id", s."CertificateNo", s."CreatedAt", s."CustomerId", s."DefectsFound", s."EquipmentAdded", s."EquipmentRemoved", s."EquipmentReplaced", s."EquipmentServiced", s."MaterialsUsed", s."Notes", s."Recommendations", s."ReportSentDate", s."ServiceDate", s."SiteId", s."Status", s."StickersUsed", s."Technician", s."UnitsServiced", c3."Id" AS "Id0", c3."Address", c3."City", c3."ContactPerson", c3."CreatedAt" AS "CreatedAt0", c3."CustomerId" AS "CustomerId0", c3."Email", c3."IsPrimary", c3."Name", c3."Notes" AS "Notes0", c3."Phone", c3."SiteType"
          FROM "ServiceRecords" AS s
          LEFT JOIN "CustomerSites" AS c3 ON s."SiteId" = c3."Id"
      ) AS t0 ON t."Id" = t0."CustomerId"
      LEFT JOIN "CustomerCommunications" AS c4 ON t."Id" = c4."CustomerId"
      LEFT JOIN "CustomerDocuments" AS c5 ON t."Id" = c5."CustomerId"
      LEFT JOIN "CustomerActivities" AS c6 ON t."Id" = c6."CustomerId"
      ORDER BY t."Id", c0."Id", c1."Id", c2."Id", t0."Id", t0."Id0", c4."Id", c5."Id"
info: Microsoft.EntityFrameworkCore.Database.Command[20101]
      Executed DbCommand (1ms) [Parameters=[@__id_0='?' (DbType = Int32)], CommandType='Text', CommandTimeout='30']
      SELECT f."Id", f."After", f."Before", f."CreatedAt", f."CustomerId", f."Department", f."Field", f."Reason", f."Role", f."UserName"
      FROM "FieldAudits" AS f
      WHERE f."CustomerId" = @__id_0
      ORDER BY f."CreatedAt" DESC
info: Microsoft.EntityFrameworkCore.Database.Command[20101]
      Executed DbCommand (3ms) [Parameters=[@__id_0='?' (DbType = Int32)], CommandType='Text', CommandTimeout='30']
      SELECT t."Id", t."AccountManager", t."AccountManagerUserId", t."AlternativeName", t."BillingAddress", t."Category", t."ContractEndDate", t."ContractRef", t."ContractStartDate", t."ContractStatus", t."ContractValue", t."CreatedAt", t."CreditInfo", t."CustomerId", t."CustomerSince", t."CustomerType", t."Email", t."LastServiceDate", t."LegalName", t."MergedAt", t."MergedIntoCustomerId", t."Name", t."NextServiceDate", t."Notes", t."PaymentTerms", t."Phone", t."PreferredContact", t."Priority", t."RegistrationNumber", t."ServiceFrequencyMonths", t."SpecialRequirements", t."Status", t."TinNumber", t."UpdatedAt", t."VatNumber", t."Website", t."WhatsApp", c0."Id", c0."CreatedAt", c0."CustomerId", c0."Email", c0."EmailConsent", c0."IsPrimary", c0."Name", c0."Phone", c0."PhoneConsent", c0."Role", c1."Id", c1."Address", c1."City", c1."ContactPerson", c1."CreatedAt", c1."CustomerId", c1."Email", c1."IsPrimary", c1."Name", c1."Notes", c1."Phone", c1."SiteType"
      FROM (
          SELECT c."Id", c."AccountManager", c."AccountManagerUserId", c."AlternativeName", c."BillingAddress", c."Category", c."ContractEndDate", c."ContractRef", c."ContractStartDate", c."ContractStatus", c."ContractValue", c."CreatedAt", c."CreditInfo", c."CustomerId", c."CustomerSince", c."CustomerType", c."Email", c."LastServiceDate", c."LegalName", c."MergedAt", c."MergedIntoCustomerId", c."Name", c."NextServiceDate", c."Notes", c."PaymentTerms", c."Phone", c."PreferredContact", c."Priority", c."RegistrationNumber", c."ServiceFrequencyMonths", c."SpecialRequirements", c."Status", c."TinNumber", c."UpdatedAt", c."VatNumber", c."Website", c."WhatsApp"
          FROM "Customers" AS c
          WHERE c."Id" = @__id_0
          LIMIT 1
      ) AS t
      LEFT JOIN "CustomerContacts" AS c0 ON t."Id" = c0."CustomerId"
      LEFT JOIN "CustomerSites" AS c1 ON t."Id" = c1."CustomerId"
      ORDER BY t."Id", c0."Id"
info: Microsoft.EntityFrameworkCore.Database.Command[20101]
      Executed DbCommand (11ms) [Parameters=[@__id_0='?' (DbType = Int32)], CommandType='Text', CommandTimeout='30']
      SELECT t."Id", t."AccountManager", t."AccountManagerUserId", t."AlternativeName", t."BillingAddress", t."Category", t."ContractEndDate", t."ContractRef", t."ContractStartDate", t."ContractStatus", t."ContractValue", t."CreatedAt", t."CreditInfo", t."CustomerId", t."CustomerSince", t."CustomerType", t."Email", t."LastServiceDate", t."LegalName", t."MergedAt", t."MergedIntoCustomerId", t."Name", t."NextServiceDate", t."Notes", t."PaymentTerms", t."Phone", t."PreferredContact", t."Priority", t."RegistrationNumber", t."ServiceFrequencyMonths", t."SpecialRequirements", t."Status", t."TinNumber", t."UpdatedAt", t."VatNumber", t."Website", t."WhatsApp", c0."Id", c0."CreatedAt", c0."CustomerId", c0."Email", c0."EmailConsent", c0."IsPrimary", c0."Name", c0."Phone", c0."PhoneConsent", c0."Role", c1."Id", c1."Address", c1."City", c1."ContactPerson", c1."CreatedAt", c1."CustomerId", c1."Email", c1."IsPrimary", c1."Name", c1."Notes", c1."Phone", c1."SiteType", c2."Id", c2."Content", c2."CreatedAt", c2."CreatedBy", c2."CustomerId", c2."Pinned", t0."Id", t0."CertificateNo", t0."CreatedAt", t0."CustomerId", t0."DefectsFound", t0."EquipmentAdded", t0."EquipmentRemoved", t0."EquipmentReplaced", t0."EquipmentServiced", t0."MaterialsUsed", t0."Notes", t0."Recommendations", t0."ReportSentDate", t0."ServiceDate", t0."SiteId", t0."Status", t0."StickersUsed", t0."Technician", t0."UnitsServiced", t0."Id0", t0."Address", t0."City", t0."ContactPerson", t0."CreatedAt0", t0."CustomerId0", t0."Email", t0."IsPrimary", t0."Name", t0."Notes0", t0."Phone", t0."SiteType", c4."Id", c4."Channel", c4."ContactName", c4."CreatedBy", c4."CustomerId", c4."CustomerResponded", c4."Direction", c4."FollowUpDate", c4."Message", c4."ResponseNotes", c4."SentAt", c4."Subject", c5."Id", c5."CustomerId", c5."DocType", c5."FilePath", c5."Name", c5."Notes", c5."SizeBytes", c5."UploadedAt", c5."UploadedBy", c6."Id", c6."Action", c6."Actor", c6."CreatedAt", c6."CustomerId", c6."Details"
      FROM (
          SELECT c."Id", c."AccountManager", c."AccountManagerUserId", c."AlternativeName", c."BillingAddress", c."Category", c."ContractEndDate", c."ContractRef", c."ContractStartDate", c."ContractStatus", c."ContractValue", c."CreatedAt", c."CreditInfo", c."CustomerId", c."CustomerSince", c."CustomerType", c."Email", c."LastServiceDate", c."LegalName", c."MergedAt", c."MergedIntoCustomerId", c."Name", c."NextServiceDate", c."Notes", c."PaymentTerms", c."Phone", c."PreferredContact", c."Priority", c."RegistrationNumber", c."ServiceFrequencyMonths", c."SpecialRequirements", c."Status", c."TinNumber", c."UpdatedAt", c."VatNumber", c."Website", c."WhatsApp"
          FROM "Customers" AS c
          WHERE c."Id" = @__id_0
          LIMIT 1
      ) AS t
      LEFT JOIN "CustomerContacts" AS c0 ON t."Id" = c0."CustomerId"
      LEFT JOIN "CustomerSites" AS c1 ON t."Id" = c1."CustomerId"
      LEFT JOIN "CustomerNotes" AS c2 ON t."Id" = c2."CustomerId"
      LEFT JOIN (
          SELECT s."Id", s."CertificateNo", s."CreatedAt", s."CustomerId", s."DefectsFound", s."EquipmentAdded", s."EquipmentRemoved", s."EquipmentReplaced", s."EquipmentServiced", s."MaterialsUsed", s."Notes", s."Recommendations", s."ReportSentDate", s."ServiceDate", s."SiteId", s."Status", s."StickersUsed", s."Technician", s."UnitsServiced", c3."Id" AS "Id0", c3."Address", c3."City", c3."ContactPerson", c3."CreatedAt" AS "CreatedAt0", c3."CustomerId" AS "CustomerId0", c3."Email", c3."IsPrimary", c3."Name", c3."Notes" AS "Notes0", c3."Phone", c3."SiteType"
          FROM "ServiceRecords" AS s
          LEFT JOIN "CustomerSites" AS c3 ON s."SiteId" = c3."Id"
      ) AS t0 ON t."Id" = t0."CustomerId"
      LEFT JOIN "CustomerCommunications" AS c4 ON t."Id" = c4."CustomerId"
      LEFT JOIN "CustomerDocuments" AS c5 ON t."Id" = c5."CustomerId"
      LEFT JOIN "CustomerActivities" AS c6 ON t."Id" = c6."CustomerId"
      ORDER BY t."Id", c0."Id", c1."Id", c2."Id", t0."Id", t0."Id0", c4."Id", c5."Id"
info: Microsoft.EntityFrameworkCore.Database.Command[20101]
      Executed DbCommand (5ms) [Parameters=[@__id_0='?' (DbType = Int32)], CommandType='Text', CommandTimeout='30']
      SELECT f."Id", f."After", f."Before", f."CreatedAt", f."CustomerId", f."Department", f."Field", f."Reason", f."Role", f."UserName"
      FROM "FieldAudits" AS f
      WHERE f."CustomerId" = @__id_0
      ORDER BY f."CreatedAt" DESC
warn: Microsoft.EntityFrameworkCore.Query[20504]
      Compiling a query which loads related collections for more than one collection navigation, either via 'Include' or through projection, but no 'QuerySplittingBehavior' has been configured. By default, Entity Framework will use 'QuerySplittingBehavior.SingleQuery', which can potentially result in slow query performance. See https://go.microsoft.com/fwlink/?linkid=2134277 for more information. To identify the query that's triggering this warning call 'ConfigureWarnings(w => w.Throw(RelationalEventId.MultipleCollectionIncludeWarning))'.
info: Microsoft.EntityFrameworkCore.Database.Command[20101]
      Executed DbCommand (8ms) [Parameters=[@__id_0='?' (DbType = Int32)], CommandType='Text', CommandTimeout='30']
      SELECT t."Id", t."AccountManager", t."AccountManagerUserId", t."AlternativeName", t."BillingAddress", t."Category", t."ContractEndDate", t."ContractRef", t."ContractStartDate", t."ContractStatus", t."ContractValue", t."CreatedAt", t."CreditInfo", t."CustomerId", t."CustomerSince", t."CustomerType", t."Email", t."LastServiceDate", t."LegalName", t."MergedAt", t."MergedIntoCustomerId", t."Name", t."NextServiceDate", t."Notes", t."PaymentTerms", t."Phone", t."PreferredContact", t."Priority", t."RegistrationNumber", t."ServiceFrequencyMonths", t."SpecialRequirements", t."Status", t."TinNumber", t."UpdatedAt", t."VatNumber", t."Website", t."WhatsApp", s."Id", s."CertificateNo", s."CreatedAt", s."CustomerId", s."DefectsFound", s."EquipmentAdded", s."EquipmentRemoved", s."EquipmentReplaced", s."EquipmentServiced", s."MaterialsUsed", s."Notes", s."Recommendations", s."ReportSentDate", s."ServiceDate", s."SiteId", s."Status", s."StickersUsed", s."Technician", s."UnitsServiced", c0."Id", c0."Channel", c0."ContactName", c0."CreatedBy", c0."CustomerId", c0."CustomerResponded", c0."Direction", c0."FollowUpDate", c0."Message", c0."ResponseNotes", c0."SentAt", c0."Subject", c1."Id", c1."Action", c1."Actor", c1."CreatedAt", c1."CustomerId", c1."Details", c2."Id", c2."CustomerId", c2."DocType", c2."FilePath", c2."Name", c2."Notes", c2."SizeBytes", c2."UploadedAt", c2."UploadedBy"
      FROM (
          SELECT c."Id", c."AccountManager", c."AccountManagerUserId", c."AlternativeName", c."BillingAddress", c."Category", c."ContractEndDate", c."ContractRef", c."ContractStartDate", c."ContractStatus", c."ContractValue", c."CreatedAt", c."CreditInfo", c."CustomerId", c."CustomerSince", c."CustomerType", c."Email", c."LastServiceDate", c."LegalName", c."MergedAt", c."MergedIntoCustomerId", c."Name", c."NextServiceDate", c."Notes", c."PaymentTerms", c."Phone", c."PreferredContact", c."Priority", c."RegistrationNumber", c."ServiceFrequencyMonths", c."SpecialRequirements", c."Status", c."TinNumber", c."UpdatedAt", c."VatNumber", c."Website", c."WhatsApp"
          FROM "Customers" AS c
          WHERE c."Id" = @__id_0
          LIMIT 1
      ) AS t
      LEFT JOIN "ServiceRecords" AS s ON t."Id" = s."CustomerId"
      LEFT JOIN "CustomerCommunications" AS c0 ON t."Id" = c0."CustomerId"
      LEFT JOIN "CustomerActivities" AS c1 ON t."Id" = c1."CustomerId"
      LEFT JOIN "CustomerDocuments" AS c2 ON t."Id" = c2."CustomerId"
      ORDER BY t."Id", s."Id", c0."Id", c1."Id"
info: Microsoft.EntityFrameworkCore.Database.Command[20101]
      Executed DbCommand (14ms) [Parameters=[@__id_0='?' (DbType = Int32)], CommandType='Text', CommandTimeout='30']
      SELECT t."Id", t."AccountManager", t."AccountManagerUserId", t."AlternativeName", t."BillingAddress", t."Category", t."ContractEndDate", t."ContractRef", t."ContractStartDate", t."ContractStatus", t."ContractValue", t."CreatedAt", t."CreditInfo", t."CustomerId", t."CustomerSince", t."CustomerType", t."Email", t."LastServiceDate", t."LegalName", t."MergedAt", t."MergedIntoCustomerId", t."Name", t."NextServiceDate", t."Notes", t."PaymentTerms", t."Phone", t."PreferredContact", t."Priority", t."RegistrationNumber", t."ServiceFrequencyMonths", t."SpecialRequirements", t."Status", t."TinNumber", t."UpdatedAt", t."VatNumber", t."Website", t."WhatsApp", c0."Id", c0."CreatedAt", c0."CustomerId", c0."Email", c0."EmailConsent", c0."IsPrimary", c0."Name", c0."Phone", c0."PhoneConsent", c0."Role", c1."Id", c1."Address", c1."City", c1."ContactPerson", c1."CreatedAt", c1."CustomerId", c1."Email", c1."IsPrimary", c1."Name", c1."Notes", c1."Phone", c1."SiteType", c2."Id", c2."Content", c2."CreatedAt", c2."CreatedBy", c2."CustomerId", c2."Pinned", t0."Id", t0."CertificateNo", t0."CreatedAt", t0."CustomerId", t0."DefectsFound", t0."EquipmentAdded", t0."EquipmentRemoved", t0."EquipmentReplaced", t0."EquipmentServiced", t0."MaterialsUsed", t0."Notes", t0."Recommendations", t0."ReportSentDate", t0."ServiceDate", t0."SiteId", t0."Status", t0."StickersUsed", t0."Technician", t0."UnitsServiced", t0."Id0", t0."Address", t0."City", t0."ContactPerson", t0."CreatedAt0", t0."CustomerId0", t0."Email", t0."IsPrimary", t0."Name", t0."Notes0", t0."Phone", t0."SiteType", c4."Id", c4."Channel", c4."ContactName", c4."CreatedBy", c4."CustomerId", c4."CustomerResponded", c4."Direction", c4."FollowUpDate", c4."Message", c4."ResponseNotes", c4."SentAt", c4."Subject", c5."Id", c5."CustomerId", c5."DocType", c5."FilePath", c5."Name", c5."Notes", c5."SizeBytes", c5."UploadedAt", c5."UploadedBy", c6."Id", c6."Action", c6."Actor", c6."CreatedAt", c6."CustomerId", c6."Details"
      FROM (
          SELECT c."Id", c."AccountManager", c."AccountManagerUserId", c."AlternativeName", c."BillingAddress", c."Category", c."ContractEndDate", c."ContractRef", c."ContractStartDate", c."ContractStatus", c."ContractValue", c."CreatedAt", c."CreditInfo", c."CustomerId", c."CustomerSince", c."CustomerType", c."Email", c."LastServiceDate", c."LegalName", c."MergedAt", c."MergedIntoCustomerId", c."Name", c."NextServiceDate", c."Notes", c."PaymentTerms", c."Phone", c."PreferredContact", c."Priority", c."RegistrationNumber", c."ServiceFrequencyMonths", c."SpecialRequirements", c."Status", c."TinNumber", c."UpdatedAt", c."VatNumber", c."Website", c."WhatsApp"
          FROM "Customers" AS c
          WHERE c."Id" = @__id_0
          LIMIT 1
      ) AS t
      LEFT JOIN "CustomerContacts" AS c0 ON t."Id" = c0."CustomerId"
      LEFT JOIN "CustomerSites" AS c1 ON t."Id" = c1."CustomerId"
      LEFT JOIN "CustomerNotes" AS c2 ON t."Id" = c2."CustomerId"
      LEFT JOIN (
          SELECT s."Id", s."CertificateNo", s."CreatedAt", s."CustomerId", s."DefectsFound", s."EquipmentAdded", s."EquipmentRemoved", s."EquipmentReplaced", s."EquipmentServiced", s."MaterialsUsed", s."Notes", s."Recommendations", s."ReportSentDate", s."ServiceDate", s."SiteId", s."Status", s."StickersUsed", s."Technician", s."UnitsServiced", c3."Id" AS "Id0", c3."Address", c3."City", c3."ContactPerson", c3."CreatedAt" AS "CreatedAt0", c3."CustomerId" AS "CustomerId0", c3."Email", c3."IsPrimary", c3."Name", c3."Notes" AS "Notes0", c3."Phone", c3."SiteType"
          FROM "ServiceRecords" AS s
          LEFT JOIN "CustomerSites" AS c3 ON s."SiteId" = c3."Id"
      ) AS t0 ON t."Id" = t0."CustomerId"
      LEFT JOIN "CustomerCommunications" AS c4 ON t."Id" = c4."CustomerId"
      LEFT JOIN "CustomerDocuments" AS c5 ON t."Id" = c5."CustomerId"
      LEFT JOIN "CustomerActivities" AS c6 ON t."Id" = c6."CustomerId"
      ORDER BY t."Id", c0."Id", c1."Id", c2."Id", t0."Id", t0."Id0", c4."Id", c5."Id"
info: Microsoft.EntityFrameworkCore.Database.Command[20101]
      Executed DbCommand (40ms) [Parameters=[@__id_0='?' (DbType = Int32)], CommandType='Text', CommandTimeout='30']
      SELECT f."Id", f."After", f."Before", f."CreatedAt", f."CustomerId", f."Department", f."Field", f."Reason", f."Role", f."UserName"
      FROM "FieldAudits" AS f
      WHERE f."CustomerId" = @__id_0
      ORDER BY f."CreatedAt" DESC
info: Microsoft.EntityFrameworkCore.Database.Command[20101]
      Executed DbCommand (11ms) [Parameters=[@__id_0='?' (DbType = Int32)], CommandType='Text', CommandTimeout='30']
      SELECT t."Id", t."AccountManager", t."AccountManagerUserId", t."AlternativeName", t."BillingAddress", t."Category", t."ContractEndDate", t."ContractRef", t."ContractStartDate", t."ContractStatus", t."ContractValue", t."CreatedAt", t."CreditInfo", t."CustomerId", t."CustomerSince", t."CustomerType", t."Email", t."LastServiceDate", t."LegalName", t."MergedAt", t."MergedIntoCustomerId", t."Name", t."NextServiceDate", t."Notes", t."PaymentTerms", t."Phone", t."PreferredContact", t."Priority", t."RegistrationNumber", t."ServiceFrequencyMonths", t."SpecialRequirements", t."Status", t."TinNumber", t."UpdatedAt", t."VatNumber", t."Website", t."WhatsApp", s."Id", s."CertificateNo", s."CreatedAt", s."CustomerId", s."DefectsFound", s."EquipmentAdded", s."EquipmentRemoved", s."EquipmentReplaced", s."EquipmentServiced", s."MaterialsUsed", s."Notes", s."Recommendations", s."ReportSentDate", s."ServiceDate", s."SiteId", s."Status", s."StickersUsed", s."Technician", s."UnitsServiced", c0."Id", c0."Channel", c0."ContactName", c0."CreatedBy", c0."CustomerId", c0."CustomerResponded", c0."Direction", c0."FollowUpDate", c0."Message", c0."ResponseNotes", c0."SentAt", c0."Subject", c1."Id", c1."Action", c1."Actor", c1."CreatedAt", c1."CustomerId", c1."Details", c2."Id", c2."CustomerId", c2."DocType", c2."FilePath", c2."Name", c2."Notes", c2."SizeBytes", c2."UploadedAt", c2."UploadedBy"
      FROM (
          SELECT c."Id", c."AccountManager", c."AccountManagerUserId", c."AlternativeName", c."BillingAddress", c."Category", c."ContractEndDate", c."ContractRef", c."ContractStartDate", c."ContractStatus", c."ContractValue", c."CreatedAt", c."CreditInfo", c."CustomerId", c."CustomerSince", c."CustomerType", c."Email", c."LastServiceDate", c."LegalName", c."MergedAt", c."MergedIntoCustomerId", c."Name", c."NextServiceDate", c."Notes", c."PaymentTerms", c."Phone", c."PreferredContact", c."Priority", c."RegistrationNumber", c."ServiceFrequencyMonths", c."SpecialRequirements", c."Status", c."TinNumber", c."UpdatedAt", c."VatNumber", c."Website", c."WhatsApp"
          FROM "Customers" AS c
          WHERE c."Id" = @__id_0
          LIMIT 1
      ) AS t
      LEFT JOIN "ServiceRecords" AS s ON t."Id" = s."CustomerId"
      LEFT JOIN "CustomerCommunications" AS c0 ON t."Id" = c0."CustomerId"
      LEFT JOIN "CustomerActivities" AS c1 ON t."Id" = c1."CustomerId"
      LEFT JOIN "CustomerDocuments" AS c2 ON t."Id" = c2."CustomerId"
      ORDER BY t."Id", s."Id", c0."Id", c1."Id"
info: Microsoft.EntityFrameworkCore.Database.Command[20101]
      Executed DbCommand (24ms) [Parameters=[@__id_0='?' (DbType = Int32)], CommandType='Text', CommandTimeout='30']
      SELECT t."Id", t."AccountManager", t."AccountManagerUserId", t."AlternativeName", t."BillingAddress", t."Category", t."ContractEndDate", t."ContractRef", t."ContractStartDate", t."ContractStatus", t."ContractValue", t."CreatedAt", t."CreditInfo", t."CustomerId", t."CustomerSince", t."CustomerType", t."Email", t."LastServiceDate", t."LegalName", t."MergedAt", t."MergedIntoCustomerId", t."Name", t."NextServiceDate", t."Notes", t."PaymentTerms", t."Phone", t."PreferredContact", t."Priority", t."RegistrationNumber", t."ServiceFrequencyMonths", t."SpecialRequirements", t."Status", t."TinNumber", t."UpdatedAt", t."VatNumber", t."Website", t."WhatsApp", c0."Id", c0."Channel", c0."ContactName", c0."CreatedBy", c0."CustomerId", c0."CustomerResponded", c0."Direction", c0."FollowUpDate", c0."Message", c0."ResponseNotes", c0."SentAt", c0."Subject"
      FROM (
          SELECT c."Id", c."AccountManager", c."AccountManagerUserId", c."AlternativeName", c."BillingAddress", c."Category", c."ContractEndDate", c."ContractRef", c."ContractStartDate", c."ContractStatus", c."ContractValue", c."CreatedAt", c."CreditInfo", c."CustomerId", c."CustomerSince", c."CustomerType", c."Email", c."LastServiceDate", c."LegalName", c."MergedAt", c."MergedIntoCustomerId", c."Name", c."NextServiceDate", c."Notes", c."PaymentTerms", c."Phone", c."PreferredContact", c."Priority", c."RegistrationNumber", c."ServiceFrequencyMonths", c."SpecialRequirements", c."Status", c."TinNumber", c."UpdatedAt", c."VatNumber", c."Website", c."WhatsApp"
          FROM "Customers" AS c
          WHERE c."Id" = @__id_0
          LIMIT 1
      ) AS t
      LEFT JOIN "CustomerCommunications" AS c0 ON t."Id" = c0."CustomerId"
      ORDER BY t."Id"
info: Microsoft.EntityFrameworkCore.Database.Command[20101]
      Executed DbCommand (10ms) [Parameters=[@p0='?', @p1='?', @p2='?' (DbType = DateTime), @p3='?' (DbType = Int32), @p4='?', @p5='?' (DbType = Int32), @p6='?', @p7='?', @p8='?' (DbType = Int32), @p9='?' (DbType = Boolean), @p10='?' (DbType = Int32), @p11='?' (DbType = DateTime), @p12='?', @p13='?', @p14='?' (DbType = DateTime), @p15='?'], CommandType='Text', CommandTimeout='30']
      INSERT INTO "CustomerActivities" ("Action", "Actor", "CreatedAt", "CustomerId", "Details")
      VALUES (@p0, @p1, @p2, @p3, @p4)
      RETURNING "Id";
      INSERT INTO "CustomerCommunications" ("Channel", "ContactName", "CreatedBy", "CustomerId", "CustomerResponded", "Direction", "FollowUpDate", "Message", "ResponseNotes", "SentAt", "Subject")
      VALUES (@p5, @p6, @p7, @p8, @p9, @p10, @p11, @p12, @p13, @p14, @p15)
      RETURNING "Id";
info: Microsoft.EntityFrameworkCore.Database.Command[20101]
      Executed DbCommand (18ms) [Parameters=[@__id_0='?' (DbType = Int32)], CommandType='Text', CommandTimeout='30']
      SELECT t."Id", t."AccountManager", t."AccountManagerUserId", t."AlternativeName", t."BillingAddress", t."Category", t."ContractEndDate", t."ContractRef", t."ContractStartDate", t."ContractStatus", t."ContractValue", t."CreatedAt", t."CreditInfo", t."CustomerId", t."CustomerSince", t."CustomerType", t."Email", t."LastServiceDate", t."LegalName", t."MergedAt", t."MergedIntoCustomerId", t."Name", t."NextServiceDate", t."Notes", t."PaymentTerms", t."Phone", t."PreferredContact", t."Priority", t."RegistrationNumber", t."ServiceFrequencyMonths", t."SpecialRequirements", t."Status", t."TinNumber", t."UpdatedAt", t."VatNumber", t."Website", t."WhatsApp", c0."Id", c0."CreatedAt", c0."CustomerId", c0."Email", c0."EmailConsent", c0."IsPrimary", c0."Name", c0."Phone", c0."PhoneConsent", c0."Role", c1."Id", c1."Address", c1."City", c1."ContactPerson", c1."CreatedAt", c1."CustomerId", c1."Email", c1."IsPrimary", c1."Name", c1."Notes", c1."Phone", c1."SiteType", c2."Id", c2."Content", c2."CreatedAt", c2."CreatedBy", c2."CustomerId", c2."Pinned", t0."Id", t0."CertificateNo", t0."CreatedAt", t0."CustomerId", t0."DefectsFound", t0."EquipmentAdded", t0."EquipmentRemoved", t0."EquipmentReplaced", t0."EquipmentServiced", t0."MaterialsUsed", t0."Notes", t0."Recommendations", t0."ReportSentDate", t0."ServiceDate", t0."SiteId", t0."Status", t0."StickersUsed", t0."Technician", t0."UnitsServiced", t0."Id0", t0."Address", t0."City", t0."ContactPerson", t0."CreatedAt0", t0."CustomerId0", t0."Email", t0."IsPrimary", t0."Name", t0."Notes0", t0."Phone", t0."SiteType", c4."Id", c4."Channel", c4."ContactName", c4."CreatedBy", c4."CustomerId", c4."CustomerResponded", c4."Direction", c4."FollowUpDate", c4."Message", c4."ResponseNotes", c4."SentAt", c4."Subject", c5."Id", c5."CustomerId", c5."DocType", c5."FilePath", c5."Name", c5."Notes", c5."SizeBytes", c5."UploadedAt", c5."UploadedBy", c6."Id", c6."Action", c6."Actor", c6."CreatedAt", c6."CustomerId", c6."Details"
      FROM (
          SELECT c."Id", c."AccountManager", c."AccountManagerUserId", c."AlternativeName", c."BillingAddress", c."Category", c."ContractEndDate", c."ContractRef", c."ContractStartDate", c."ContractStatus", c."ContractValue", c."CreatedAt", c."CreditInfo", c."CustomerId", c."CustomerSince", c."CustomerType", c."Email", c."LastServiceDate", c."LegalName", c."MergedAt", c."MergedIntoCustomerId", c."Name", c."NextServiceDate", c."Notes", c."PaymentTerms", c."Phone", c."PreferredContact", c."Priority", c."RegistrationNumber", c."ServiceFrequencyMonths", c."SpecialRequirements", c."Status", c."TinNumber", c."UpdatedAt", c."VatNumber", c."Website", c."WhatsApp"
          FROM "Customers" AS c
          WHERE c."Id" = @__id_0
          LIMIT 1
      ) AS t
      LEFT JOIN "CustomerContacts" AS c0 ON t."Id" = c0."CustomerId"
      LEFT JOIN "CustomerSites" AS c1 ON t."Id" = c1."CustomerId"
      LEFT JOIN "CustomerNotes" AS c2 ON t."Id" = c2."CustomerId"
      LEFT JOIN (
          SELECT s."Id", s."CertificateNo", s."CreatedAt", s."CustomerId", s."DefectsFound", s."EquipmentAdded", s."EquipmentRemoved", s."EquipmentReplaced", s."EquipmentServiced", s."MaterialsUsed", s."Notes", s."Recommendations", s."ReportSentDate", s."ServiceDate", s."SiteId", s."Status", s."StickersUsed", s."Technician", s."UnitsServiced", c3."Id" AS "Id0", c3."Address", c3."City", c3."ContactPerson", c3."CreatedAt" AS "CreatedAt0", c3."CustomerId" AS "CustomerId0", c3."Email", c3."IsPrimary", c3."Name", c3."Notes" AS "Notes0", c3."Phone", c3."SiteType"
          FROM "ServiceRecords" AS s
          LEFT JOIN "CustomerSites" AS c3 ON s."SiteId" = c3."Id"
      ) AS t0 ON t."Id" = t0."CustomerId"
      LEFT JOIN "CustomerCommunications" AS c4 ON t."Id" = c4."CustomerId"
      LEFT JOIN "CustomerDocuments" AS c5 ON t."Id" = c5."CustomerId"
      LEFT JOIN "CustomerActivities" AS c6 ON t."Id" = c6."CustomerId"
      ORDER BY t."Id", c0."Id", c1."Id", c2."Id", t0."Id", t0."Id0", c4."Id", c5."Id"
info: Microsoft.EntityFrameworkCore.Database.Command[20101]
      Executed DbCommand (4ms) [Parameters=[@__id_0='?' (DbType = Int32)], CommandType='Text', CommandTimeout='30']
      SELECT f."Id", f."After", f."Before", f."CreatedAt", f."CustomerId", f."Department", f."Field", f."Reason", f."Role", f."UserName"
      FROM "FieldAudits" AS f
      WHERE f."CustomerId" = @__id_0
      ORDER BY f."CreatedAt" DESC
info: Microsoft.EntityFrameworkCore.Database.Command[20101]
      Executed DbCommand (6ms) [Parameters=[@__id_0='?' (DbType = Int32)], CommandType='Text', CommandTimeout='30']
      SELECT t."Id", t."AccountManager", t."AccountManagerUserId", t."AlternativeName", t."BillingAddress", t."Category", t."ContractEndDate", t."ContractRef", t."ContractStartDate", t."ContractStatus", t."ContractValue", t."CreatedAt", t."CreditInfo", t."CustomerId", t."CustomerSince", t."CustomerType", t."Email", t."LastServiceDate", t."LegalName", t."MergedAt", t."MergedIntoCustomerId", t."Name", t."NextServiceDate", t."Notes", t."PaymentTerms", t."Phone", t."PreferredContact", t."Priority", t."RegistrationNumber", t."ServiceFrequencyMonths", t."SpecialRequirements", t."Status", t."TinNumber", t."UpdatedAt", t."VatNumber", t."Website", t."WhatsApp", s."Id", s."CertificateNo", s."CreatedAt", s."CustomerId", s."DefectsFound", s."EquipmentAdded", s."EquipmentRemoved", s."EquipmentReplaced", s."EquipmentServiced", s."MaterialsUsed", s."Notes", s."Recommendations", s."ReportSentDate", s."ServiceDate", s."SiteId", s."Status", s."StickersUsed", s."Technician", s."UnitsServiced", c0."Id", c0."Channel", c0."ContactName", c0."CreatedBy", c0."CustomerId", c0."CustomerResponded", c0."Direction", c0."FollowUpDate", c0."Message", c0."ResponseNotes", c0."SentAt", c0."Subject", c1."Id", c1."Action", c1."Actor", c1."CreatedAt", c1."CustomerId", c1."Details", c2."Id", c2."CustomerId", c2."DocType", c2."FilePath", c2."Name", c2."Notes", c2."SizeBytes", c2."UploadedAt", c2."UploadedBy"
      FROM (
          SELECT c."Id", c."AccountManager", c."AccountManagerUserId", c."AlternativeName", c."BillingAddress", c."Category", c."ContractEndDate", c."ContractRef", c."ContractStartDate", c."ContractStatus", c."ContractValue", c."CreatedAt", c."CreditInfo", c."CustomerId", c."CustomerSince", c."CustomerType", c."Email", c."LastServiceDate", c."LegalName", c."MergedAt", c."MergedIntoCustomerId", c."Name", c."NextServiceDate", c."Notes", c."PaymentTerms", c."Phone", c."PreferredContact", c."Priority", c."RegistrationNumber", c."ServiceFrequencyMonths", c."SpecialRequirements", c."Status", c."TinNumber", c."UpdatedAt", c."VatNumber", c."Website", c."WhatsApp"
          FROM "Customers" AS c
          WHERE c."Id" = @__id_0
          LIMIT 1
      ) AS t
      LEFT JOIN "ServiceRecords" AS s ON t."Id" = s."CustomerId"
      LEFT JOIN "CustomerCommunications" AS c0 ON t."Id" = c0."CustomerId"
      LEFT JOIN "CustomerActivities" AS c1 ON t."Id" = c1."CustomerId"
      LEFT JOIN "CustomerDocuments" AS c2 ON t."Id" = c2."CustomerId"
      ORDER BY t."Id", s."Id", c0."Id", c1."Id"
info: Microsoft.EntityFrameworkCore.Database.Command[20101]
      Executed DbCommand (9ms) [Parameters=[@__id_0='?' (DbType = Int32)], CommandType='Text', CommandTimeout='30']
      SELECT t."Id", t."AccountManager", t."AccountManagerUserId", t."AlternativeName", t."BillingAddress", t."Category", t."ContractEndDate", t."ContractRef", t."ContractStartDate", t."ContractStatus", t."ContractValue", t."CreatedAt", t."CreditInfo", t."CustomerId", t."CustomerSince", t."CustomerType", t."Email", t."LastServiceDate", t."LegalName", t."MergedAt", t."MergedIntoCustomerId", t."Name", t."NextServiceDate", t."Notes", t."PaymentTerms", t."Phone", t."PreferredContact", t."Priority", t."RegistrationNumber", t."ServiceFrequencyMonths", t."SpecialRequirements", t."Status", t."TinNumber", t."UpdatedAt", t."VatNumber", t."Website", t."WhatsApp", c0."Id", c0."Channel", c0."ContactName", c0."CreatedBy", c0."CustomerId", c0."CustomerResponded", c0."Direction", c0."FollowUpDate", c0."Message", c0."ResponseNotes", c0."SentAt", c0."Subject"
      FROM (
          SELECT c."Id", c."AccountManager", c."AccountManagerUserId", c."AlternativeName", c."BillingAddress", c."Category", c."ContractEndDate", c."ContractRef", c."ContractStartDate", c."ContractStatus", c."ContractValue", c."CreatedAt", c."CreditInfo", c."CustomerId", c."CustomerSince", c."CustomerType", c."Email", c."LastServiceDate", c."LegalName", c."MergedAt", c."MergedIntoCustomerId", c."Name", c."NextServiceDate", c."Notes", c."PaymentTerms", c."Phone", c."PreferredContact", c."Priority", c."RegistrationNumber", c."ServiceFrequencyMonths", c."SpecialRequirements", c."Status", c."TinNumber", c."UpdatedAt", c."VatNumber", c."Website", c."WhatsApp"
          FROM "Customers" AS c
          WHERE c."Id" = @__id_0
          LIMIT 1
      ) AS t
      LEFT JOIN "CustomerCommunications" AS c0 ON t."Id" = c0."CustomerId"
      ORDER BY t."Id"
info: Microsoft.EntityFrameworkCore.Database.Command[20101]
      Executed DbCommand (4ms) [Parameters=[@p0='?', @p1='?', @p2='?' (DbType = DateTime), @p3='?' (DbType = Int32), @p4='?', @p5='?' (DbType = Int32), @p6='?', @p7='?', @p8='?' (DbType = Int32), @p9='?' (DbType = Boolean), @p10='?' (DbType = Int32), @p11='?' (DbType = DateTime), @p12='?', @p13='?', @p14='?' (DbType = DateTime), @p15='?'], CommandType='Text', CommandTimeout='30']
      INSERT INTO "CustomerActivities" ("Action", "Actor", "CreatedAt", "CustomerId", "Details")
      VALUES (@p0, @p1, @p2, @p3, @p4)
      RETURNING "Id";
      INSERT INTO "CustomerCommunications" ("Channel", "ContactName", "CreatedBy", "CustomerId", "CustomerResponded", "Direction", "FollowUpDate", "Message", "ResponseNotes", "SentAt", "Subject")
      VALUES (@p5, @p6, @p7, @p8, @p9, @p10, @p11, @p12, @p13, @p14, @p15)
      RETURNING "Id";
info: Microsoft.EntityFrameworkCore.Database.Command[20101]
      Executed DbCommand (19ms) [Parameters=[@__ParseStatus_0='?' (DbType = Int32)], CommandType='Text', CommandTimeout='30']
      SELECT c."Id", c."AccountManager", c."AccountManagerUserId", c."AlternativeName", c."BillingAddress", c."Category", c."ContractEndDate", c."ContractRef", c."ContractStartDate", c."ContractStatus", c."ContractValue", c."CreatedAt", c."CreditInfo", c."CustomerId", c."CustomerSince", c."CustomerType", c."Email", c."LastServiceDate", c."LegalName", c."MergedAt", c."MergedIntoCustomerId", c."Name", c."NextServiceDate", c."Notes", c."PaymentTerms", c."Phone", c."PreferredContact", c."Priority", c."RegistrationNumber", c."ServiceFrequencyMonths", c."SpecialRequirements", c."Status", c."TinNumber", c."UpdatedAt", c."VatNumber", c."Website", c."WhatsApp", c0."Id", c0."CreatedAt", c0."CustomerId", c0."Email", c0."EmailConsent", c0."IsPrimary", c0."Name", c0."Phone", c0."PhoneConsent", c0."Role", c1."Id", c1."Address", c1."City", c1."ContactPerson", c1."CreatedAt", c1."CustomerId", c1."Email", c1."IsPrimary", c1."Name", c1."Notes", c1."Phone", c1."SiteType", s."Id", s."CertificateNo", s."CreatedAt", s."CustomerId", s."DefectsFound", s."EquipmentAdded", s."EquipmentRemoved", s."EquipmentReplaced", s."EquipmentServiced", s."MaterialsUsed", s."Notes", s."Recommendations", s."ReportSentDate", s."ServiceDate", s."SiteId", s."Status", s."StickersUsed", s."Technician", s."UnitsServiced"
      FROM "Customers" AS c
      LEFT JOIN "CustomerContacts" AS c0 ON c."Id" = c0."CustomerId"
      LEFT JOIN "CustomerSites" AS c1 ON c."Id" = c1."CustomerId"
      LEFT JOIN "ServiceRecords" AS s ON c."Id" = s."CustomerId"
      WHERE c."Status" = @__ParseStatus_0
      ORDER BY c."Name", c."Id", c0."Id", c1."Id"
info: Microsoft.EntityFrameworkCore.Database.Command[20101]
      Executed DbCommand (13ms) [Parameters=[@__id_0='?' (DbType = Int32)], CommandType='Text', CommandTimeout='30']
      SELECT t."Id", t."AccountManager", t."AccountManagerUserId", t."AlternativeName", t."BillingAddress", t."Category", t."ContractEndDate", t."ContractRef", t."ContractStartDate", t."ContractStatus", t."ContractValue", t."CreatedAt", t."CreditInfo", t."CustomerId", t."CustomerSince", t."CustomerType", t."Email", t."LastServiceDate", t."LegalName", t."MergedAt", t."MergedIntoCustomerId", t."Name", t."NextServiceDate", t."Notes", t."PaymentTerms", t."Phone", t."PreferredContact", t."Priority", t."RegistrationNumber", t."ServiceFrequencyMonths", t."SpecialRequirements", t."Status", t."TinNumber", t."UpdatedAt", t."VatNumber", t."Website", t."WhatsApp", c0."Id", c0."CreatedAt", c0."CustomerId", c0."Email", c0."EmailConsent", c0."IsPrimary", c0."Name", c0."Phone", c0."PhoneConsent", c0."Role", c1."Id", c1."Address", c1."City", c1."ContactPerson", c1."CreatedAt", c1."CustomerId", c1."Email", c1."IsPrimary", c1."Name", c1."Notes", c1."Phone", c1."SiteType", c2."Id", c2."Content", c2."CreatedAt", c2."CreatedBy", c2."CustomerId", c2."Pinned", t0."Id", t0."CertificateNo", t0."CreatedAt", t0."CustomerId", t0."DefectsFound", t0."EquipmentAdded", t0."EquipmentRemoved", t0."EquipmentReplaced", t0."EquipmentServiced", t0."MaterialsUsed", t0."Notes", t0."Recommendations", t0."ReportSentDate", t0."ServiceDate", t0."SiteId", t0."Status", t0."StickersUsed", t0."Technician", t0."UnitsServiced", t0."Id0", t0."Address", t0."City", t0."ContactPerson", t0."CreatedAt0", t0."CustomerId0", t0."Email", t0."IsPrimary", t0."Name", t0."Notes0", t0."Phone", t0."SiteType", c4."Id", c4."Channel", c4."ContactName", c4."CreatedBy", c4."CustomerId", c4."CustomerResponded", c4."Direction", c4."FollowUpDate", c4."Message", c4."ResponseNotes", c4."SentAt", c4."Subject", c5."Id", c5."CustomerId", c5."DocType", c5."FilePath", c5."Name", c5."Notes", c5."SizeBytes", c5."UploadedAt", c5."UploadedBy", c6."Id", c6."Action", c6."Actor", c6."CreatedAt", c6."CustomerId", c6."Details"
      FROM (
          SELECT c."Id", c."AccountManager", c."AccountManagerUserId", c."AlternativeName", c."BillingAddress", c."Category", c."ContractEndDate", c."ContractRef", c."ContractStartDate", c."ContractStatus", c."ContractValue", c."CreatedAt", c."CreditInfo", c."CustomerId", c."CustomerSince", c."CustomerType", c."Email", c."LastServiceDate", c."LegalName", c."MergedAt", c."MergedIntoCustomerId", c."Name", c."NextServiceDate", c."Notes", c."PaymentTerms", c."Phone", c."PreferredContact", c."Priority", c."RegistrationNumber", c."ServiceFrequencyMonths", c."SpecialRequirements", c."Status", c."TinNumber", c."UpdatedAt", c."VatNumber", c."Website", c."WhatsApp"
          FROM "Customers" AS c
          WHERE c."Id" = @__id_0
          LIMIT 1
      ) AS t
      LEFT JOIN "CustomerContacts" AS c0 ON t."Id" = c0."CustomerId"
      LEFT JOIN "CustomerSites" AS c1 ON t."Id" = c1."CustomerId"
      LEFT JOIN "CustomerNotes" AS c2 ON t."Id" = c2."CustomerId"
      LEFT JOIN (
          SELECT s."Id", s."CertificateNo", s."CreatedAt", s."CustomerId", s."DefectsFound", s."EquipmentAdded", s."EquipmentRemoved", s."EquipmentReplaced", s."EquipmentServiced", s."MaterialsUsed", s."Notes", s."Recommendations", s."ReportSentDate", s."ServiceDate", s."SiteId", s."Status", s."StickersUsed", s."Technician", s."UnitsServiced", c3."Id" AS "Id0", c3."Address", c3."City", c3."ContactPerson", c3."CreatedAt" AS "CreatedAt0", c3."CustomerId" AS "CustomerId0", c3."Email", c3."IsPrimary", c3."Name", c3."Notes" AS "Notes0", c3."Phone", c3."SiteType"
          FROM "ServiceRecords" AS s
          LEFT JOIN "CustomerSites" AS c3 ON s."SiteId" = c3."Id"
      ) AS t0 ON t."Id" = t0."CustomerId"
      LEFT JOIN "CustomerCommunications" AS c4 ON t."Id" = c4."CustomerId"
      LEFT JOIN "CustomerDocuments" AS c5 ON t."Id" = c5."CustomerId"
      LEFT JOIN "CustomerActivities" AS c6 ON t."Id" = c6."CustomerId"
      ORDER BY t."Id", c0."Id", c1."Id", c2."Id", t0."Id", t0."Id0", c4."Id", c5."Id"
info: Microsoft.EntityFrameworkCore.Database.Command[20101]
      Executed DbCommand (11ms) [Parameters=[@__id_0='?' (DbType = Int32)], CommandType='Text', CommandTimeout='30']
      SELECT f."Id", f."After", f."Before", f."CreatedAt", f."CustomerId", f."Department", f."Field", f."Reason", f."Role", f."UserName"
      FROM "FieldAudits" AS f
      WHERE f."CustomerId" = @__id_0
      ORDER BY f."CreatedAt" DESC
info: Microsoft.EntityFrameworkCore.Database.Command[20101]
      Executed DbCommand (6ms) [Parameters=[@__id_0='?' (DbType = Int32)], CommandType='Text', CommandTimeout='30']
      SELECT t."Id", t."AccountManager", t."AccountManagerUserId", t."AlternativeName", t."BillingAddress", t."Category", t."ContractEndDate", t."ContractRef", t."ContractStartDate", t."ContractStatus", t."ContractValue", t."CreatedAt", t."CreditInfo", t."CustomerId", t."CustomerSince", t."CustomerType", t."Email", t."LastServiceDate", t."LegalName", t."MergedAt", t."MergedIntoCustomerId", t."Name", t."NextServiceDate", t."Notes", t."PaymentTerms", t."Phone", t."PreferredContact", t."Priority", t."RegistrationNumber", t."ServiceFrequencyMonths", t."SpecialRequirements", t."Status", t."TinNumber", t."UpdatedAt", t."VatNumber", t."Website", t."WhatsApp", s."Id", s."CertificateNo", s."CreatedAt", s."CustomerId", s."DefectsFound", s."EquipmentAdded", s."EquipmentRemoved", s."EquipmentReplaced", s."EquipmentServiced", s."MaterialsUsed", s."Notes", s."Recommendations", s."ReportSentDate", s."ServiceDate", s."SiteId", s."Status", s."StickersUsed", s."Technician", s."UnitsServiced", c0."Id", c0."Channel", c0."ContactName", c0."CreatedBy", c0."CustomerId", c0."CustomerResponded", c0."Direction", c0."FollowUpDate", c0."Message", c0."ResponseNotes", c0."SentAt", c0."Subject", c1."Id", c1."Action", c1."Actor", c1."CreatedAt", c1."CustomerId", c1."Details", c2."Id", c2."CustomerId", c2."DocType", c2."FilePath", c2."Name", c2."Notes", c2."SizeBytes", c2."UploadedAt", c2."UploadedBy"
      FROM (
          SELECT c."Id", c."AccountManager", c."AccountManagerUserId", c."AlternativeName", c."BillingAddress", c."Category", c."ContractEndDate", c."ContractRef", c."ContractStartDate", c."ContractStatus", c."ContractValue", c."CreatedAt", c."CreditInfo", c."CustomerId", c."CustomerSince", c."CustomerType", c."Email", c."LastServiceDate", c."LegalName", c."MergedAt", c."MergedIntoCustomerId", c."Name", c."NextServiceDate", c."Notes", c."PaymentTerms", c."Phone", c."PreferredContact", c."Priority", c."RegistrationNumber", c."ServiceFrequencyMonths", c."SpecialRequirements", c."Status", c."TinNumber", c."UpdatedAt", c."VatNumber", c."Website", c."WhatsApp"
          FROM "Customers" AS c
          WHERE c."Id" = @__id_0
          LIMIT 1
      ) AS t
      LEFT JOIN "ServiceRecords" AS s ON t."Id" = s."CustomerId"
      LEFT JOIN "CustomerCommunications" AS c0 ON t."Id" = c0."CustomerId"
      LEFT JOIN "CustomerActivities" AS c1 ON t."Id" = c1."CustomerId"
      LEFT JOIN "CustomerDocuments" AS c2 ON t."Id" = c2."CustomerId"
      ORDER BY t."Id", s."Id", c0."Id", c1."Id"
info: Microsoft.EntityFrameworkCore.Database.Command[20101]
      Executed DbCommand (4ms) [Parameters=[@__ParseStatus_0='?' (DbType = Int32)], CommandType='Text', CommandTimeout='30']
      SELECT c."Id", c."AccountManager", c."AccountManagerUserId", c."AlternativeName", c."BillingAddress", c."Category", c."ContractEndDate", c."ContractRef", c."ContractStartDate", c."ContractStatus", c."ContractValue", c."CreatedAt", c."CreditInfo", c."CustomerId", c."CustomerSince", c."CustomerType", c."Email", c."LastServiceDate", c."LegalName", c."MergedAt", c."MergedIntoCustomerId", c."Name", c."NextServiceDate", c."Notes", c."PaymentTerms", c."Phone", c."PreferredContact", c."Priority", c."RegistrationNumber", c."ServiceFrequencyMonths", c."SpecialRequirements", c."Status", c."TinNumber", c."UpdatedAt", c."VatNumber", c."Website", c."WhatsApp", c0."Id", c0."CreatedAt", c0."CustomerId", c0."Email", c0."EmailConsent", c0."IsPrimary", c0."Name", c0."Phone", c0."PhoneConsent", c0."Role", c1."Id", c1."Address", c1."City", c1."ContactPerson", c1."CreatedAt", c1."CustomerId", c1."Email", c1."IsPrimary", c1."Name", c1."Notes", c1."Phone", c1."SiteType", s."Id", s."CertificateNo", s."CreatedAt", s."CustomerId", s."DefectsFound", s."EquipmentAdded", s."EquipmentRemoved", s."EquipmentReplaced", s."EquipmentServiced", s."MaterialsUsed", s."Notes", s."Recommendations", s."ReportSentDate", s."ServiceDate", s."SiteId", s."Status", s."StickersUsed", s."Technician", s."UnitsServiced"
      FROM "Customers" AS c
      LEFT JOIN "CustomerContacts" AS c0 ON c."Id" = c0."CustomerId"
      LEFT JOIN "CustomerSites" AS c1 ON c."Id" = c1."CustomerId"
      LEFT JOIN "ServiceRecords" AS s ON c."Id" = s."CustomerId"
      WHERE c."Status" = @__ParseStatus_0
      ORDER BY c."Name", c."Id", c0."Id", c1."Id"
info: Microsoft.EntityFrameworkCore.Database.Command[20101]
      Executed DbCommand (5ms) [Parameters=[@__id_0='?' (DbType = Int32)], CommandType='Text', CommandTimeout='30']
      SELECT t."Id", t."AccountManager", t."AccountManagerUserId", t."AlternativeName", t."BillingAddress", t."Category", t."ContractEndDate", t."ContractRef", t."ContractStartDate", t."ContractStatus", t."ContractValue", t."CreatedAt", t."CreditInfo", t."CustomerId", t."CustomerSince", t."CustomerType", t."Email", t."LastServiceDate", t."LegalName", t."MergedAt", t."MergedIntoCustomerId", t."Name", t."NextServiceDate", t."Notes", t."PaymentTerms", t."Phone", t."PreferredContact", t."Priority", t."RegistrationNumber", t."ServiceFrequencyMonths", t."SpecialRequirements", t."Status", t."TinNumber", t."UpdatedAt", t."VatNumber", t."Website", t."WhatsApp", c0."Id", c0."Channel", c0."ContactName", c0."CreatedBy", c0."CustomerId", c0."CustomerResponded", c0."Direction", c0."FollowUpDate", c0."Message", c0."ResponseNotes", c0."SentAt", c0."Subject"
      FROM (
          SELECT c."Id", c."AccountManager", c."AccountManagerUserId", c."AlternativeName", c."BillingAddress", c."Category", c."ContractEndDate", c."ContractRef", c."ContractStartDate", c."ContractStatus", c."ContractValue", c."CreatedAt", c."CreditInfo", c."CustomerId", c."CustomerSince", c."CustomerType", c."Email", c."LastServiceDate", c."LegalName", c."MergedAt", c."MergedIntoCustomerId", c."Name", c."NextServiceDate", c."Notes", c."PaymentTerms", c."Phone", c."PreferredContact", c."Priority", c."RegistrationNumber", c."ServiceFrequencyMonths", c."SpecialRequirements", c."Status", c."TinNumber", c."UpdatedAt", c."VatNumber", c."Website", c."WhatsApp"
          FROM "Customers" AS c
          WHERE c."Id" = @__id_0
          LIMIT 1
      ) AS t
      LEFT JOIN "CustomerCommunications" AS c0 ON t."Id" = c0."CustomerId"
      ORDER BY t."Id"
info: Microsoft.EntityFrameworkCore.Database.Command[20101]
      Executed DbCommand (5ms) [Parameters=[@p0='?', @p1='?', @p2='?' (DbType = DateTime), @p3='?' (DbType = Int32), @p4='?', @p5='?' (DbType = Int32), @p6='?', @p7='?', @p8='?' (DbType = Int32), @p9='?' (DbType = Boolean), @p10='?' (DbType = Int32), @p11='?' (DbType = DateTime), @p12='?', @p13='?', @p14='?' (DbType = DateTime), @p15='?'], CommandType='Text', CommandTimeout='30']
      INSERT INTO "CustomerActivities" ("Action", "Actor", "CreatedAt", "CustomerId", "Details")
      VALUES (@p0, @p1, @p2, @p3, @p4)
      RETURNING "Id";
      INSERT INTO "CustomerCommunications" ("Channel", "ContactName", "CreatedBy", "CustomerId", "CustomerResponded", "Direction", "FollowUpDate", "Message", "ResponseNotes", "SentAt", "Subject")
      VALUES (@p5, @p6, @p7, @p8, @p9, @p10, @p11, @p12, @p13, @p14, @p15)
      RETURNING "Id";
info: Microsoft.EntityFrameworkCore.Database.Command[20101]
      Executed DbCommand (14ms) [Parameters=[@__id_0='?' (DbType = Int32)], CommandType='Text', CommandTimeout='30']
      SELECT t."Id", t."AccountManager", t."AccountManagerUserId", t."AlternativeName", t."BillingAddress", t."Category", t."ContractEndDate", t."ContractRef", t."ContractStartDate", t."ContractStatus", t."ContractValue", t."CreatedAt", t."CreditInfo", t."CustomerId", t."CustomerSince", t."CustomerType", t."Email", t."LastServiceDate", t."LegalName", t."MergedAt", t."MergedIntoCustomerId", t."Name", t."NextServiceDate", t."Notes", t."PaymentTerms", t."Phone", t."PreferredContact", t."Priority", t."RegistrationNumber", t."ServiceFrequencyMonths", t."SpecialRequirements", t."Status", t."TinNumber", t."UpdatedAt", t."VatNumber", t."Website", t."WhatsApp", c0."Id", c0."CreatedAt", c0."CustomerId", c0."Email", c0."EmailConsent", c0."IsPrimary", c0."Name", c0."Phone", c0."PhoneConsent", c0."Role", c1."Id", c1."Address", c1."City", c1."ContactPerson", c1."CreatedAt", c1."CustomerId", c1."Email", c1."IsPrimary", c1."Name", c1."Notes", c1."Phone", c1."SiteType", c2."Id", c2."Content", c2."CreatedAt", c2."CreatedBy", c2."CustomerId", c2."Pinned", t0."Id", t0."CertificateNo", t0."CreatedAt", t0."CustomerId", t0."DefectsFound", t0."EquipmentAdded", t0."EquipmentRemoved", t0."EquipmentReplaced", t0."EquipmentServiced", t0."MaterialsUsed", t0."Notes", t0."Recommendations", t0."ReportSentDate", t0."ServiceDate", t0."SiteId", t0."Status", t0."StickersUsed", t0."Technician", t0."UnitsServiced", t0."Id0", t0."Address", t0."City", t0."ContactPerson", t0."CreatedAt0", t0."CustomerId0", t0."Email", t0."IsPrimary", t0."Name", t0."Notes0", t0."Phone", t0."SiteType", c4."Id", c4."Channel", c4."ContactName", c4."CreatedBy", c4."CustomerId", c4."CustomerResponded", c4."Direction", c4."FollowUpDate", c4."Message", c4."ResponseNotes", c4."SentAt", c4."Subject", c5."Id", c5."CustomerId", c5."DocType", c5."FilePath", c5."Name", c5."Notes", c5."SizeBytes", c5."UploadedAt", c5."UploadedBy", c6."Id", c6."Action", c6."Actor", c6."CreatedAt", c6."CustomerId", c6."Details"
      FROM (
          SELECT c."Id", c."AccountManager", c."AccountManagerUserId", c."AlternativeName", c."BillingAddress", c."Category", c."ContractEndDate", c."ContractRef", c."ContractStartDate", c."ContractStatus", c."ContractValue", c."CreatedAt", c."CreditInfo", c."CustomerId", c."CustomerSince", c."CustomerType", c."Email", c."LastServiceDate", c."LegalName", c."MergedAt", c."MergedIntoCustomerId", c."Name", c."NextServiceDate", c."Notes", c."PaymentTerms", c."Phone", c."PreferredContact", c."Priority", c."RegistrationNumber", c."ServiceFrequencyMonths", c."SpecialRequirements", c."Status", c."TinNumber", c."UpdatedAt", c."VatNumber", c."Website", c."WhatsApp"
          FROM "Customers" AS c
          WHERE c."Id" = @__id_0
          LIMIT 1
      ) AS t
      LEFT JOIN "CustomerContacts" AS c0 ON t."Id" = c0."CustomerId"
      LEFT JOIN "CustomerSites" AS c1 ON t."Id" = c1."CustomerId"
      LEFT JOIN "CustomerNotes" AS c2 ON t."Id" = c2."CustomerId"
      LEFT JOIN (
          SELECT s."Id", s."CertificateNo", s."CreatedAt", s."CustomerId", s."DefectsFound", s."EquipmentAdded", s."EquipmentRemoved", s."EquipmentReplaced", s."EquipmentServiced", s."MaterialsUsed", s."Notes", s."Recommendations", s."ReportSentDate", s."ServiceDate", s."SiteId", s."Status", s."StickersUsed", s."Technician", s."UnitsServiced", c3."Id" AS "Id0", c3."Address", c3."City", c3."ContactPerson", c3."CreatedAt" AS "CreatedAt0", c3."CustomerId" AS "CustomerId0", c3."Email", c3."IsPrimary", c3."Name", c3."Notes" AS "Notes0", c3."Phone", c3."SiteType"
          FROM "ServiceRecords" AS s
          LEFT JOIN "CustomerSites" AS c3 ON s."SiteId" = c3."Id"
      ) AS t0 ON t."Id" = t0."CustomerId"
      LEFT JOIN "CustomerCommunications" AS c4 ON t."Id" = c4."CustomerId"
      LEFT JOIN "CustomerDocuments" AS c5 ON t."Id" = c5."CustomerId"
      LEFT JOIN "CustomerActivities" AS c6 ON t."Id" = c6."CustomerId"
      ORDER BY t."Id", c0."Id", c1."Id", c2."Id", t0."Id", t0."Id0", c4."Id", c5."Id"
info: Microsoft.EntityFrameworkCore.Database.Command[20101]
      Executed DbCommand (1ms) [Parameters=[@__id_0='?' (DbType = Int32)], CommandType='Text', CommandTimeout='30']
      SELECT f."Id", f."After", f."Before", f."CreatedAt", f."CustomerId", f."Department", f."Field", f."Reason", f."Role", f."UserName"
      FROM "FieldAudits" AS f
      WHERE f."CustomerId" = @__id_0
      ORDER BY f."CreatedAt" DESC
info: Microsoft.EntityFrameworkCore.Database.Command[20101]
      Executed DbCommand (6ms) [Parameters=[@__id_0='?' (DbType = Int32)], CommandType='Text', CommandTimeout='30']
      SELECT t."Id", t."AccountManager", t."AccountManagerUserId", t."AlternativeName", t."BillingAddress", t."Category", t."ContractEndDate", t."ContractRef", t."ContractStartDate", t."ContractStatus", t."ContractValue", t."CreatedAt", t."CreditInfo", t."CustomerId", t."CustomerSince", t."CustomerType", t."Email", t."LastServiceDate", t."LegalName", t."MergedAt", t."MergedIntoCustomerId", t."Name", t."NextServiceDate", t."Notes", t."PaymentTerms", t."Phone", t."PreferredContact", t."Priority", t."RegistrationNumber", t."ServiceFrequencyMonths", t."SpecialRequirements", t."Status", t."TinNumber", t."UpdatedAt", t."VatNumber", t."Website", t."WhatsApp", s."Id", s."CertificateNo", s."CreatedAt", s."CustomerId", s."DefectsFound", s."EquipmentAdded", s."EquipmentRemoved", s."EquipmentReplaced", s."EquipmentServiced", s."MaterialsUsed", s."Notes", s."Recommendations", s."ReportSentDate", s."ServiceDate", s."SiteId", s."Status", s."StickersUsed", s."Technician", s."UnitsServiced", c0."Id", c0."Channel", c0."ContactName", c0."CreatedBy", c0."CustomerId", c0."CustomerResponded", c0."Direction", c0."FollowUpDate", c0."Message", c0."ResponseNotes", c0."SentAt", c0."Subject", c1."Id", c1."Action", c1."Actor", c1."CreatedAt", c1."CustomerId", c1."Details", c2."Id", c2."CustomerId", c2."DocType", c2."FilePath", c2."Name", c2."Notes", c2."SizeBytes", c2."UploadedAt", c2."UploadedBy"
      FROM (
          SELECT c."Id", c."AccountManager", c."AccountManagerUserId", c."AlternativeName", c."BillingAddress", c."Category", c."ContractEndDate", c."ContractRef", c."ContractStartDate", c."ContractStatus", c."ContractValue", c."CreatedAt", c."CreditInfo", c."CustomerId", c."CustomerSince", c."CustomerType", c."Email", c."LastServiceDate", c."LegalName", c."MergedAt", c."MergedIntoCustomerId", c."Name", c."NextServiceDate", c."Notes", c."PaymentTerms", c."Phone", c."PreferredContact", c."Priority", c."RegistrationNumber", c."ServiceFrequencyMonths", c."SpecialRequirements", c."Status", c."TinNumber", c."UpdatedAt", c."VatNumber", c."Website", c."WhatsApp"
          FROM "Customers" AS c
          WHERE c."Id" = @__id_0
          LIMIT 1
      ) AS t
      LEFT JOIN "ServiceRecords" AS s ON t."Id" = s."CustomerId"
      LEFT JOIN "CustomerCommunications" AS c0 ON t."Id" = c0."CustomerId"
      LEFT JOIN "CustomerActivities" AS c1 ON t."Id" = c1."CustomerId"
      LEFT JOIN "CustomerDocuments" AS c2 ON t."Id" = c2."CustomerId"
      ORDER BY t."Id", s."Id", c0."Id", c1."Id"
info: Microsoft.EntityFrameworkCore.Database.Command[20101]
      Executed DbCommand (6ms) [Parameters=[@__ParseStatus_0='?' (DbType = Int32)], CommandType='Text', CommandTimeout='30']
      SELECT c."Id", c."AccountManager", c."AccountManagerUserId", c."AlternativeName", c."BillingAddress", c."Category", c."ContractEndDate", c."ContractRef", c."ContractStartDate", c."ContractStatus", c."ContractValue", c."CreatedAt", c."CreditInfo", c."CustomerId", c."CustomerSince", c."CustomerType", c."Email", c."LastServiceDate", c."LegalName", c."MergedAt", c."MergedIntoCustomerId", c."Name", c."NextServiceDate", c."Notes", c."PaymentTerms", c."Phone", c."PreferredContact", c."Priority", c."RegistrationNumber", c."ServiceFrequencyMonths", c."SpecialRequirements", c."Status", c."TinNumber", c."UpdatedAt", c."VatNumber", c."Website", c."WhatsApp", c0."Id", c0."CreatedAt", c0."CustomerId", c0."Email", c0."EmailConsent", c0."IsPrimary", c0."Name", c0."Phone", c0."PhoneConsent", c0."Role", c1."Id", c1."Address", c1."City", c1."ContactPerson", c1."CreatedAt", c1."CustomerId", c1."Email", c1."IsPrimary", c1."Name", c1."Notes", c1."Phone", c1."SiteType", s."Id", s."CertificateNo", s."CreatedAt", s."CustomerId", s."DefectsFound", s."EquipmentAdded", s."EquipmentRemoved", s."EquipmentReplaced", s."EquipmentServiced", s."MaterialsUsed", s."Notes", s."Recommendations", s."ReportSentDate", s."ServiceDate", s."SiteId", s."Status", s."StickersUsed", s."Technician", s."UnitsServiced"
      FROM "Customers" AS c
      LEFT JOIN "CustomerContacts" AS c0 ON c."Id" = c0."CustomerId"
      LEFT JOIN "CustomerSites" AS c1 ON c."Id" = c1."CustomerId"
      LEFT JOIN "ServiceRecords" AS s ON c."Id" = s."CustomerId"
      WHERE c."Status" = @__ParseStatus_0
      ORDER BY c."Name", c."Id", c0."Id", c1."Id"
info: Microsoft.EntityFrameworkCore.Database.Command[20101]
      Executed DbCommand (4ms) [Parameters=[], CommandType='Text', CommandTimeout='30']
      SELECT c."Id", c."AccountManager", c."AccountManagerUserId", c."AlternativeName", c."BillingAddress", c."Category", c."ContractEndDate", c."ContractRef", c."ContractStartDate", c."ContractStatus", c."ContractValue", c."CreatedAt", c."CreditInfo", c."CustomerId", c."CustomerSince", c."CustomerType", c."Email", c."LastServiceDate", c."LegalName", c."MergedAt", c."MergedIntoCustomerId", c."Name", c."NextServiceDate", c."Notes", c."PaymentTerms", c."Phone", c."PreferredContact", c."Priority", c."RegistrationNumber", c."ServiceFrequencyMonths", c."SpecialRequirements", c."Status", c."TinNumber", c."UpdatedAt", c."VatNumber", c."Website", c."WhatsApp", c0."Id", c0."CreatedAt", c0."CustomerId", c0."Email", c0."EmailConsent", c0."IsPrimary", c0."Name", c0."Phone", c0."PhoneConsent", c0."Role", c1."Id", c1."Address", c1."City", c1."ContactPerson", c1."CreatedAt", c1."CustomerId", c1."Email", c1."IsPrimary", c1."Name", c1."Notes", c1."Phone", c1."SiteType", s."Id", s."CertificateNo", s."CreatedAt", s."CustomerId", s."DefectsFound", s."EquipmentAdded", s."EquipmentRemoved", s."EquipmentReplaced", s."EquipmentServiced", s."MaterialsUsed", s."Notes", s."Recommendations", s."ReportSentDate", s."ServiceDate", s."SiteId", s."Status", s."StickersUsed", s."Technician", s."UnitsServiced"
      FROM "Customers" AS c
      LEFT JOIN "CustomerContacts" AS c0 ON c."Id" = c0."CustomerId"
      LEFT JOIN "CustomerSites" AS c1 ON c."Id" = c1."CustomerId"
      LEFT JOIN "ServiceRecords" AS s ON c."Id" = s."CustomerId"
      ORDER BY c."Name", c."Id", c0."Id", c1."Id"
info: Microsoft.EntityFrameworkCore.Database.Command[20101]
      Executed DbCommand (4ms) [Parameters=[@__ParseStatus_0='?' (DbType = Int32)], CommandType='Text', CommandTimeout='30']
      SELECT c."Id", c."AccountManager", c."AccountManagerUserId", c."AlternativeName", c."BillingAddress", c."Category", c."ContractEndDate", c."ContractRef", c."ContractStartDate", c."ContractStatus", c."ContractValue", c."CreatedAt", c."CreditInfo", c."CustomerId", c."CustomerSince", c."CustomerType", c."Email", c."LastServiceDate", c."LegalName", c."MergedAt", c."MergedIntoCustomerId", c."Name", c."NextServiceDate", c."Notes", c."PaymentTerms", c."Phone", c."PreferredContact", c."Priority", c."RegistrationNumber", c."ServiceFrequencyMonths", c."SpecialRequirements", c."Status", c."TinNumber", c."UpdatedAt", c."VatNumber", c."Website", c."WhatsApp", c0."Id", c0."CreatedAt", c0."CustomerId", c0."Email", c0."EmailConsent", c0."IsPrimary", c0."Name", c0."Phone", c0."PhoneConsent", c0."Role", c1."Id", c1."Address", c1."City", c1."ContactPerson", c1."CreatedAt", c1."CustomerId", c1."Email", c1."IsPrimary", c1."Name", c1."Notes", c1."Phone", c1."SiteType", s."Id", s."CertificateNo", s."CreatedAt", s."CustomerId", s."DefectsFound", s."EquipmentAdded", s."EquipmentRemoved", s."EquipmentReplaced", s."EquipmentServiced", s."MaterialsUsed", s."Notes", s."Recommendations", s."ReportSentDate", s."ServiceDate", s."SiteId", s."Status", s."StickersUsed", s."Technician", s."UnitsServiced"
      FROM "Customers" AS c
      LEFT JOIN "CustomerContacts" AS c0 ON c."Id" = c0."CustomerId"
      LEFT JOIN "CustomerSites" AS c1 ON c."Id" = c1."CustomerId"
      LEFT JOIN "ServiceRecords" AS s ON c."Id" = s."CustomerId"
      WHERE c."Status" = @__ParseStatus_0
      ORDER BY c."Name", c."Id", c0."Id", c1."Id"
info: Microsoft.EntityFrameworkCore.Database.Command[20101]
      Executed DbCommand (2ms) [Parameters=[@__ParseStatus_0='?' (DbType = Int32)], CommandType='Text', CommandTimeout='30']
      SELECT c."Id", c."AccountManager", c."AccountManagerUserId", c."AlternativeName", c."BillingAddress", c."Category", c."ContractEndDate", c."ContractRef", c."ContractStartDate", c."ContractStatus", c."ContractValue", c."CreatedAt", c."CreditInfo", c."CustomerId", c."CustomerSince", c."CustomerType", c."Email", c."LastServiceDate", c."LegalName", c."MergedAt", c."MergedIntoCustomerId", c."Name", c."NextServiceDate", c."Notes", c."PaymentTerms", c."Phone", c."PreferredContact", c."Priority", c."RegistrationNumber", c."ServiceFrequencyMonths", c."SpecialRequirements", c."Status", c."TinNumber", c."UpdatedAt", c."VatNumber", c."Website", c."WhatsApp", c0."Id", c0."CreatedAt", c0."CustomerId", c0."Email", c0."EmailConsent", c0."IsPrimary", c0."Name", c0."Phone", c0."PhoneConsent", c0."Role", c1."Id", c1."Address", c1."City", c1."ContactPerson", c1."CreatedAt", c1."CustomerId", c1."Email", c1."IsPrimary", c1."Name", c1."Notes", c1."Phone", c1."SiteType", s."Id", s."CertificateNo", s."CreatedAt", s."CustomerId", s."DefectsFound", s."EquipmentAdded", s."EquipmentRemoved", s."EquipmentReplaced", s."EquipmentServiced", s."MaterialsUsed", s."Notes", s."Recommendations", s."ReportSentDate", s."ServiceDate", s."SiteId", s."Status", s."StickersUsed", s."Technician", s."UnitsServiced"
      FROM "Customers" AS c
      LEFT JOIN "CustomerContacts" AS c0 ON c."Id" = c0."CustomerId"
      LEFT JOIN "CustomerSites" AS c1 ON c."Id" = c1."CustomerId"
      LEFT JOIN "ServiceRecords" AS s ON c."Id" = s."CustomerId"
      WHERE c."Status" = @__ParseStatus_0
      ORDER BY c."Name", c."Id", c0."Id", c1."Id"
info: Microsoft.EntityFrameworkCore.Database.Command[20101]
      Executed DbCommand (27ms) [Parameters=[@__ParseStatus_0='?' (DbType = Int32)], CommandType='Text', CommandTimeout='30']
      SELECT c."Id", c."AccountManager", c."AccountManagerUserId", c."AlternativeName", c."BillingAddress", c."Category", c."ContractEndDate", c."ContractRef", c."ContractStartDate", c."ContractStatus", c."ContractValue", c."CreatedAt", c."CreditInfo", c."CustomerId", c."CustomerSince", c."CustomerType", c."Email", c."LastServiceDate", c."LegalName", c."MergedAt", c."MergedIntoCustomerId", c."Name", c."NextServiceDate", c."Notes", c."PaymentTerms", c."Phone", c."PreferredContact", c."Priority", c."RegistrationNumber", c."ServiceFrequencyMonths", c."SpecialRequirements", c."Status", c."TinNumber", c."UpdatedAt", c."VatNumber", c."Website", c."WhatsApp", c0."Id", c0."CreatedAt", c0."CustomerId", c0."Email", c0."EmailConsent", c0."IsPrimary", c0."Name", c0."Phone", c0."PhoneConsent", c0."Role", c1."Id", c1."Address", c1."City", c1."ContactPerson", c1."CreatedAt", c1."CustomerId", c1."Email", c1."IsPrimary", c1."Name", c1."Notes", c1."Phone", c1."SiteType", s."Id", s."CertificateNo", s."CreatedAt", s."CustomerId", s."DefectsFound", s."EquipmentAdded", s."EquipmentRemoved", s."EquipmentReplaced", s."EquipmentServiced", s."MaterialsUsed", s."Notes", s."Recommendations", s."ReportSentDate", s."ServiceDate", s."SiteId", s."Status", s."StickersUsed", s."Technician", s."UnitsServiced"
      FROM "Customers" AS c
      LEFT JOIN "CustomerContacts" AS c0 ON c."Id" = c0."CustomerId"
      LEFT JOIN "CustomerSites" AS c1 ON c."Id" = c1."CustomerId"
      LEFT JOIN "ServiceRecords" AS s ON c."Id" = s."CustomerId"
      WHERE c."Status" = @__ParseStatus_0
      ORDER BY c."Name", c."Id", c0."Id", c1."Id"
info: Microsoft.EntityFrameworkCore.Database.Command[20101]
      Executed DbCommand (4ms) [Parameters=[], CommandType='Text', CommandTimeout='30']
      SELECT c."Id", c."AccountManager", c."AccountManagerUserId", c."AlternativeName", c."BillingAddress", c."Category", c."ContractEndDate", c."ContractRef", c."ContractStartDate", c."ContractStatus", c."ContractValue", c."CreatedAt", c."CreditInfo", c."CustomerId", c."CustomerSince", c."CustomerType", c."Email", c."LastServiceDate", c."LegalName", c."MergedAt", c."MergedIntoCustomerId", c."Name", c."NextServiceDate", c."Notes", c."PaymentTerms", c."Phone", c."PreferredContact", c."Priority", c."RegistrationNumber", c."ServiceFrequencyMonths", c."SpecialRequirements", c."Status", c."TinNumber", c."UpdatedAt", c."VatNumber", c."Website", c."WhatsApp", c0."Id", c0."CreatedAt", c0."CustomerId", c0."Email", c0."EmailConsent", c0."IsPrimary", c0."Name", c0."Phone", c0."PhoneConsent", c0."Role", c1."Id", c1."Address", c1."City", c1."ContactPerson", c1."CreatedAt", c1."CustomerId", c1."Email", c1."IsPrimary", c1."Name", c1."Notes", c1."Phone", c1."SiteType", s."Id", s."CertificateNo", s."CreatedAt", s."CustomerId", s."DefectsFound", s."EquipmentAdded", s."EquipmentRemoved", s."EquipmentReplaced", s."EquipmentServiced", s."MaterialsUsed", s."Notes", s."Recommendations", s."ReportSentDate", s."ServiceDate", s."SiteId", s."Status", s."StickersUsed", s."Technician", s."UnitsServiced"
      FROM "Customers" AS c
      LEFT JOIN "CustomerContacts" AS c0 ON c."Id" = c0."CustomerId"
      LEFT JOIN "CustomerSites" AS c1 ON c."Id" = c1."CustomerId"
      LEFT JOIN "ServiceRecords" AS s ON c."Id" = s."CustomerId"
      ORDER BY c."Name", c."Id", c0."Id", c1."Id"
info: Microsoft.EntityFrameworkCore.Database.Command[20101]
      Executed DbCommand (6ms) [Parameters=[], CommandType='Text', CommandTimeout='30']
      SELECT c."Id", c."AccountManager", c."AccountManagerUserId", c."AlternativeName", c."BillingAddress", c."Category", c."ContractEndDate", c."ContractRef", c."ContractStartDate", c."ContractStatus", c."ContractValue", c."CreatedAt", c."CreditInfo", c."CustomerId", c."CustomerSince", c."CustomerType", c."Email", c."LastServiceDate", c."LegalName", c."MergedAt", c."MergedIntoCustomerId", c."Name", c."NextServiceDate", c."Notes", c."PaymentTerms", c."Phone", c."PreferredContact", c."Priority", c."RegistrationNumber", c."ServiceFrequencyMonths", c."SpecialRequirements", c."Status", c."TinNumber", c."UpdatedAt", c."VatNumber", c."Website", c."WhatsApp", c0."Id", c0."CreatedAt", c0."CustomerId", c0."Email", c0."EmailConsent", c0."IsPrimary", c0."Name", c0."Phone", c0."PhoneConsent", c0."Role", c1."Id", c1."Address", c1."City", c1."ContactPerson", c1."CreatedAt", c1."CustomerId", c1."Email", c1."IsPrimary", c1."Name", c1."Notes", c1."Phone", c1."SiteType", s."Id", s."CertificateNo", s."CreatedAt", s."CustomerId", s."DefectsFound", s."EquipmentAdded", s."EquipmentRemoved", s."EquipmentReplaced", s."EquipmentServiced", s."MaterialsUsed", s."Notes", s."Recommendations", s."ReportSentDate", s."ServiceDate", s."SiteId", s."Status", s."StickersUsed", s."Technician", s."UnitsServiced"
      FROM "Customers" AS c
      LEFT JOIN "CustomerContacts" AS c0 ON c."Id" = c0."CustomerId"
      LEFT JOIN "CustomerSites" AS c1 ON c."Id" = c1."CustomerId"
      LEFT JOIN "ServiceRecords" AS s ON c."Id" = s."CustomerId"
      ORDER BY c."Name", c."Id", c0."Id", c1."Id"
info: Microsoft.EntityFrameworkCore.Database.Command[20101]
      Executed DbCommand (4ms) [Parameters=[], CommandType='Text', CommandTimeout='30']
      SELECT c."Id", c."AccountManager", c."AccountManagerUserId", c."AlternativeName", c."BillingAddress", c."Category", c."ContractEndDate", c."ContractRef", c."ContractStartDate", c."ContractStatus", c."ContractValue", c."CreatedAt", c."CreditInfo", c."CustomerId", c."CustomerSince", c."CustomerType", c."Email", c."LastServiceDate", c."LegalName", c."MergedAt", c."MergedIntoCustomerId", c."Name", c."NextServiceDate", c."Notes", c."PaymentTerms", c."Phone", c."PreferredContact", c."Priority", c."RegistrationNumber", c."ServiceFrequencyMonths", c."SpecialRequirements", c."Status", c."TinNumber", c."UpdatedAt", c."VatNumber", c."Website", c."WhatsApp", c0."Id", c0."CreatedAt", c0."CustomerId", c0."Email", c0."EmailConsent", c0."IsPrimary", c0."Name", c0."Phone", c0."PhoneConsent", c0."Role", c1."Id", c1."Address", c1."City", c1."ContactPerson", c1."CreatedAt", c1."CustomerId", c1."Email", c1."IsPrimary", c1."Name", c1."Notes", c1."Phone", c1."SiteType", s."Id", s."CertificateNo", s."CreatedAt", s."CustomerId", s."DefectsFound", s."EquipmentAdded", s."EquipmentRemoved", s."EquipmentReplaced", s."EquipmentServiced", s."MaterialsUsed", s."Notes", s."Recommendations", s."ReportSentDate", s."ServiceDate", s."SiteId", s."Status", s."StickersUsed", s."Technician", s."UnitsServiced"
      FROM "Customers" AS c
      LEFT JOIN "CustomerContacts" AS c0 ON c."Id" = c0."CustomerId"
      LEFT JOIN "CustomerSites" AS c1 ON c."Id" = c1."CustomerId"
      LEFT JOIN "ServiceRecords" AS s ON c."Id" = s."CustomerId"
      ORDER BY c."Name", c."Id", c0."Id", c1."Id"
info: Microsoft.EntityFrameworkCore.Database.Command[20101]
      Executed DbCommand (11ms) [Parameters=[], CommandType='Text', CommandTimeout='30']
      SELECT c."Id", c."AccountManager", c."AccountManagerUserId", c."AlternativeName", c."BillingAddress", c."Category", c."ContractEndDate", c."ContractRef", c."ContractStartDate", c."ContractStatus", c."ContractValue", c."CreatedAt", c."CreditInfo", c."CustomerId", c."CustomerSince", c."CustomerType", c."Email", c."LastServiceDate", c."LegalName", c."MergedAt", c."MergedIntoCustomerId", c."Name", c."NextServiceDate", c."Notes", c."PaymentTerms", c."Phone", c."PreferredContact", c."Priority", c."RegistrationNumber", c."ServiceFrequencyMonths", c."SpecialRequirements", c."Status", c."TinNumber", c."UpdatedAt", c."VatNumber", c."Website", c."WhatsApp", c0."Id", c0."CreatedAt", c0."CustomerId", c0."Email", c0."EmailConsent", c0."IsPrimary", c0."Name", c0."Phone", c0."PhoneConsent", c0."Role", c1."Id", c1."Address", c1."City", c1."ContactPerson", c1."CreatedAt", c1."CustomerId", c1."Email", c1."IsPrimary", c1."Name", c1."Notes", c1."Phone", c1."SiteType", s."Id", s."CertificateNo", s."CreatedAt", s."CustomerId", s."DefectsFound", s."EquipmentAdded", s."EquipmentRemoved", s."EquipmentReplaced", s."EquipmentServiced", s."MaterialsUsed", s."Notes", s."Recommendations", s."ReportSentDate", s."ServiceDate", s."SiteId", s."Status", s."StickersUsed", s."Technician", s."UnitsServiced"
      FROM "Customers" AS c
      LEFT JOIN "CustomerContacts" AS c0 ON c."Id" = c0."CustomerId"
      LEFT JOIN "CustomerSites" AS c1 ON c."Id" = c1."CustomerId"
      LEFT JOIN "ServiceRecords" AS s ON c."Id" = s."CustomerId"
      ORDER BY c."Name", c."Id", c0."Id", c1."Id"
info: Microsoft.EntityFrameworkCore.Database.Command[20101]
      Executed DbCommand (4ms) [Parameters=[], CommandType='Text', CommandTimeout='30']
      SELECT c."Id", c."AccountManager", c."AccountManagerUserId", c."AlternativeName", c."BillingAddress", c."Category", c."ContractEndDate", c."ContractRef", c."ContractStartDate", c."ContractStatus", c."ContractValue", c."CreatedAt", c."CreditInfo", c."CustomerId", c."CustomerSince", c."CustomerType", c."Email", c."LastServiceDate", c."LegalName", c."MergedAt", c."MergedIntoCustomerId", c."Name", c."NextServiceDate", c."Notes", c."PaymentTerms", c."Phone", c."PreferredContact", c."Priority", c."RegistrationNumber", c."ServiceFrequencyMonths", c."SpecialRequirements", c."Status", c."TinNumber", c."UpdatedAt", c."VatNumber", c."Website", c."WhatsApp", c0."Id", c0."CreatedAt", c0."CustomerId", c0."Email", c0."EmailConsent", c0."IsPrimary", c0."Name", c0."Phone", c0."PhoneConsent", c0."Role", c1."Id", c1."Address", c1."City", c1."ContactPerson", c1."CreatedAt", c1."CustomerId", c1."Email", c1."IsPrimary", c1."Name", c1."Notes", c1."Phone", c1."SiteType", s."Id", s."CertificateNo", s."CreatedAt", s."CustomerId", s."DefectsFound", s."EquipmentAdded", s."EquipmentRemoved", s."EquipmentReplaced", s."EquipmentServiced", s."MaterialsUsed", s."Notes", s."Recommendations", s."ReportSentDate", s."ServiceDate", s."SiteId", s."Status", s."StickersUsed", s."Technician", s."UnitsServiced"
      FROM "Customers" AS c
      LEFT JOIN "CustomerContacts" AS c0 ON c."Id" = c0."CustomerId"
      LEFT JOIN "CustomerSites" AS c1 ON c."Id" = c1."CustomerId"
      LEFT JOIN "ServiceRecords" AS s ON c."Id" = s."CustomerId"
      ORDER BY c."Name", c."Id", c0."Id", c1."Id"
info: Microsoft.EntityFrameworkCore.Database.Command[20101]
      Executed DbCommand (4ms) [Parameters=[], CommandType='Text', CommandTimeout='30']
      SELECT c."Id", c."AccountManager", c."AccountManagerUserId", c."AlternativeName", c."BillingAddress", c."Category", c."ContractEndDate", c."ContractRef", c."ContractStartDate", c."ContractStatus", c."ContractValue", c."CreatedAt", c."CreditInfo", c."CustomerId", c."CustomerSince", c."CustomerType", c."Email", c."LastServiceDate", c."LegalName", c."MergedAt", c."MergedIntoCustomerId", c."Name", c."NextServiceDate", c."Notes", c."PaymentTerms", c."Phone", c."PreferredContact", c."Priority", c."RegistrationNumber", c."ServiceFrequencyMonths", c."SpecialRequirements", c."Status", c."TinNumber", c."UpdatedAt", c."VatNumber", c."Website", c."WhatsApp", c0."Id", c0."CreatedAt", c0."CustomerId", c0."Email", c0."EmailConsent", c0."IsPrimary", c0."Name", c0."Phone", c0."PhoneConsent", c0."Role", c1."Id", c1."Address", c1."City", c1."ContactPerson", c1."CreatedAt", c1."CustomerId", c1."Email", c1."IsPrimary", c1."Name", c1."Notes", c1."Phone", c1."SiteType", s."Id", s."CertificateNo", s."CreatedAt", s."CustomerId", s."DefectsFound", s."EquipmentAdded", s."EquipmentRemoved", s."EquipmentReplaced", s."EquipmentServiced", s."MaterialsUsed", s."Notes", s."Recommendations", s."ReportSentDate", s."ServiceDate", s."SiteId", s."Status", s."StickersUsed", s."Technician", s."UnitsServiced"
      FROM "Customers" AS c
      LEFT JOIN "CustomerContacts" AS c0 ON c."Id" = c0."CustomerId"
      LEFT JOIN "CustomerSites" AS c1 ON c."Id" = c1."CustomerId"
      LEFT JOIN "ServiceRecords" AS s ON c."Id" = s."CustomerId"
      ORDER BY c."Name", c."Id", c0."Id", c1."Id"
info: Microsoft.EntityFrameworkCore.Database.Command[20101]
      Executed DbCommand (7ms) [Parameters=[], CommandType='Text', CommandTimeout='30']
      SELECT c."Id", c."AccountManager", c."AccountManagerUserId", c."AlternativeName", c."BillingAddress", c."Category", c."ContractEndDate", c."ContractRef", c."ContractStartDate", c."ContractStatus", c."ContractValue", c."CreatedAt", c."CreditInfo", c."CustomerId", c."CustomerSince", c."CustomerType", c."Email", c."LastServiceDate", c."LegalName", c."MergedAt", c."MergedIntoCustomerId", c."Name", c."NextServiceDate", c."Notes", c."PaymentTerms", c."Phone", c."PreferredContact", c."Priority", c."RegistrationNumber", c."ServiceFrequencyMonths", c."SpecialRequirements", c."Status", c."TinNumber", c."UpdatedAt", c."VatNumber", c."Website", c."WhatsApp", c0."Id", c0."CreatedAt", c0."CustomerId", c0."Email", c0."EmailConsent", c0."IsPrimary", c0."Name", c0."Phone", c0."PhoneConsent", c0."Role", c1."Id", c1."Address", c1."City", c1."ContactPerson", c1."CreatedAt", c1."CustomerId", c1."Email", c1."IsPrimary", c1."Name", c1."Notes", c1."Phone", c1."SiteType", s."Id", s."CertificateNo", s."CreatedAt", s."CustomerId", s."DefectsFound", s."EquipmentAdded", s."EquipmentRemoved", s."EquipmentReplaced", s."EquipmentServiced", s."MaterialsUsed", s."Notes", s."Recommendations", s."ReportSentDate", s."ServiceDate", s."SiteId", s."Status", s."StickersUsed", s."Technician", s."UnitsServiced"
      FROM "Customers" AS c
      LEFT JOIN "CustomerContacts" AS c0 ON c."Id" = c0."CustomerId"
      LEFT JOIN "CustomerSites" AS c1 ON c."Id" = c1."CustomerId"
      LEFT JOIN "ServiceRecords" AS s ON c."Id" = s."CustomerId"
      ORDER BY c."Name", c."Id", c0."Id", c1."Id"
info: Microsoft.EntityFrameworkCore.Database.Command[20101]
      Executed DbCommand (22ms) [Parameters=[], CommandType='Text', CommandTimeout='30']
      SELECT c."Id", c."AccountManager", c."AccountManagerUserId", c."AlternativeName", c."BillingAddress", c."Category", c."ContractEndDate", c."ContractRef", c."ContractStartDate", c."ContractStatus", c."ContractValue", c."CreatedAt", c."CreditInfo", c."CustomerId", c."CustomerSince", c."CustomerType", c."Email", c."LastServiceDate", c."LegalName", c."MergedAt", c."MergedIntoCustomerId", c."Name", c."NextServiceDate", c."Notes", c."PaymentTerms", c."Phone", c."PreferredContact", c."Priority", c."RegistrationNumber", c."ServiceFrequencyMonths", c."SpecialRequirements", c."Status", c."TinNumber", c."UpdatedAt", c."VatNumber", c."Website", c."WhatsApp", c0."Id", c0."CreatedAt", c0."CustomerId", c0."Email", c0."EmailConsent", c0."IsPrimary", c0."Name", c0."Phone", c0."PhoneConsent", c0."Role", c1."Id", c1."Address", c1."City", c1."ContactPerson", c1."CreatedAt", c1."CustomerId", c1."Email", c1."IsPrimary", c1."Name", c1."Notes", c1."Phone", c1."SiteType", s."Id", s."CertificateNo", s."CreatedAt", s."CustomerId", s."DefectsFound", s."EquipmentAdded", s."EquipmentRemoved", s."EquipmentReplaced", s."EquipmentServiced", s."MaterialsUsed", s."Notes", s."Recommendations", s."ReportSentDate", s."ServiceDate", s."SiteId", s."Status", s."StickersUsed", s."Technician", s."UnitsServiced"
      FROM "Customers" AS c
      LEFT JOIN "CustomerContacts" AS c0 ON c."Id" = c0."CustomerId"
      LEFT JOIN "CustomerSites" AS c1 ON c."Id" = c1."CustomerId"
      LEFT JOIN "ServiceRecords" AS s ON c."Id" = s."CustomerId"
      ORDER BY c."Name", c."Id", c0."Id", c1."Id"
info: Microsoft.EntityFrameworkCore.Database.Command[20101]
      Executed DbCommand (8ms) [Parameters=[], CommandType='Text', CommandTimeout='30']
      SELECT c."Id", c."AccountManager", c."AccountManagerUserId", c."AlternativeName", c."BillingAddress", c."Category", c."ContractEndDate", c."ContractRef", c."ContractStartDate", c."ContractStatus", c."ContractValue", c."CreatedAt", c."CreditInfo", c."CustomerId", c."CustomerSince", c."CustomerType", c."Email", c."LastServiceDate", c."LegalName", c."MergedAt", c."MergedIntoCustomerId", c."Name", c."NextServiceDate", c."Notes", c."PaymentTerms", c."Phone", c."PreferredContact", c."Priority", c."RegistrationNumber", c."ServiceFrequencyMonths", c."SpecialRequirements", c."Status", c."TinNumber", c."UpdatedAt", c."VatNumber", c."Website", c."WhatsApp", c0."Id", c0."CreatedAt", c0."CustomerId", c0."Email", c0."EmailConsent", c0."IsPrimary", c0."Name", c0."Phone", c0."PhoneConsent", c0."Role", c1."Id", c1."Address", c1."City", c1."ContactPerson", c1."CreatedAt", c1."CustomerId", c1."Email", c1."IsPrimary", c1."Name", c1."Notes", c1."Phone", c1."SiteType", s."Id", s."CertificateNo", s."CreatedAt", s."CustomerId", s."DefectsFound", s."EquipmentAdded", s."EquipmentRemoved", s."EquipmentReplaced", s."EquipmentServiced", s."MaterialsUsed", s."Notes", s."Recommendations", s."ReportSentDate", s."ServiceDate", s."SiteId", s."Status", s."StickersUsed", s."Technician", s."UnitsServiced"
      FROM "Customers" AS c
      LEFT JOIN "CustomerContacts" AS c0 ON c."Id" = c0."CustomerId"
      LEFT JOIN "CustomerSites" AS c1 ON c."Id" = c1."CustomerId"
      LEFT JOIN "ServiceRecords" AS s ON c."Id" = s."CustomerId"
      ORDER BY c."Name", c."Id", c0."Id", c1."Id"
info: Microsoft.EntityFrameworkCore.Database.Command[20101]
      Executed DbCommand (4ms) [Parameters=[], CommandType='Text', CommandTimeout='30']
      SELECT c."Id", c."AccountManager", c."AccountManagerUserId", c."AlternativeName", c."BillingAddress", c."Category", c."ContractEndDate", c."ContractRef", c."ContractStartDate", c."ContractStatus", c."ContractValue", c."CreatedAt", c."CreditInfo", c."CustomerId", c."CustomerSince", c."CustomerType", c."Email", c."LastServiceDate", c."LegalName", c."MergedAt", c."MergedIntoCustomerId", c."Name", c."NextServiceDate", c."Notes", c."PaymentTerms", c."Phone", c."PreferredContact", c."Priority", c."RegistrationNumber", c."ServiceFrequencyMonths", c."SpecialRequirements", c."Status", c."TinNumber", c."UpdatedAt", c."VatNumber", c."Website", c."WhatsApp", c0."Id", c0."CreatedAt", c0."CustomerId", c0."Email", c0."EmailConsent", c0."IsPrimary", c0."Name", c0."Phone", c0."PhoneConsent", c0."Role", c1."Id", c1."Address", c1."City", c1."ContactPerson", c1."CreatedAt", c1."CustomerId", c1."Email", c1."IsPrimary", c1."Name", c1."Notes", c1."Phone", c1."SiteType", s."Id", s."CertificateNo", s."CreatedAt", s."CustomerId", s."DefectsFound", s."EquipmentAdded", s."EquipmentRemoved", s."EquipmentReplaced", s."EquipmentServiced", s."MaterialsUsed", s."Notes", s."Recommendations", s."ReportSentDate", s."ServiceDate", s."SiteId", s."Status", s."StickersUsed", s."Technician", s."UnitsServiced"
      FROM "Customers" AS c
      LEFT JOIN "CustomerContacts" AS c0 ON c."Id" = c0."CustomerId"
      LEFT JOIN "CustomerSites" AS c1 ON c."Id" = c1."CustomerId"
      LEFT JOIN "ServiceRecords" AS s ON c."Id" = s."CustomerId"
      ORDER BY c."Name", c."Id", c0."Id", c1."Id"
info: Microsoft.EntityFrameworkCore.Database.Command[20101]
      Executed DbCommand (78ms) [Parameters=[], CommandType='Text', CommandTimeout='30']
      SELECT c."Id", c."AccountManager", c."AccountManagerUserId", c."AlternativeName", c."BillingAddress", c."Category", c."ContractEndDate", c."ContractRef", c."ContractStartDate", c."ContractStatus", c."ContractValue", c."CreatedAt", c."CreditInfo", c."CustomerId", c."CustomerSince", c."CustomerType", c."Email", c."LastServiceDate", c."LegalName", c."MergedAt", c."MergedIntoCustomerId", c."Name", c."NextServiceDate", c."Notes", c."PaymentTerms", c."Phone", c."PreferredContact", c."Priority", c."RegistrationNumber", c."ServiceFrequencyMonths", c."SpecialRequirements", c."Status", c."TinNumber", c."UpdatedAt", c."VatNumber", c."Website", c."WhatsApp", c0."Id", c0."CreatedAt", c0."CustomerId", c0."Email", c0."EmailConsent", c0."IsPrimary", c0."Name", c0."Phone", c0."PhoneConsent", c0."Role", c1."Id", c1."Address", c1."City", c1."ContactPerson", c1."CreatedAt", c1."CustomerId", c1."Email", c1."IsPrimary", c1."Name", c1."Notes", c1."Phone", c1."SiteType", s."Id", s."CertificateNo", s."CreatedAt", s."CustomerId", s."DefectsFound", s."EquipmentAdded", s."EquipmentRemoved", s."EquipmentReplaced", s."EquipmentServiced", s."MaterialsUsed", s."Notes", s."Recommendations", s."ReportSentDate", s."ServiceDate", s."SiteId", s."Status", s."StickersUsed", s."Technician", s."UnitsServiced"
      FROM "Customers" AS c
      LEFT JOIN "CustomerContacts" AS c0 ON c."Id" = c0."CustomerId"
      LEFT JOIN "CustomerSites" AS c1 ON c."Id" = c1."CustomerId"
      LEFT JOIN "ServiceRecords" AS s ON c."Id" = s."CustomerId"
      ORDER BY c."Name", c."Id", c0."Id", c1."Id"
info: Microsoft.EntityFrameworkCore.Database.Command[20101]
      Executed DbCommand (80ms) [Parameters=[], CommandType='Text', CommandTimeout='30']
      SELECT c."Id", c."AccountManager", c."AccountManagerUserId", c."AlternativeName", c."BillingAddress", c."Category", c."ContractEndDate", c."ContractRef", c."ContractStartDate", c."ContractStatus", c."ContractValue", c."CreatedAt", c."CreditInfo", c."CustomerId", c."CustomerSince", c."CustomerType", c."Email", c."LastServiceDate", c."LegalName", c."MergedAt", c."MergedIntoCustomerId", c."Name", c."NextServiceDate", c."Notes", c."PaymentTerms", c."Phone", c."PreferredContact", c."Priority", c."RegistrationNumber", c."ServiceFrequencyMonths", c."SpecialRequirements", c."Status", c."TinNumber", c."UpdatedAt", c."VatNumber", c."Website", c."WhatsApp", c0."Id", c0."CreatedAt", c0."CustomerId", c0."Email", c0."EmailConsent", c0."IsPrimary", c0."Name", c0."Phone", c0."PhoneConsent", c0."Role", c1."Id", c1."Address", c1."City", c1."ContactPerson", c1."CreatedAt", c1."CustomerId", c1."Email", c1."IsPrimary", c1."Name", c1."Notes", c1."Phone", c1."SiteType", s."Id", s."CertificateNo", s."CreatedAt", s."CustomerId", s."DefectsFound", s."EquipmentAdded", s."EquipmentRemoved", s."EquipmentReplaced", s."EquipmentServiced", s."MaterialsUsed", s."Notes", s."Recommendations", s."ReportSentDate", s."ServiceDate", s."SiteId", s."Status", s."StickersUsed", s."Technician", s."UnitsServiced"
      FROM "Customers" AS c
      LEFT JOIN "CustomerContacts" AS c0 ON c."Id" = c0."CustomerId"
      LEFT JOIN "CustomerSites" AS c1 ON c."Id" = c1."CustomerId"
      LEFT JOIN "ServiceRecords" AS s ON c."Id" = s."CustomerId"
      ORDER BY c."Name", c."Id", c0."Id", c1."Id"
info: Microsoft.EntityFrameworkCore.Database.Command[20101]
      Executed DbCommand (15ms) [Parameters=[@__id_0='?' (DbType = Int32)], CommandType='Text', CommandTimeout='30']
      SELECT t."Id", t."AccountManager", t."AccountManagerUserId", t."AlternativeName", t."BillingAddress", t."Category", t."ContractEndDate", t."ContractRef", t."ContractStartDate", t."ContractStatus", t."ContractValue", t."CreatedAt", t."CreditInfo", t."CustomerId", t."CustomerSince", t."CustomerType", t."Email", t."LastServiceDate", t."LegalName", t."MergedAt", t."MergedIntoCustomerId", t."Name", t."NextServiceDate", t."Notes", t."PaymentTerms", t."Phone", t."PreferredContact", t."Priority", t."RegistrationNumber", t."ServiceFrequencyMonths", t."SpecialRequirements", t."Status", t."TinNumber", t."UpdatedAt", t."VatNumber", t."Website", t."WhatsApp", s."Id", s."CertificateNo", s."CreatedAt", s."CustomerId", s."DefectsFound", s."EquipmentAdded", s."EquipmentRemoved", s."EquipmentReplaced", s."EquipmentServiced", s."MaterialsUsed", s."Notes", s."Recommendations", s."ReportSentDate", s."ServiceDate", s."SiteId", s."Status", s."StickersUsed", s."Technician", s."UnitsServiced", c0."Id", c0."Channel", c0."ContactName", c0."CreatedBy", c0."CustomerId", c0."CustomerResponded", c0."Direction", c0."FollowUpDate", c0."Message", c0."ResponseNotes", c0."SentAt", c0."Subject", c1."Id", c1."Action", c1."Actor", c1."CreatedAt", c1."CustomerId", c1."Details", c2."Id", c2."CustomerId", c2."DocType", c2."FilePath", c2."Name", c2."Notes", c2."SizeBytes", c2."UploadedAt", c2."UploadedBy"
      FROM (
          SELECT c."Id", c."AccountManager", c."AccountManagerUserId", c."AlternativeName", c."BillingAddress", c."Category", c."ContractEndDate", c."ContractRef", c."ContractStartDate", c."ContractStatus", c."ContractValue", c."CreatedAt", c."CreditInfo", c."CustomerId", c."CustomerSince", c."CustomerType", c."Email", c."LastServiceDate", c."LegalName", c."MergedAt", c."MergedIntoCustomerId", c."Name", c."NextServiceDate", c."Notes", c."PaymentTerms", c."Phone", c."PreferredContact", c."Priority", c."RegistrationNumber", c."ServiceFrequencyMonths", c."SpecialRequirements", c."Status", c."TinNumber", c."UpdatedAt", c."VatNumber", c."Website", c."WhatsApp"
          FROM "Customers" AS c
          WHERE c."Id" = @__id_0
          LIMIT 1
      ) AS t
      LEFT JOIN "ServiceRecords" AS s ON t."Id" = s."CustomerId"
      LEFT JOIN "CustomerCommunications" AS c0 ON t."Id" = c0."CustomerId"
      LEFT JOIN "CustomerActivities" AS c1 ON t."Id" = c1."CustomerId"
      LEFT JOIN "CustomerDocuments" AS c2 ON t."Id" = c2."CustomerId"
      ORDER BY t."Id", s."Id", c0."Id", c1."Id"
info: Microsoft.EntityFrameworkCore.Database.Command[20101]
      Executed DbCommand (21ms) [Parameters=[@__id_0='?' (DbType = Int32)], CommandType='Text', CommandTimeout='30']
      SELECT t."Id", t."AccountManager", t."AccountManagerUserId", t."AlternativeName", t."BillingAddress", t."Category", t."ContractEndDate", t."ContractRef", t."ContractStartDate", t."ContractStatus", t."ContractValue", t."CreatedAt", t."CreditInfo", t."CustomerId", t."CustomerSince", t."CustomerType", t."Email", t."LastServiceDate", t."LegalName", t."MergedAt", t."MergedIntoCustomerId", t."Name", t."NextServiceDate", t."Notes", t."PaymentTerms", t."Phone", t."PreferredContact", t."Priority", t."RegistrationNumber", t."ServiceFrequencyMonths", t."SpecialRequirements", t."Status", t."TinNumber", t."UpdatedAt", t."VatNumber", t."Website", t."WhatsApp", c0."Id", c0."CreatedAt", c0."CustomerId", c0."Email", c0."EmailConsent", c0."IsPrimary", c0."Name", c0."Phone", c0."PhoneConsent", c0."Role", c1."Id", c1."Address", c1."City", c1."ContactPerson", c1."CreatedAt", c1."CustomerId", c1."Email", c1."IsPrimary", c1."Name", c1."Notes", c1."Phone", c1."SiteType", c2."Id", c2."Content", c2."CreatedAt", c2."CreatedBy", c2."CustomerId", c2."Pinned", t0."Id", t0."CertificateNo", t0."CreatedAt", t0."CustomerId", t0."DefectsFound", t0."EquipmentAdded", t0."EquipmentRemoved", t0."EquipmentReplaced", t0."EquipmentServiced", t0."MaterialsUsed", t0."Notes", t0."Recommendations", t0."ReportSentDate", t0."ServiceDate", t0."SiteId", t0."Status", t0."StickersUsed", t0."Technician", t0."UnitsServiced", t0."Id0", t0."Address", t0."City", t0."ContactPerson", t0."CreatedAt0", t0."CustomerId0", t0."Email", t0."IsPrimary", t0."Name", t0."Notes0", t0."Phone", t0."SiteType", c4."Id", c4."Channel", c4."ContactName", c4."CreatedBy", c4."CustomerId", c4."CustomerResponded", c4."Direction", c4."FollowUpDate", c4."Message", c4."ResponseNotes", c4."SentAt", c4."Subject", c5."Id", c5."CustomerId", c5."DocType", c5."FilePath", c5."Name", c5."Notes", c5."SizeBytes", c5."UploadedAt", c5."UploadedBy", c6."Id", c6."Action", c6."Actor", c6."CreatedAt", c6."CustomerId", c6."Details"
      FROM (
          SELECT c."Id", c."AccountManager", c."AccountManagerUserId", c."AlternativeName", c."BillingAddress", c."Category", c."ContractEndDate", c."ContractRef", c."ContractStartDate", c."ContractStatus", c."ContractValue", c."CreatedAt", c."CreditInfo", c."CustomerId", c."CustomerSince", c."CustomerType", c."Email", c."LastServiceDate", c."LegalName", c."MergedAt", c."MergedIntoCustomerId", c."Name", c."NextServiceDate", c."Notes", c."PaymentTerms", c."Phone", c."PreferredContact", c."Priority", c."RegistrationNumber", c."ServiceFrequencyMonths", c."SpecialRequirements", c."Status", c."TinNumber", c."UpdatedAt", c."VatNumber", c."Website", c."WhatsApp"
          FROM "Customers" AS c
          WHERE c."Id" = @__id_0
          LIMIT 1
      ) AS t
      LEFT JOIN "CustomerContacts" AS c0 ON t."Id" = c0."CustomerId"
      LEFT JOIN "CustomerSites" AS c1 ON t."Id" = c1."CustomerId"
      LEFT JOIN "CustomerNotes" AS c2 ON t."Id" = c2."CustomerId"
      LEFT JOIN (
          SELECT s."Id", s."CertificateNo", s."CreatedAt", s."CustomerId", s."DefectsFound", s."EquipmentAdded", s."EquipmentRemoved", s."EquipmentReplaced", s."EquipmentServiced", s."MaterialsUsed", s."Notes", s."Recommendations", s."ReportSentDate", s."ServiceDate", s."SiteId", s."Status", s."StickersUsed", s."Technician", s."UnitsServiced", c3."Id" AS "Id0", c3."Address", c3."City", c3."ContactPerson", c3."CreatedAt" AS "CreatedAt0", c3."CustomerId" AS "CustomerId0", c3."Email", c3."IsPrimary", c3."Name", c3."Notes" AS "Notes0", c3."Phone", c3."SiteType"
          FROM "ServiceRecords" AS s
          LEFT JOIN "CustomerSites" AS c3 ON s."SiteId" = c3."Id"
      ) AS t0 ON t."Id" = t0."CustomerId"
      LEFT JOIN "CustomerCommunications" AS c4 ON t."Id" = c4."CustomerId"
      LEFT JOIN "CustomerDocuments" AS c5 ON t."Id" = c5."CustomerId"
      LEFT JOIN "CustomerActivities" AS c6 ON t."Id" = c6."CustomerId"
      ORDER BY t."Id", c0."Id", c1."Id", c2."Id", t0."Id", t0."Id0", c4."Id", c5."Id"
info: Microsoft.EntityFrameworkCore.Database.Command[20101]
      Executed DbCommand (6ms) [Parameters=[@__id_0='?' (DbType = Int32)], CommandType='Text', CommandTimeout='30']
      SELECT f."Id", f."After", f."Before", f."CreatedAt", f."CustomerId", f."Department", f."Field", f."Reason", f."Role", f."UserName"
      FROM "FieldAudits" AS f
      WHERE f."CustomerId" = @__id_0
      ORDER BY f."CreatedAt" DESC
info: Microsoft.EntityFrameworkCore.Database.Command[20101]
      Executed DbCommand (6ms) [Parameters=[@__id_0='?' (DbType = Int32)], CommandType='Text', CommandTimeout='30']
      SELECT t."Id", t."AccountManager", t."AccountManagerUserId", t."AlternativeName", t."BillingAddress", t."Category", t."ContractEndDate", t."ContractRef", t."ContractStartDate", t."ContractStatus", t."ContractValue", t."CreatedAt", t."CreditInfo", t."CustomerId", t."CustomerSince", t."CustomerType", t."Email", t."LastServiceDate", t."LegalName", t."MergedAt", t."MergedIntoCustomerId", t."Name", t."NextServiceDate", t."Notes", t."PaymentTerms", t."Phone", t."PreferredContact", t."Priority", t."RegistrationNumber", t."ServiceFrequencyMonths", t."SpecialRequirements", t."Status", t."TinNumber", t."UpdatedAt", t."VatNumber", t."Website", t."WhatsApp", s."Id", s."CertificateNo", s."CreatedAt", s."CustomerId", s."DefectsFound", s."EquipmentAdded", s."EquipmentRemoved", s."EquipmentReplaced", s."EquipmentServiced", s."MaterialsUsed", s."Notes", s."Recommendations", s."ReportSentDate", s."ServiceDate", s."SiteId", s."Status", s."StickersUsed", s."Technician", s."UnitsServiced", c0."Id", c0."Channel", c0."ContactName", c0."CreatedBy", c0."CustomerId", c0."CustomerResponded", c0."Direction", c0."FollowUpDate", c0."Message", c0."ResponseNotes", c0."SentAt", c0."Subject", c1."Id", c1."Action", c1."Actor", c1."CreatedAt", c1."CustomerId", c1."Details", c2."Id", c2."CustomerId", c2."DocType", c2."FilePath", c2."Name", c2."Notes", c2."SizeBytes", c2."UploadedAt", c2."UploadedBy"
      FROM (
          SELECT c."Id", c."AccountManager", c."AccountManagerUserId", c."AlternativeName", c."BillingAddress", c."Category", c."ContractEndDate", c."ContractRef", c."ContractStartDate", c."ContractStatus", c."ContractValue", c."CreatedAt", c."CreditInfo", c."CustomerId", c."CustomerSince", c."CustomerType", c."Email", c."LastServiceDate", c."LegalName", c."MergedAt", c."MergedIntoCustomerId", c."Name", c."NextServiceDate", c."Notes", c."PaymentTerms", c."Phone", c."PreferredContact", c."Priority", c."RegistrationNumber", c."ServiceFrequencyMonths", c."SpecialRequirements", c."Status", c."TinNumber", c."UpdatedAt", c."VatNumber", c."Website", c."WhatsApp"
          FROM "Customers" AS c
          WHERE c."Id" = @__id_0
          LIMIT 1
      ) AS t
      LEFT JOIN "ServiceRecords" AS s ON t."Id" = s."CustomerId"
      LEFT JOIN "CustomerCommunications" AS c0 ON t."Id" = c0."CustomerId"
      LEFT JOIN "CustomerActivities" AS c1 ON t."Id" = c1."CustomerId"
      LEFT JOIN "CustomerDocuments" AS c2 ON t."Id" = c2."CustomerId"
      ORDER BY t."Id", s."Id", c0."Id", c1."Id"
info: Microsoft.EntityFrameworkCore.Database.Command[20101]
      Executed DbCommand (11ms) [Parameters=[@__id_0='?' (DbType = Int32)], CommandType='Text', CommandTimeout='30']
      SELECT t."Id", t."AccountManager", t."AccountManagerUserId", t."AlternativeName", t."BillingAddress", t."Category", t."ContractEndDate", t."ContractRef", t."ContractStartDate", t."ContractStatus", t."ContractValue", t."CreatedAt", t."CreditInfo", t."CustomerId", t."CustomerSince", t."CustomerType", t."Email", t."LastServiceDate", t."LegalName", t."MergedAt", t."MergedIntoCustomerId", t."Name", t."NextServiceDate", t."Notes", t."PaymentTerms", t."Phone", t."PreferredContact", t."Priority", t."RegistrationNumber", t."ServiceFrequencyMonths", t."SpecialRequirements", t."Status", t."TinNumber", t."UpdatedAt", t."VatNumber", t."Website", t."WhatsApp", c0."Id", c0."CreatedAt", c0."CustomerId", c0."Email", c0."EmailConsent", c0."IsPrimary", c0."Name", c0."Phone", c0."PhoneConsent", c0."Role", c1."Id", c1."Address", c1."City", c1."ContactPerson", c1."CreatedAt", c1."CustomerId", c1."Email", c1."IsPrimary", c1."Name", c1."Notes", c1."Phone", c1."SiteType", c2."Id", c2."Content", c2."CreatedAt", c2."CreatedBy", c2."CustomerId", c2."Pinned", t0."Id", t0."CertificateNo", t0."CreatedAt", t0."CustomerId", t0."DefectsFound", t0."EquipmentAdded", t0."EquipmentRemoved", t0."EquipmentReplaced", t0."EquipmentServiced", t0."MaterialsUsed", t0."Notes", t0."Recommendations", t0."ReportSentDate", t0."ServiceDate", t0."SiteId", t0."Status", t0."StickersUsed", t0."Technician", t0."UnitsServiced", t0."Id0", t0."Address", t0."City", t0."ContactPerson", t0."CreatedAt0", t0."CustomerId0", t0."Email", t0."IsPrimary", t0."Name", t0."Notes0", t0."Phone", t0."SiteType", c4."Id", c4."Channel", c4."ContactName", c4."CreatedBy", c4."CustomerId", c4."CustomerResponded", c4."Direction", c4."FollowUpDate", c4."Message", c4."ResponseNotes", c4."SentAt", c4."Subject", c5."Id", c5."CustomerId", c5."DocType", c5."FilePath", c5."Name", c5."Notes", c5."SizeBytes", c5."UploadedAt", c5."UploadedBy", c6."Id", c6."Action", c6."Actor", c6."CreatedAt", c6."CustomerId", c6."Details"
      FROM (
          SELECT c."Id", c."AccountManager", c."AccountManagerUserId", c."AlternativeName", c."BillingAddress", c."Category", c."ContractEndDate", c."ContractRef", c."ContractStartDate", c."ContractStatus", c."ContractValue", c."CreatedAt", c."CreditInfo", c."CustomerId", c."CustomerSince", c."CustomerType", c."Email", c."LastServiceDate", c."LegalName", c."MergedAt", c."MergedIntoCustomerId", c."Name", c."NextServiceDate", c."Notes", c."PaymentTerms", c."Phone", c."PreferredContact", c."Priority", c."RegistrationNumber", c."ServiceFrequencyMonths", c."SpecialRequirements", c."Status", c."TinNumber", c."UpdatedAt", c."VatNumber", c."Website", c."WhatsApp"
          FROM "Customers" AS c
          WHERE c."Id" = @__id_0
          LIMIT 1
      ) AS t
      LEFT JOIN "CustomerContacts" AS c0 ON t."Id" = c0."CustomerId"
      LEFT JOIN "CustomerSites" AS c1 ON t."Id" = c1."CustomerId"
      LEFT JOIN "CustomerNotes" AS c2 ON t."Id" = c2."CustomerId"
      LEFT JOIN (
          SELECT s."Id", s."CertificateNo", s."CreatedAt", s."CustomerId", s."DefectsFound", s."EquipmentAdded", s."EquipmentRemoved", s."EquipmentReplaced", s."EquipmentServiced", s."MaterialsUsed", s."Notes", s."Recommendations", s."ReportSentDate", s."ServiceDate", s."SiteId", s."Status", s."StickersUsed", s."Technician", s."UnitsServiced", c3."Id" AS "Id0", c3."Address", c3."City", c3."ContactPerson", c3."CreatedAt" AS "CreatedAt0", c3."CustomerId" AS "CustomerId0", c3."Email", c3."IsPrimary", c3."Name", c3."Notes" AS "Notes0", c3."Phone", c3."SiteType"
          FROM "ServiceRecords" AS s
          LEFT JOIN "CustomerSites" AS c3 ON s."SiteId" = c3."Id"
      ) AS t0 ON t."Id" = t0."CustomerId"
      LEFT JOIN "CustomerCommunications" AS c4 ON t."Id" = c4."CustomerId"
      LEFT JOIN "CustomerDocuments" AS c5 ON t."Id" = c5."CustomerId"
      LEFT JOIN "CustomerActivities" AS c6 ON t."Id" = c6."CustomerId"
      ORDER BY t."Id", c0."Id", c1."Id", c2."Id", t0."Id", t0."Id0", c4."Id", c5."Id"
info: Microsoft.EntityFrameworkCore.Database.Command[20101]
      Executed DbCommand (4ms) [Parameters=[@__id_0='?' (DbType = Int32)], CommandType='Text', CommandTimeout='30']
      SELECT f."Id", f."After", f."Before", f."CreatedAt", f."CustomerId", f."Department", f."Field", f."Reason", f."Role", f."UserName"
      FROM "FieldAudits" AS f
      WHERE f."CustomerId" = @__id_0
      ORDER BY f."CreatedAt" DESC
info: Microsoft.EntityFrameworkCore.Database.Command[20101]
      Executed DbCommand (13ms) [Parameters=[@__now_0='?' (DbType = DateTime)], CommandType='Text', CommandTimeout='30']
      SELECT c."Id", c."AccountManager", c."AccountManagerUserId", c."AlternativeName", c."BillingAddress", c."Category", c."ContractEndDate", c."ContractRef", c."ContractStartDate", c."ContractStatus", c."ContractValue", c."CreatedAt", c."CreditInfo", c."CustomerId", c."CustomerSince", c."CustomerType", c."Email", c."LastServiceDate", c."LegalName", c."MergedAt", c."MergedIntoCustomerId", c."Name", c."NextServiceDate", c."Notes", c."PaymentTerms", c."Phone", c."PreferredContact", c."Priority", c."RegistrationNumber", c."ServiceFrequencyMonths", c."SpecialRequirements", c."Status", c."TinNumber", c."UpdatedAt", c."VatNumber", c."Website", c."WhatsApp", c0."Id", c0."CreatedAt", c0."CustomerId", c0."Email", c0."EmailConsent", c0."IsPrimary", c0."Name", c0."Phone", c0."PhoneConsent", c0."Role", c1."Id", c1."Address", c1."City", c1."ContactPerson", c1."CreatedAt", c1."CustomerId", c1."Email", c1."IsPrimary", c1."Name", c1."Notes", c1."Phone", c1."SiteType", s."Id", s."CertificateNo", s."CreatedAt", s."CustomerId", s."DefectsFound", s."EquipmentAdded", s."EquipmentRemoved", s."EquipmentReplaced", s."EquipmentServiced", s."MaterialsUsed", s."Notes", s."Recommendations", s."ReportSentDate", s."ServiceDate", s."SiteId", s."Status", s."StickersUsed", s."Technician", s."UnitsServiced"
      FROM "Customers" AS c
      LEFT JOIN "CustomerContacts" AS c0 ON c."Id" = c0."CustomerId"
      LEFT JOIN "CustomerSites" AS c1 ON c."Id" = c1."CustomerId"
      LEFT JOIN "ServiceRecords" AS s ON c."Id" = s."CustomerId"
      WHERE c."NextServiceDate" IS NOT NULL AND c."NextServiceDate" < @__now_0
      ORDER BY c."Name", c."Id", c0."Id", c1."Id"
info: Microsoft.EntityFrameworkCore.Database.Command[20101]
      Executed DbCommand (61ms) [Parameters=[@__now_0='?' (DbType = DateTime)], CommandType='Text', CommandTimeout='30']
      SELECT c."Id", c."AccountManager", c."AccountManagerUserId", c."AlternativeName", c."BillingAddress", c."Category", c."ContractEndDate", c."ContractRef", c."ContractStartDate", c."ContractStatus", c."ContractValue", c."CreatedAt", c."CreditInfo", c."CustomerId", c."CustomerSince", c."CustomerType", c."Email", c."LastServiceDate", c."LegalName", c."MergedAt", c."MergedIntoCustomerId", c."Name", c."NextServiceDate", c."Notes", c."PaymentTerms", c."Phone", c."PreferredContact", c."Priority", c."RegistrationNumber", c."ServiceFrequencyMonths", c."SpecialRequirements", c."Status", c."TinNumber", c."UpdatedAt", c."VatNumber", c."Website", c."WhatsApp", c0."Id", c0."CreatedAt", c0."CustomerId", c0."Email", c0."EmailConsent", c0."IsPrimary", c0."Name", c0."Phone", c0."PhoneConsent", c0."Role", c1."Id", c1."Address", c1."City", c1."ContactPerson", c1."CreatedAt", c1."CustomerId", c1."Email", c1."IsPrimary", c1."Name", c1."Notes", c1."Phone", c1."SiteType", s."Id", s."CertificateNo", s."CreatedAt", s."CustomerId", s."DefectsFound", s."EquipmentAdded", s."EquipmentRemoved", s."EquipmentReplaced", s."EquipmentServiced", s."MaterialsUsed", s."Notes", s."Recommendations", s."ReportSentDate", s."ServiceDate", s."SiteId", s."Status", s."StickersUsed", s."Technician", s."UnitsServiced"
      FROM "Customers" AS c
      LEFT JOIN "CustomerContacts" AS c0 ON c."Id" = c0."CustomerId"
      LEFT JOIN "CustomerSites" AS c1 ON c."Id" = c1."CustomerId"
      LEFT JOIN "ServiceRecords" AS s ON c."Id" = s."CustomerId"
      WHERE c."NextServiceDate" IS NOT NULL AND c."NextServiceDate" < @__now_0
      ORDER BY c."Name", c."Id", c0."Id", c1."Id"
info: Microsoft.EntityFrameworkCore.Database.Command[20101]
      Executed DbCommand (9ms) [Parameters=[], CommandType='Text', CommandTimeout='30']
      SELECT c."Id", c."AccountManager", c."AccountManagerUserId", c."AlternativeName", c."BillingAddress", c."Category", c."ContractEndDate", c."ContractRef", c."ContractStartDate", c."ContractStatus", c."ContractValue", c."CreatedAt", c."CreditInfo", c."CustomerId", c."CustomerSince", c."CustomerType", c."Email", c."LastServiceDate", c."LegalName", c."MergedAt", c."MergedIntoCustomerId", c."Name", c."NextServiceDate", c."Notes", c."PaymentTerms", c."Phone", c."PreferredContact", c."Priority", c."RegistrationNumber", c."ServiceFrequencyMonths", c."SpecialRequirements", c."Status", c."TinNumber", c."UpdatedAt", c."VatNumber", c."Website", c."WhatsApp", c0."Id", c0."CreatedAt", c0."CustomerId", c0."Email", c0."EmailConsent", c0."IsPrimary", c0."Name", c0."Phone", c0."PhoneConsent", c0."Role", c1."Id", c1."Address", c1."City", c1."ContactPerson", c1."CreatedAt", c1."CustomerId", c1."Email", c1."IsPrimary", c1."Name", c1."Notes", c1."Phone", c1."SiteType", s."Id", s."CertificateNo", s."CreatedAt", s."CustomerId", s."DefectsFound", s."EquipmentAdded", s."EquipmentRemoved", s."EquipmentReplaced", s."EquipmentServiced", s."MaterialsUsed", s."Notes", s."Recommendations", s."ReportSentDate", s."ServiceDate", s."SiteId", s."Status", s."StickersUsed", s."Technician", s."UnitsServiced"
      FROM "Customers" AS c
      LEFT JOIN "CustomerContacts" AS c0 ON c."Id" = c0."CustomerId"
      LEFT JOIN "CustomerSites" AS c1 ON c."Id" = c1."CustomerId"
      LEFT JOIN "ServiceRecords" AS s ON c."Id" = s."CustomerId"
      ORDER BY c."Name", c."Id", c0."Id", c1."Id"
info: Microsoft.EntityFrameworkCore.Database.Command[20101]
      Executed DbCommand (4ms) [Parameters=[@__now_0='?' (DbType = DateTime)], CommandType='Text', CommandTimeout='30']
      SELECT c."Id", c."AccountManager", c."AccountManagerUserId", c."AlternativeName", c."BillingAddress", c."Category", c."ContractEndDate", c."ContractRef", c."ContractStartDate", c."ContractStatus", c."ContractValue", c."CreatedAt", c."CreditInfo", c."CustomerId", c."CustomerSince", c."CustomerType", c."Email", c."LastServiceDate", c."LegalName", c."MergedAt", c."MergedIntoCustomerId", c."Name", c."NextServiceDate", c."Notes", c."PaymentTerms", c."Phone", c."PreferredContact", c."Priority", c."RegistrationNumber", c."ServiceFrequencyMonths", c."SpecialRequirements", c."Status", c."TinNumber", c."UpdatedAt", c."VatNumber", c."Website", c."WhatsApp", c0."Id", c0."CreatedAt", c0."CustomerId", c0."Email", c0."EmailConsent", c0."IsPrimary", c0."Name", c0."Phone", c0."PhoneConsent", c0."Role", c1."Id", c1."Address", c1."City", c1."ContactPerson", c1."CreatedAt", c1."CustomerId", c1."Email", c1."IsPrimary", c1."Name", c1."Notes", c1."Phone", c1."SiteType", s."Id", s."CertificateNo", s."CreatedAt", s."CustomerId", s."DefectsFound", s."EquipmentAdded", s."EquipmentRemoved", s."EquipmentReplaced", s."EquipmentServiced", s."MaterialsUsed", s."Notes", s."Recommendations", s."ReportSentDate", s."ServiceDate", s."SiteId", s."Status", s."StickersUsed", s."Technician", s."UnitsServiced"
      FROM "Customers" AS c
      LEFT JOIN "CustomerContacts" AS c0 ON c."Id" = c0."CustomerId"
      LEFT JOIN "CustomerSites" AS c1 ON c."Id" = c1."CustomerId"
      LEFT JOIN "ServiceRecords" AS s ON c."Id" = s."CustomerId"
      WHERE c."NextServiceDate" IS NOT NULL AND c."NextServiceDate" < @__now_0
      ORDER BY c."Name", c."Id", c0."Id", c1."Id"
info: Microsoft.EntityFrameworkCore.Database.Command[20101]
      Executed DbCommand (5ms) [Parameters=[], CommandType='Text', CommandTimeout='30']
      SELECT c."Id", c."AccountManager", c."AccountManagerUserId", c."AlternativeName", c."BillingAddress", c."Category", c."ContractEndDate", c."ContractRef", c."ContractStartDate", c."ContractStatus", c."ContractValue", c."CreatedAt", c."CreditInfo", c."CustomerId", c."CustomerSince", c."CustomerType", c."Email", c."LastServiceDate", c."LegalName", c."MergedAt", c."MergedIntoCustomerId", c."Name", c."NextServiceDate", c."Notes", c."PaymentTerms", c."Phone", c."PreferredContact", c."Priority", c."RegistrationNumber", c."ServiceFrequencyMonths", c."SpecialRequirements", c."Status", c."TinNumber", c."UpdatedAt", c."VatNumber", c."Website", c."WhatsApp", c0."Id", c0."CreatedAt", c0."CustomerId", c0."Email", c0."EmailConsent", c0."IsPrimary", c0."Name", c0."Phone", c0."PhoneConsent", c0."Role", c1."Id", c1."Address", c1."City", c1."ContactPerson", c1."CreatedAt", c1."CustomerId", c1."Email", c1."IsPrimary", c1."Name", c1."Notes", c1."Phone", c1."SiteType", s."Id", s."CertificateNo", s."CreatedAt", s."CustomerId", s."DefectsFound", s."EquipmentAdded", s."EquipmentRemoved", s."EquipmentReplaced", s."EquipmentServiced", s."MaterialsUsed", s."Notes", s."Recommendations", s."ReportSentDate", s."ServiceDate", s."SiteId", s."Status", s."StickersUsed", s."Technician", s."UnitsServiced"
      FROM "Customers" AS c
      LEFT JOIN "CustomerContacts" AS c0 ON c."Id" = c0."CustomerId"
      LEFT JOIN "CustomerSites" AS c1 ON c."Id" = c1."CustomerId"
      LEFT JOIN "ServiceRecords" AS s ON c."Id" = s."CustomerId"
      ORDER BY c."Name", c."Id", c0."Id", c1."Id"
info: Microsoft.EntityFrameworkCore.Database.Command[20101]
      Executed DbCommand (4ms) [Parameters=[], CommandType='Text', CommandTimeout='30']
      SELECT c."Id", c."AccountManager", c."AccountManagerUserId", c."AlternativeName", c."BillingAddress", c."Category", c."ContractEndDate", c."ContractRef", c."ContractStartDate", c."ContractStatus", c."ContractValue", c."CreatedAt", c."CreditInfo", c."CustomerId", c."CustomerSince", c."CustomerType", c."Email", c."LastServiceDate", c."LegalName", c."MergedAt", c."MergedIntoCustomerId", c."Name", c."NextServiceDate", c."Notes", c."PaymentTerms", c."Phone", c."PreferredContact", c."Priority", c."RegistrationNumber", c."ServiceFrequencyMonths", c."SpecialRequirements", c."Status", c."TinNumber", c."UpdatedAt", c."VatNumber", c."Website", c."WhatsApp", c0."Id", c0."CreatedAt", c0."CustomerId", c0."Email", c0."EmailConsent", c0."IsPrimary", c0."Name", c0."Phone", c0."PhoneConsent", c0."Role", c1."Id", c1."Address", c1."City", c1."ContactPerson", c1."CreatedAt", c1."CustomerId", c1."Email", c1."IsPrimary", c1."Name", c1."Notes", c1."Phone", c1."SiteType", s."Id", s."CertificateNo", s."CreatedAt", s."CustomerId", s."DefectsFound", s."EquipmentAdded", s."EquipmentRemoved", s."EquipmentReplaced", s."EquipmentServiced", s."MaterialsUsed", s."Notes", s."Recommendations", s."ReportSentDate", s."ServiceDate", s."SiteId", s."Status", s."StickersUsed", s."Technician", s."UnitsServiced"
      FROM "Customers" AS c
      LEFT JOIN "CustomerContacts" AS c0 ON c."Id" = c0."CustomerId"
      LEFT JOIN "CustomerSites" AS c1 ON c."Id" = c1."CustomerId"
      LEFT JOIN "ServiceRecords" AS s ON c."Id" = s."CustomerId"
      ORDER BY c."Name", c."Id", c0."Id", c1."Id"
info: Microsoft.EntityFrameworkCore.Database.Command[20101]
      Executed DbCommand (6ms) [Parameters=[@__now_0='?' (DbType = DateTime)], CommandType='Text', CommandTimeout='30']
      SELECT c."Id", c."AccountManager", c."AccountManagerUserId", c."AlternativeName", c."BillingAddress", c."Category", c."ContractEndDate", c."ContractRef", c."ContractStartDate", c."ContractStatus", c."ContractValue", c."CreatedAt", c."CreditInfo", c."CustomerId", c."CustomerSince", c."CustomerType", c."Email", c."LastServiceDate", c."LegalName", c."MergedAt", c."MergedIntoCustomerId", c."Name", c."NextServiceDate", c."Notes", c."PaymentTerms", c."Phone", c."PreferredContact", c."Priority", c."RegistrationNumber", c."ServiceFrequencyMonths", c."SpecialRequirements", c."Status", c."TinNumber", c."UpdatedAt", c."VatNumber", c."Website", c."WhatsApp", c0."Id", c0."CreatedAt", c0."CustomerId", c0."Email", c0."EmailConsent", c0."IsPrimary", c0."Name", c0."Phone", c0."PhoneConsent", c0."Role", c1."Id", c1."Address", c1."City", c1."ContactPerson", c1."CreatedAt", c1."CustomerId", c1."Email", c1."IsPrimary", c1."Name", c1."Notes", c1."Phone", c1."SiteType", s."Id", s."CertificateNo", s."CreatedAt", s."CustomerId", s."DefectsFound", s."EquipmentAdded", s."EquipmentRemoved", s."EquipmentReplaced", s."EquipmentServiced", s."MaterialsUsed", s."Notes", s."Recommendations", s."ReportSentDate", s."ServiceDate", s."SiteId", s."Status", s."StickersUsed", s."Technician", s."UnitsServiced"
      FROM "Customers" AS c
      LEFT JOIN "CustomerContacts" AS c0 ON c."Id" = c0."CustomerId"
      LEFT JOIN "CustomerSites" AS c1 ON c."Id" = c1."CustomerId"
      LEFT JOIN "ServiceRecords" AS s ON c."Id" = s."CustomerId"
      WHERE c."NextServiceDate" IS NOT NULL AND c."NextServiceDate" < @__now_0
      ORDER BY c."Name", c."Id", c0."Id", c1."Id"
info: Microsoft.EntityFrameworkCore.Database.Command[20101]
      Executed DbCommand (4ms) [Parameters=[@__now_0='?' (DbType = DateTime)], CommandType='Text', CommandTimeout='30']
      SELECT c."Id", c."AccountManager", c."AccountManagerUserId", c."AlternativeName", c."BillingAddress", c."Category", c."ContractEndDate", c."ContractRef", c."ContractStartDate", c."ContractStatus", c."ContractValue", c."CreatedAt", c."CreditInfo", c."CustomerId", c."CustomerSince", c."CustomerType", c."Email", c."LastServiceDate", c."LegalName", c."MergedAt", c."MergedIntoCustomerId", c."Name", c."NextServiceDate", c."Notes", c."PaymentTerms", c."Phone", c."PreferredContact", c."Priority", c."RegistrationNumber", c."ServiceFrequencyMonths", c."SpecialRequirements", c."Status", c."TinNumber", c."UpdatedAt", c."VatNumber", c."Website", c."WhatsApp", c0."Id", c0."CreatedAt", c0."CustomerId", c0."Email", c0."EmailConsent", c0."IsPrimary", c0."Name", c0."Phone", c0."PhoneConsent", c0."Role", c1."Id", c1."Address", c1."City", c1."ContactPerson", c1."CreatedAt", c1."CustomerId", c1."Email", c1."IsPrimary", c1."Name", c1."Notes", c1."Phone", c1."SiteType", s."Id", s."CertificateNo", s."CreatedAt", s."CustomerId", s."DefectsFound", s."EquipmentAdded", s."EquipmentRemoved", s."EquipmentReplaced", s."EquipmentServiced", s."MaterialsUsed", s."Notes", s."Recommendations", s."ReportSentDate", s."ServiceDate", s."SiteId", s."Status", s."StickersUsed", s."Technician", s."UnitsServiced"
      FROM "Customers" AS c
      LEFT JOIN "CustomerContacts" AS c0 ON c."Id" = c0."CustomerId"
      LEFT JOIN "CustomerSites" AS c1 ON c."Id" = c1."CustomerId"
      LEFT JOIN "ServiceRecords" AS s ON c."Id" = s."CustomerId"
      WHERE c."NextServiceDate" IS NOT NULL AND c."NextServiceDate" < @__now_0
      ORDER BY c."Name", c."Id", c0."Id", c1."Id"
info: Microsoft.EntityFrameworkCore.Database.Command[20101]
      Executed DbCommand (8ms) [Parameters=[], CommandType='Text', CommandTimeout='30']
      SELECT c."Id", c."AccountManager", c."AccountManagerUserId", c."AlternativeName", c."BillingAddress", c."Category", c."ContractEndDate", c."ContractRef", c."ContractStartDate", c."ContractStatus", c."ContractValue", c."CreatedAt", c."CreditInfo", c."CustomerId", c."CustomerSince", c."CustomerType", c."Email", c."LastServiceDate", c."LegalName", c."MergedAt", c."MergedIntoCustomerId", c."Name", c."NextServiceDate", c."Notes", c."PaymentTerms", c."Phone", c."PreferredContact", c."Priority", c."RegistrationNumber", c."ServiceFrequencyMonths", c."SpecialRequirements", c."Status", c."TinNumber", c."UpdatedAt", c."VatNumber", c."Website", c."WhatsApp", c0."Id", c0."CreatedAt", c0."CustomerId", c0."Email", c0."EmailConsent", c0."IsPrimary", c0."Name", c0."Phone", c0."PhoneConsent", c0."Role", c1."Id", c1."Address", c1."City", c1."ContactPerson", c1."CreatedAt", c1."CustomerId", c1."Email", c1."IsPrimary", c1."Name", c1."Notes", c1."Phone", c1."SiteType", s."Id", s."CertificateNo", s."CreatedAt", s."CustomerId", s."DefectsFound", s."EquipmentAdded", s."EquipmentRemoved", s."EquipmentReplaced", s."EquipmentServiced", s."MaterialsUsed", s."Notes", s."Recommendations", s."ReportSentDate", s."ServiceDate", s."SiteId", s."Status", s."StickersUsed", s."Technician", s."UnitsServiced"
      FROM "Customers" AS c
      LEFT JOIN "CustomerContacts" AS c0 ON c."Id" = c0."CustomerId"
      LEFT JOIN "CustomerSites" AS c1 ON c."Id" = c1."CustomerId"
      LEFT JOIN "ServiceRecords" AS s ON c."Id" = s."CustomerId"
      ORDER BY c."Name", c."Id", c0."Id", c1."Id"
info: Microsoft.EntityFrameworkCore.Database.Command[20101]
      Executed DbCommand (4ms) [Parameters=[], CommandType='Text', CommandTimeout='30']
      SELECT c."Id", c."AccountManager", c."AccountManagerUserId", c."AlternativeName", c."BillingAddress", c."Category", c."ContractEndDate", c."ContractRef", c."ContractStartDate", c."ContractStatus", c."ContractValue", c."CreatedAt", c."CreditInfo", c."CustomerId", c."CustomerSince", c."CustomerType", c."Email", c."LastServiceDate", c."LegalName", c."MergedAt", c."MergedIntoCustomerId", c."Name", c."NextServiceDate", c."Notes", c."PaymentTerms", c."Phone", c."PreferredContact", c."Priority", c."RegistrationNumber", c."ServiceFrequencyMonths", c."SpecialRequirements", c."Status", c."TinNumber", c."UpdatedAt", c."VatNumber", c."Website", c."WhatsApp", c0."Id", c0."CreatedAt", c0."CustomerId", c0."Email", c0."EmailConsent", c0."IsPrimary", c0."Name", c0."Phone", c0."PhoneConsent", c0."Role", c1."Id", c1."Address", c1."City", c1."ContactPerson", c1."CreatedAt", c1."CustomerId", c1."Email", c1."IsPrimary", c1."Name", c1."Notes", c1."Phone", c1."SiteType", s."Id", s."CertificateNo", s."CreatedAt", s."CustomerId", s."DefectsFound", s."EquipmentAdded", s."EquipmentRemoved", s."EquipmentReplaced", s."EquipmentServiced", s."MaterialsUsed", s."Notes", s."Recommendations", s."ReportSentDate", s."ServiceDate", s."SiteId", s."Status", s."StickersUsed", s."Technician", s."UnitsServiced"
      FROM "Customers" AS c
      LEFT JOIN "CustomerContacts" AS c0 ON c."Id" = c0."CustomerId"
      LEFT JOIN "CustomerSites" AS c1 ON c."Id" = c1."CustomerId"
      LEFT JOIN "ServiceRecords" AS s ON c."Id" = s."CustomerId"
      ORDER BY c."Name", c."Id", c0."Id", c1."Id"
info: Microsoft.EntityFrameworkCore.Database.Command[20101]
      Executed DbCommand (3ms) [Parameters=[], CommandType='Text', CommandTimeout='30']
      SELECT c."Id", c."AccountManager", c."AccountManagerUserId", c."AlternativeName", c."BillingAddress", c."Category", c."ContractEndDate", c."ContractRef", c."ContractStartDate", c."ContractStatus", c."ContractValue", c."CreatedAt", c."CreditInfo", c."CustomerId", c."CustomerSince", c."CustomerType", c."Email", c."LastServiceDate", c."LegalName", c."MergedAt", c."MergedIntoCustomerId", c."Name", c."NextServiceDate", c."Notes", c."PaymentTerms", c."Phone", c."PreferredContact", c."Priority", c."RegistrationNumber", c."ServiceFrequencyMonths", c."SpecialRequirements", c."Status", c."TinNumber", c."UpdatedAt", c."VatNumber", c."Website", c."WhatsApp", c0."Id", c0."CreatedAt", c0."CustomerId", c0."Email", c0."EmailConsent", c0."IsPrimary", c0."Name", c0."Phone", c0."PhoneConsent", c0."Role", c1."Id", c1."Address", c1."City", c1."ContactPerson", c1."CreatedAt", c1."CustomerId", c1."Email", c1."IsPrimary", c1."Name", c1."Notes", c1."Phone", c1."SiteType", s."Id", s."CertificateNo", s."CreatedAt", s."CustomerId", s."DefectsFound", s."EquipmentAdded", s."EquipmentRemoved", s."EquipmentReplaced", s."EquipmentServiced", s."MaterialsUsed", s."Notes", s."Recommendations", s."ReportSentDate", s."ServiceDate", s."SiteId", s."Status", s."StickersUsed", s."Technician", s."UnitsServiced"
      FROM "Customers" AS c
      LEFT JOIN "CustomerContacts" AS c0 ON c."Id" = c0."CustomerId"
      LEFT JOIN "CustomerSites" AS c1 ON c."Id" = c1."CustomerId"
      LEFT JOIN "ServiceRecords" AS s ON c."Id" = s."CustomerId"
      ORDER BY c."Name", c."Id", c0."Id", c1."Id"
info: Microsoft.EntityFrameworkCore.Database.Command[20101]
      Executed DbCommand (5ms) [Parameters=[], CommandType='Text', CommandTimeout='30']
      SELECT c."Id", c."AccountManager", c."AccountManagerUserId", c."AlternativeName", c."BillingAddress", c."Category", c."ContractEndDate", c."ContractRef", c."ContractStartDate", c."ContractStatus", c."ContractValue", c."CreatedAt", c."CreditInfo", c."CustomerId", c."CustomerSince", c."CustomerType", c."Email", c."LastServiceDate", c."LegalName", c."MergedAt", c."MergedIntoCustomerId", c."Name", c."NextServiceDate", c."Notes", c."PaymentTerms", c."Phone", c."PreferredContact", c."Priority", c."RegistrationNumber", c."ServiceFrequencyMonths", c."SpecialRequirements", c."Status", c."TinNumber", c."UpdatedAt", c."VatNumber", c."Website", c."WhatsApp", c0."Id", c0."CreatedAt", c0."CustomerId", c0."Email", c0."EmailConsent", c0."IsPrimary", c0."Name", c0."Phone", c0."PhoneConsent", c0."Role", c1."Id", c1."Address", c1."City", c1."ContactPerson", c1."CreatedAt", c1."CustomerId", c1."Email", c1."IsPrimary", c1."Name", c1."Notes", c1."Phone", c1."SiteType", s."Id", s."CertificateNo", s."CreatedAt", s."CustomerId", s."DefectsFound", s."EquipmentAdded", s."EquipmentRemoved", s."EquipmentReplaced", s."EquipmentServiced", s."MaterialsUsed", s."Notes", s."Recommendations", s."ReportSentDate", s."ServiceDate", s."SiteId", s."Status", s."StickersUsed", s."Technician", s."UnitsServiced"
      FROM "Customers" AS c
      LEFT JOIN "CustomerContacts" AS c0 ON c."Id" = c0."CustomerId"
      LEFT JOIN "CustomerSites" AS c1 ON c."Id" = c1."CustomerId"
      LEFT JOIN "ServiceRecords" AS s ON c."Id" = s."CustomerId"
      ORDER BY c."Name", c."Id", c0."Id", c1."Id"
info: Microsoft.EntityFrameworkCore.Database.Command[20101]
      Executed DbCommand (23ms) [Parameters=[@__ToLower_0='?', @__ToLower_0_1='?'], CommandType='Text', CommandTimeout='30']
      SELECT u."Id", u."CreatedAt", u."Department", u."DisplayName", u."Email", u."IsActive", u."PasswordHash", u."Role", u."Username"
      FROM "Users" AS u
      WHERE lower(u."Username") = @__ToLower_0 OR lower(u."Email") = @__ToLower_0_1
      LIMIT 1
info: Microsoft.EntityFrameworkCore.Database.Command[20101]
      Executed DbCommand (15ms) [Parameters=[], CommandType='Text', CommandTimeout='30']
      SELECT c."Id", c."AccountManager", c."AccountManagerUserId", c."AlternativeName", c."BillingAddress", c."Category", c."ContractEndDate", c."ContractRef", c."ContractStartDate", c."ContractStatus", c."ContractValue", c."CreatedAt", c."CreditInfo", c."CustomerId", c."CustomerSince", c."CustomerType", c."Email", c."LastServiceDate", c."LegalName", c."MergedAt", c."MergedIntoCustomerId", c."Name", c."NextServiceDate", c."Notes", c."PaymentTerms", c."Phone", c."PreferredContact", c."Priority", c."RegistrationNumber", c."ServiceFrequencyMonths", c."SpecialRequirements", c."Status", c."TinNumber", c."UpdatedAt", c."VatNumber", c."Website", c."WhatsApp", c0."Id", c0."CreatedAt", c0."CustomerId", c0."Email", c0."EmailConsent", c0."IsPrimary", c0."Name", c0."Phone", c0."PhoneConsent", c0."Role", c1."Id", c1."Address", c1."City", c1."ContactPerson", c1."CreatedAt", c1."CustomerId", c1."Email", c1."IsPrimary", c1."Name", c1."Notes", c1."Phone", c1."SiteType", s."Id", s."CertificateNo", s."CreatedAt", s."CustomerId", s."DefectsFound", s."EquipmentAdded", s."EquipmentRemoved", s."EquipmentReplaced", s."EquipmentServiced", s."MaterialsUsed", s."Notes", s."Recommendations", s."ReportSentDate", s."ServiceDate", s."SiteId", s."Status", s."StickersUsed", s."Technician", s."UnitsServiced"
      FROM "Customers" AS c
      LEFT JOIN "CustomerContacts" AS c0 ON c."Id" = c0."CustomerId"
      LEFT JOIN "CustomerSites" AS c1 ON c."Id" = c1."CustomerId"
      LEFT JOIN "ServiceRecords" AS s ON c."Id" = s."CustomerId"
      ORDER BY c."Name", c."Id", c0."Id", c1."Id"
info: Microsoft.EntityFrameworkCore.Database.Command[20101]
      Executed DbCommand (5ms) [Parameters=[], CommandType='Text', CommandTimeout='30']
      SELECT c."Id", c."AccountManager", c."AccountManagerUserId", c."AlternativeName", c."BillingAddress", c."Category", c."ContractEndDate", c."ContractRef", c."ContractStartDate", c."ContractStatus", c."ContractValue", c."CreatedAt", c."CreditInfo", c."CustomerId", c."CustomerSince", c."CustomerType", c."Email", c."LastServiceDate", c."LegalName", c."MergedAt", c."MergedIntoCustomerId", c."Name", c."NextServiceDate", c."Notes", c."PaymentTerms", c."Phone", c."PreferredContact", c."Priority", c."RegistrationNumber", c."ServiceFrequencyMonths", c."SpecialRequirements", c."Status", c."TinNumber", c."UpdatedAt", c."VatNumber", c."Website", c."WhatsApp", c0."Id", c0."CreatedAt", c0."CustomerId", c0."Email", c0."EmailConsent", c0."IsPrimary", c0."Name", c0."Phone", c0."PhoneConsent", c0."Role", c1."Id", c1."Address", c1."City", c1."ContactPerson", c1."CreatedAt", c1."CustomerId", c1."Email", c1."IsPrimary", c1."Name", c1."Notes", c1."Phone", c1."SiteType", s."Id", s."CertificateNo", s."CreatedAt", s."CustomerId", s."DefectsFound", s."EquipmentAdded", s."EquipmentRemoved", s."EquipmentReplaced", s."EquipmentServiced", s."MaterialsUsed", s."Notes", s."Recommendations", s."ReportSentDate", s."ServiceDate", s."SiteId", s."Status", s."StickersUsed", s."Technician", s."UnitsServiced"
      FROM "Customers" AS c
      LEFT JOIN "CustomerContacts" AS c0 ON c."Id" = c0."CustomerId"
      LEFT JOIN "CustomerSites" AS c1 ON c."Id" = c1."CustomerId"
      LEFT JOIN "ServiceRecords" AS s ON c."Id" = s."CustomerId"
      ORDER BY c."Name", c."Id", c0."Id", c1."Id"
info: Microsoft.EntityFrameworkCore.Database.Command[20101]
      Executed DbCommand (11ms) [Parameters=[], CommandType='Text', CommandTimeout='30']
      SELECT c."Id", c."AccountManager", c."AccountManagerUserId", c."AlternativeName", c."BillingAddress", c."Category", c."ContractEndDate", c."ContractRef", c."ContractStartDate", c."ContractStatus", c."ContractValue", c."CreatedAt", c."CreditInfo", c."CustomerId", c."CustomerSince", c."CustomerType", c."Email", c."LastServiceDate", c."LegalName", c."MergedAt", c."MergedIntoCustomerId", c."Name", c."NextServiceDate", c."Notes", c."PaymentTerms", c."Phone", c."PreferredContact", c."Priority", c."RegistrationNumber", c."ServiceFrequencyMonths", c."SpecialRequirements", c."Status", c."TinNumber", c."UpdatedAt", c."VatNumber", c."Website", c."WhatsApp", c0."Id", c0."CreatedAt", c0."CustomerId", c0."Email", c0."EmailConsent", c0."IsPrimary", c0."Name", c0."Phone", c0."PhoneConsent", c0."Role", c1."Id", c1."Address", c1."City", c1."ContactPerson", c1."CreatedAt", c1."CustomerId", c1."Email", c1."IsPrimary", c1."Name", c1."Notes", c1."Phone", c1."SiteType", s."Id", s."CertificateNo", s."CreatedAt", s."CustomerId", s."DefectsFound", s."EquipmentAdded", s."EquipmentRemoved", s."EquipmentReplaced", s."EquipmentServiced", s."MaterialsUsed", s."Notes", s."Recommendations", s."ReportSentDate", s."ServiceDate", s."SiteId", s."Status", s."StickersUsed", s."Technician", s."UnitsServiced"
      FROM "Customers" AS c
      LEFT JOIN "CustomerContacts" AS c0 ON c."Id" = c0."CustomerId"
      LEFT JOIN "CustomerSites" AS c1 ON c."Id" = c1."CustomerId"
      LEFT JOIN "ServiceRecords" AS s ON c."Id" = s."CustomerId"
      ORDER BY c."Name", c."Id", c0."Id", c1."Id"
info: Microsoft.EntityFrameworkCore.Database.Command[20101]
      Executed DbCommand (26ms) [Parameters=[], CommandType='Text', CommandTimeout='30']
      SELECT c."Id", c."AccountManager", c."AccountManagerUserId", c."AlternativeName", c."BillingAddress", c."Category", c."ContractEndDate", c."ContractRef", c."ContractStartDate", c."ContractStatus", c."ContractValue", c."CreatedAt", c."CreditInfo", c."CustomerId", c."CustomerSince", c."CustomerType", c."Email", c."LastServiceDate", c."LegalName", c."MergedAt", c."MergedIntoCustomerId", c."Name", c."NextServiceDate", c."Notes", c."PaymentTerms", c."Phone", c."PreferredContact", c."Priority", c."RegistrationNumber", c."ServiceFrequencyMonths", c."SpecialRequirements", c."Status", c."TinNumber", c."UpdatedAt", c."VatNumber", c."Website", c."WhatsApp", c0."Id", c0."CreatedAt", c0."CustomerId", c0."Email", c0."EmailConsent", c0."IsPrimary", c0."Name", c0."Phone", c0."PhoneConsent", c0."Role", c1."Id", c1."Address", c1."City", c1."ContactPerson", c1."CreatedAt", c1."CustomerId", c1."Email", c1."IsPrimary", c1."Name", c1."Notes", c1."Phone", c1."SiteType", s."Id", s."CertificateNo", s."CreatedAt", s."CustomerId", s."DefectsFound", s."EquipmentAdded", s."EquipmentRemoved", s."EquipmentReplaced", s."EquipmentServiced", s."MaterialsUsed", s."Notes", s."Recommendations", s."ReportSentDate", s."ServiceDate", s."SiteId", s."Status", s."StickersUsed", s."Technician", s."UnitsServiced"
      FROM "Customers" AS c
      LEFT JOIN "CustomerContacts" AS c0 ON c."Id" = c0."CustomerId"
      LEFT JOIN "CustomerSites" AS c1 ON c."Id" = c1."CustomerId"
      LEFT JOIN "ServiceRecords" AS s ON c."Id" = s."CustomerId"
      ORDER BY c."Name", c."Id", c0."Id", c1."Id"
info: Microsoft.EntityFrameworkCore.Database.Command[20101]
      Executed DbCommand (14ms) [Parameters=[@__id_0='?' (DbType = Int32)], CommandType='Text', CommandTimeout='30']
      SELECT t."Id", t."AccountManager", t."AccountManagerUserId", t."AlternativeName", t."BillingAddress", t."Category", t."ContractEndDate", t."ContractRef", t."ContractStartDate", t."ContractStatus", t."ContractValue", t."CreatedAt", t."CreditInfo", t."CustomerId", t."CustomerSince", t."CustomerType", t."Email", t."LastServiceDate", t."LegalName", t."MergedAt", t."MergedIntoCustomerId", t."Name", t."NextServiceDate", t."Notes", t."PaymentTerms", t."Phone", t."PreferredContact", t."Priority", t."RegistrationNumber", t."ServiceFrequencyMonths", t."SpecialRequirements", t."Status", t."TinNumber", t."UpdatedAt", t."VatNumber", t."Website", t."WhatsApp", s."Id", s."CertificateNo", s."CreatedAt", s."CustomerId", s."DefectsFound", s."EquipmentAdded", s."EquipmentRemoved", s."EquipmentReplaced", s."EquipmentServiced", s."MaterialsUsed", s."Notes", s."Recommendations", s."ReportSentDate", s."ServiceDate", s."SiteId", s."Status", s."StickersUsed", s."Technician", s."UnitsServiced", c0."Id", c0."Channel", c0."ContactName", c0."CreatedBy", c0."CustomerId", c0."CustomerResponded", c0."Direction", c0."FollowUpDate", c0."Message", c0."ResponseNotes", c0."SentAt", c0."Subject", c1."Id", c1."Action", c1."Actor", c1."CreatedAt", c1."CustomerId", c1."Details", c2."Id", c2."CustomerId", c2."DocType", c2."FilePath", c2."Name", c2."Notes", c2."SizeBytes", c2."UploadedAt", c2."UploadedBy"
      FROM (
          SELECT c."Id", c."AccountManager", c."AccountManagerUserId", c."AlternativeName", c."BillingAddress", c."Category", c."ContractEndDate", c."ContractRef", c."ContractStartDate", c."ContractStatus", c."ContractValue", c."CreatedAt", c."CreditInfo", c."CustomerId", c."CustomerSince", c."CustomerType", c."Email", c."LastServiceDate", c."LegalName", c."MergedAt", c."MergedIntoCustomerId", c."Name", c."NextServiceDate", c."Notes", c."PaymentTerms", c."Phone", c."PreferredContact", c."Priority", c."RegistrationNumber", c."ServiceFrequencyMonths", c."SpecialRequirements", c."Status", c."TinNumber", c."UpdatedAt", c."VatNumber", c."Website", c."WhatsApp"
          FROM "Customers" AS c
          WHERE c."Id" = @__id_0
          LIMIT 1
      ) AS t
      LEFT JOIN "ServiceRecords" AS s ON t."Id" = s."CustomerId"
      LEFT JOIN "CustomerCommunications" AS c0 ON t."Id" = c0."CustomerId"
      LEFT JOIN "CustomerActivities" AS c1 ON t."Id" = c1."CustomerId"
      LEFT JOIN "CustomerDocuments" AS c2 ON t."Id" = c2."CustomerId"
      ORDER BY t."Id", s."Id", c0."Id", c1."Id"
info: Microsoft.EntityFrameworkCore.Database.Command[20101]
      Executed DbCommand (23ms) [Parameters=[@__id_0='?' (DbType = Int32)], CommandType='Text', CommandTimeout='30']
      SELECT t."Id", t."AccountManager", t."AccountManagerUserId", t."AlternativeName", t."BillingAddress", t."Category", t."ContractEndDate", t."ContractRef", t."ContractStartDate", t."ContractStatus", t."ContractValue", t."CreatedAt", t."CreditInfo", t."CustomerId", t."CustomerSince", t."CustomerType", t."Email", t."LastServiceDate", t."LegalName", t."MergedAt", t."MergedIntoCustomerId", t."Name", t."NextServiceDate", t."Notes", t."PaymentTerms", t."Phone", t."PreferredContact", t."Priority", t."RegistrationNumber", t."ServiceFrequencyMonths", t."SpecialRequirements", t."Status", t."TinNumber", t."UpdatedAt", t."VatNumber", t."Website", t."WhatsApp", c0."Id", c0."CreatedAt", c0."CustomerId", c0."Email", c0."EmailConsent", c0."IsPrimary", c0."Name", c0."Phone", c0."PhoneConsent", c0."Role", c1."Id", c1."Address", c1."City", c1."ContactPerson", c1."CreatedAt", c1."CustomerId", c1."Email", c1."IsPrimary", c1."Name", c1."Notes", c1."Phone", c1."SiteType", c2."Id", c2."Content", c2."CreatedAt", c2."CreatedBy", c2."CustomerId", c2."Pinned", t0."Id", t0."CertificateNo", t0."CreatedAt", t0."CustomerId", t0."DefectsFound", t0."EquipmentAdded", t0."EquipmentRemoved", t0."EquipmentReplaced", t0."EquipmentServiced", t0."MaterialsUsed", t0."Notes", t0."Recommendations", t0."ReportSentDate", t0."ServiceDate", t0."SiteId", t0."Status", t0."StickersUsed", t0."Technician", t0."UnitsServiced", t0."Id0", t0."Address", t0."City", t0."ContactPerson", t0."CreatedAt0", t0."CustomerId0", t0."Email", t0."IsPrimary", t0."Name", t0."Notes0", t0."Phone", t0."SiteType", c4."Id", c4."Channel", c4."ContactName", c4."CreatedBy", c4."CustomerId", c4."CustomerResponded", c4."Direction", c4."FollowUpDate", c4."Message", c4."ResponseNotes", c4."SentAt", c4."Subject", c5."Id", c5."CustomerId", c5."DocType", c5."FilePath", c5."Name", c5."Notes", c5."SizeBytes", c5."UploadedAt", c5."UploadedBy", c6."Id", c6."Action", c6."Actor", c6."CreatedAt", c6."CustomerId", c6."Details"
      FROM (
          SELECT c."Id", c."AccountManager", c."AccountManagerUserId", c."AlternativeName", c."BillingAddress", c."Category", c."ContractEndDate", c."ContractRef", c."ContractStartDate", c."ContractStatus", c."ContractValue", c."CreatedAt", c."CreditInfo", c."CustomerId", c."CustomerSince", c."CustomerType", c."Email", c."LastServiceDate", c."LegalName", c."MergedAt", c."MergedIntoCustomerId", c."Name", c."NextServiceDate", c."Notes", c."PaymentTerms", c."Phone", c."PreferredContact", c."Priority", c."RegistrationNumber", c."ServiceFrequencyMonths", c."SpecialRequirements", c."Status", c."TinNumber", c."UpdatedAt", c."VatNumber", c."Website", c."WhatsApp"
          FROM "Customers" AS c
          WHERE c."Id" = @__id_0
          LIMIT 1
      ) AS t
      LEFT JOIN "CustomerContacts" AS c0 ON t."Id" = c0."CustomerId"
      LEFT JOIN "CustomerSites" AS c1 ON t."Id" = c1."CustomerId"
      LEFT JOIN "CustomerNotes" AS c2 ON t."Id" = c2."CustomerId"
      LEFT JOIN (
          SELECT s."Id", s."CertificateNo", s."CreatedAt", s."CustomerId", s."DefectsFound", s."EquipmentAdded", s."EquipmentRemoved", s."EquipmentReplaced", s."EquipmentServiced", s."MaterialsUsed", s."Notes", s."Recommendations", s."ReportSentDate", s."ServiceDate", s."SiteId", s."Status", s."StickersUsed", s."Technician", s."UnitsServiced", c3."Id" AS "Id0", c3."Address", c3."City", c3."ContactPerson", c3."CreatedAt" AS "CreatedAt0", c3."CustomerId" AS "CustomerId0", c3."Email", c3."IsPrimary", c3."Name", c3."Notes" AS "Notes0", c3."Phone", c3."SiteType"
          FROM "ServiceRecords" AS s
          LEFT JOIN "CustomerSites" AS c3 ON s."SiteId" = c3."Id"
      ) AS t0 ON t."Id" = t0."CustomerId"
      LEFT JOIN "CustomerCommunications" AS c4 ON t."Id" = c4."CustomerId"
      LEFT JOIN "CustomerDocuments" AS c5 ON t."Id" = c5."CustomerId"
      LEFT JOIN "CustomerActivities" AS c6 ON t."Id" = c6."CustomerId"
      ORDER BY t."Id", c0."Id", c1."Id", c2."Id", t0."Id", t0."Id0", c4."Id", c5."Id"
info: Microsoft.EntityFrameworkCore.Database.Command[20101]
      Executed DbCommand (10ms) [Parameters=[@__id_0='?' (DbType = Int32)], CommandType='Text', CommandTimeout='30']
      SELECT f."Id", f."After", f."Before", f."CreatedAt", f."CustomerId", f."Department", f."Field", f."Reason", f."Role", f."UserName"
      FROM "FieldAudits" AS f
      WHERE f."CustomerId" = @__id_0
      ORDER BY f."CreatedAt" DESC
info: Microsoft.EntityFrameworkCore.Database.Command[20101]
      Executed DbCommand (5ms) [Parameters=[@__id_0='?' (DbType = Int32)], CommandType='Text', CommandTimeout='30']
      SELECT t."Id", t."AccountManager", t."AccountManagerUserId", t."AlternativeName", t."BillingAddress", t."Category", t."ContractEndDate", t."ContractRef", t."ContractStartDate", t."ContractStatus", t."ContractValue", t."CreatedAt", t."CreditInfo", t."CustomerId", t."CustomerSince", t."CustomerType", t."Email", t."LastServiceDate", t."LegalName", t."MergedAt", t."MergedIntoCustomerId", t."Name", t."NextServiceDate", t."Notes", t."PaymentTerms", t."Phone", t."PreferredContact", t."Priority", t."RegistrationNumber", t."ServiceFrequencyMonths", t."SpecialRequirements", t."Status", t."TinNumber", t."UpdatedAt", t."VatNumber", t."Website", t."WhatsApp", s."Id", s."CertificateNo", s."CreatedAt", s."CustomerId", s."DefectsFound", s."EquipmentAdded", s."EquipmentRemoved", s."EquipmentReplaced", s."EquipmentServiced", s."MaterialsUsed", s."Notes", s."Recommendations", s."ReportSentDate", s."ServiceDate", s."SiteId", s."Status", s."StickersUsed", s."Technician", s."UnitsServiced", c0."Id", c0."Channel", c0."ContactName", c0."CreatedBy", c0."CustomerId", c0."CustomerResponded", c0."Direction", c0."FollowUpDate", c0."Message", c0."ResponseNotes", c0."SentAt", c0."Subject", c1."Id", c1."Action", c1."Actor", c1."CreatedAt", c1."CustomerId", c1."Details", c2."Id", c2."CustomerId", c2."DocType", c2."FilePath", c2."Name", c2."Notes", c2."SizeBytes", c2."UploadedAt", c2."UploadedBy"
      FROM (
          SELECT c."Id", c."AccountManager", c."AccountManagerUserId", c."AlternativeName", c."BillingAddress", c."Category", c."ContractEndDate", c."ContractRef", c."ContractStartDate", c."ContractStatus", c."ContractValue", c."CreatedAt", c."CreditInfo", c."CustomerId", c."CustomerSince", c."CustomerType", c."Email", c."LastServiceDate", c."LegalName", c."MergedAt", c."MergedIntoCustomerId", c."Name", c."NextServiceDate", c."Notes", c."PaymentTerms", c."Phone", c."PreferredContact", c."Priority", c."RegistrationNumber", c."ServiceFrequencyMonths", c."SpecialRequirements", c."Status", c."TinNumber", c."UpdatedAt", c."VatNumber", c."Website", c."WhatsApp"
          FROM "Customers" AS c
          WHERE c."Id" = @__id_0
          LIMIT 1
      ) AS t
      LEFT JOIN "ServiceRecords" AS s ON t."Id" = s."CustomerId"
      LEFT JOIN "CustomerCommunications" AS c0 ON t."Id" = c0."CustomerId"
      LEFT JOIN "CustomerActivities" AS c1 ON t."Id" = c1."CustomerId"
      LEFT JOIN "CustomerDocuments" AS c2 ON t."Id" = c2."CustomerId"
      ORDER BY t."Id", s."Id", c0."Id", c1."Id"
info: Microsoft.EntityFrameworkCore.Database.Command[20101]
      Executed DbCommand (16ms) [Parameters=[@__id_0='?' (DbType = Int32)], CommandType='Text', CommandTimeout='30']
      SELECT t."Id", t."AccountManager", t."AccountManagerUserId", t."AlternativeName", t."BillingAddress", t."Category", t."ContractEndDate", t."ContractRef", t."ContractStartDate", t."ContractStatus", t."ContractValue", t."CreatedAt", t."CreditInfo", t."CustomerId", t."CustomerSince", t."CustomerType", t."Email", t."LastServiceDate", t."LegalName", t."MergedAt", t."MergedIntoCustomerId", t."Name", t."NextServiceDate", t."Notes", t."PaymentTerms", t."Phone", t."PreferredContact", t."Priority", t."RegistrationNumber", t."ServiceFrequencyMonths", t."SpecialRequirements", t."Status", t."TinNumber", t."UpdatedAt", t."VatNumber", t."Website", t."WhatsApp", c0."Id", c0."CreatedAt", c0."CustomerId", c0."Email", c0."EmailConsent", c0."IsPrimary", c0."Name", c0."Phone", c0."PhoneConsent", c0."Role", c1."Id", c1."Address", c1."City", c1."ContactPerson", c1."CreatedAt", c1."CustomerId", c1."Email", c1."IsPrimary", c1."Name", c1."Notes", c1."Phone", c1."SiteType", c2."Id", c2."Content", c2."CreatedAt", c2."CreatedBy", c2."CustomerId", c2."Pinned", t0."Id", t0."CertificateNo", t0."CreatedAt", t0."CustomerId", t0."DefectsFound", t0."EquipmentAdded", t0."EquipmentRemoved", t0."EquipmentReplaced", t0."EquipmentServiced", t0."MaterialsUsed", t0."Notes", t0."Recommendations", t0."ReportSentDate", t0."ServiceDate", t0."SiteId", t0."Status", t0."StickersUsed", t0."Technician", t0."UnitsServiced", t0."Id0", t0."Address", t0."City", t0."ContactPerson", t0."CreatedAt0", t0."CustomerId0", t0."Email", t0."IsPrimary", t0."Name", t0."Notes0", t0."Phone", t0."SiteType", c4."Id", c4."Channel", c4."ContactName", c4."CreatedBy", c4."CustomerId", c4."CustomerResponded", c4."Direction", c4."FollowUpDate", c4."Message", c4."ResponseNotes", c4."SentAt", c4."Subject", c5."Id", c5."CustomerId", c5."DocType", c5."FilePath", c5."Name", c5."Notes", c5."SizeBytes", c5."UploadedAt", c5."UploadedBy", c6."Id", c6."Action", c6."Actor", c6."CreatedAt", c6."CustomerId", c6."Details"
      FROM (
          SELECT c."Id", c."AccountManager", c."AccountManagerUserId", c."AlternativeName", c."BillingAddress", c."Category", c."ContractEndDate", c."ContractRef", c."ContractStartDate", c."ContractStatus", c."ContractValue", c."CreatedAt", c."CreditInfo", c."CustomerId", c."CustomerSince", c."CustomerType", c."Email", c."LastServiceDate", c."LegalName", c."MergedAt", c."MergedIntoCustomerId", c."Name", c."NextServiceDate", c."Notes", c."PaymentTerms", c."Phone", c."PreferredContact", c."Priority", c."RegistrationNumber", c."ServiceFrequencyMonths", c."SpecialRequirements", c."Status", c."TinNumber", c."UpdatedAt", c."VatNumber", c."Website", c."WhatsApp"
          FROM "Customers" AS c
          WHERE c."Id" = @__id_0
          LIMIT 1
      ) AS t
      LEFT JOIN "CustomerContacts" AS c0 ON t."Id" = c0."CustomerId"
      LEFT JOIN "CustomerSites" AS c1 ON t."Id" = c1."CustomerId"
      LEFT JOIN "CustomerNotes" AS c2 ON t."Id" = c2."CustomerId"
      LEFT JOIN (
          SELECT s."Id", s."CertificateNo", s."CreatedAt", s."CustomerId", s."DefectsFound", s."EquipmentAdded", s."EquipmentRemoved", s."EquipmentReplaced", s."EquipmentServiced", s."MaterialsUsed", s."Notes", s."Recommendations", s."ReportSentDate", s."ServiceDate", s."SiteId", s."Status", s."StickersUsed", s."Technician", s."UnitsServiced", c3."Id" AS "Id0", c3."Address", c3."City", c3."ContactPerson", c3."CreatedAt" AS "CreatedAt0", c3."CustomerId" AS "CustomerId0", c3."Email", c3."IsPrimary", c3."Name", c3."Notes" AS "Notes0", c3."Phone", c3."SiteType"
          FROM "ServiceRecords" AS s
          LEFT JOIN "CustomerSites" AS c3 ON s."SiteId" = c3."Id"
      ) AS t0 ON t."Id" = t0."CustomerId"
      LEFT JOIN "CustomerCommunications" AS c4 ON t."Id" = c4."CustomerId"
      LEFT JOIN "CustomerDocuments" AS c5 ON t."Id" = c5."CustomerId"
      LEFT JOIN "CustomerActivities" AS c6 ON t."Id" = c6."CustomerId"
      ORDER BY t."Id", c0."Id", c1."Id", c2."Id", t0."Id", t0."Id0", c4."Id", c5."Id"
info: Microsoft.EntityFrameworkCore.Database.Command[20101]
      Executed DbCommand (5ms) [Parameters=[@__id_0='?' (DbType = Int32)], CommandType='Text', CommandTimeout='30']
      SELECT f."Id", f."After", f."Before", f."CreatedAt", f."CustomerId", f."Department", f."Field", f."Reason", f."Role", f."UserName"
      FROM "FieldAudits" AS f
      WHERE f."CustomerId" = @__id_0
      ORDER BY f."CreatedAt" DESC
info: Microsoft.EntityFrameworkCore.Database.Command[20101]
      Executed DbCommand (3ms) [Parameters=[@__id_0='?' (DbType = Int32)], CommandType='Text', CommandTimeout='30']
      SELECT t."Id", t."AccountManager", t."AccountManagerUserId", t."AlternativeName", t."BillingAddress", t."Category", t."ContractEndDate", t."ContractRef", t."ContractStartDate", t."ContractStatus", t."ContractValue", t."CreatedAt", t."CreditInfo", t."CustomerId", t."CustomerSince", t."CustomerType", t."Email", t."LastServiceDate", t."LegalName", t."MergedAt", t."MergedIntoCustomerId", t."Name", t."NextServiceDate", t."Notes", t."PaymentTerms", t."Phone", t."PreferredContact", t."Priority", t."RegistrationNumber", t."ServiceFrequencyMonths", t."SpecialRequirements", t."Status", t."TinNumber", t."UpdatedAt", t."VatNumber", t."Website", t."WhatsApp", c0."Id", c0."CreatedAt", c0."CustomerId", c0."Email", c0."EmailConsent", c0."IsPrimary", c0."Name", c0."Phone", c0."PhoneConsent", c0."Role", c1."Id", c1."Address", c1."City", c1."ContactPerson", c1."CreatedAt", c1."CustomerId", c1."Email", c1."IsPrimary", c1."Name", c1."Notes", c1."Phone", c1."SiteType"
      FROM (
          SELECT c."Id", c."AccountManager", c."AccountManagerUserId", c."AlternativeName", c."BillingAddress", c."Category", c."ContractEndDate", c."ContractRef", c."ContractStartDate", c."ContractStatus", c."ContractValue", c."CreatedAt", c."CreditInfo", c."CustomerId", c."CustomerSince", c."CustomerType", c."Email", c."LastServiceDate", c."LegalName", c."MergedAt", c."MergedIntoCustomerId", c."Name", c."NextServiceDate", c."Notes", c."PaymentTerms", c."Phone", c."PreferredContact", c."Priority", c."RegistrationNumber", c."ServiceFrequencyMonths", c."SpecialRequirements", c."Status", c."TinNumber", c."UpdatedAt", c."VatNumber", c."Website", c."WhatsApp"
          FROM "Customers" AS c
          WHERE c."Id" = @__id_0
          LIMIT 1
      ) AS t
      LEFT JOIN "CustomerContacts" AS c0 ON t."Id" = c0."CustomerId"
      LEFT JOIN "CustomerSites" AS c1 ON t."Id" = c1."CustomerId"
      ORDER BY t."Id", c0."Id"
info: Microsoft.EntityFrameworkCore.Database.Command[20101]
      Executed DbCommand (22ms) [Parameters=[@p0='?', @p1='?', @p2='?' (DbType = DateTime), @p3='?' (DbType = Int32), @p4='?', @p7='?' (DbType = Int32), @p5='?' (DbType = DateTime), @p6='?', @p8='?', @p9='?', @p10='?' (DbType = DateTime), @p11='?' (DbType = Int32), @p12='?', @p13='?', @p14='?', @p15='?', @p16='?'], CommandType='Text', CommandTimeout='30']
      INSERT INTO "CustomerActivities" ("Action", "Actor", "CreatedAt", "CustomerId", "Details")
      VALUES (@p0, @p1, @p2, @p3, @p4)
      RETURNING "Id";
      UPDATE "Customers" SET "UpdatedAt" = @p5, "VatNumber" = @p6
      WHERE "Id" = @p7;
      INSERT INTO "FieldAudits" ("After", "Before", "CreatedAt", "CustomerId", "Department", "Field", "Reason", "Role", "UserName")
      VALUES (@p8, @p9, @p10, @p11, @p12, @p13, @p14, @p15, @p16)
      RETURNING "Id";
info: Microsoft.EntityFrameworkCore.Database.Command[20101]
      Executed DbCommand (3ms) [Parameters=[@__customer_Id_0='?' (DbType = Int32)], CommandType='Text', CommandTimeout='30']
      SELECT t."Id", t."AccountManager", t."AccountManagerUserId", t."AlternativeName", t."BillingAddress", t."Category", t."ContractEndDate", t."ContractRef", t."ContractStartDate", t."ContractStatus", t."ContractValue", t."CreatedAt", t."CreditInfo", t."CustomerId", t."CustomerSince", t."CustomerType", t."Email", t."LastServiceDate", t."LegalName", t."MergedAt", t."MergedIntoCustomerId", t."Name", t."NextServiceDate", t."Notes", t."PaymentTerms", t."Phone", t."PreferredContact", t."Priority", t."RegistrationNumber", t."ServiceFrequencyMonths", t."SpecialRequirements", t."Status", t."TinNumber", t."UpdatedAt", t."VatNumber", t."Website", t."WhatsApp", c0."Id", c0."CreatedAt", c0."CustomerId", c0."Email", c0."EmailConsent", c0."IsPrimary", c0."Name", c0."Phone", c0."PhoneConsent", c0."Role", c1."Id", c1."Address", c1."City", c1."ContactPerson", c1."CreatedAt", c1."CustomerId", c1."Email", c1."IsPrimary", c1."Name", c1."Notes", c1."Phone", c1."SiteType"
      FROM (
          SELECT c."Id", c."AccountManager", c."AccountManagerUserId", c."AlternativeName", c."BillingAddress", c."Category", c."ContractEndDate", c."ContractRef", c."ContractStartDate", c."ContractStatus", c."ContractValue", c."CreatedAt", c."CreditInfo", c."CustomerId", c."CustomerSince", c."CustomerType", c."Email", c."LastServiceDate", c."LegalName", c."MergedAt", c."MergedIntoCustomerId", c."Name", c."NextServiceDate", c."Notes", c."PaymentTerms", c."Phone", c."PreferredContact", c."Priority", c."RegistrationNumber", c."ServiceFrequencyMonths", c."SpecialRequirements", c."Status", c."TinNumber", c."UpdatedAt", c."VatNumber", c."Website", c."WhatsApp"
          FROM "Customers" AS c
          WHERE c."Id" = @__customer_Id_0
          LIMIT 1
      ) AS t
      LEFT JOIN "CustomerContacts" AS c0 ON t."Id" = c0."CustomerId"
      LEFT JOIN "CustomerSites" AS c1 ON t."Id" = c1."CustomerId"
      ORDER BY t."Id", c0."Id"
info: Microsoft.EntityFrameworkCore.Database.Command[20101]
      Executed DbCommand (5ms) [Parameters=[], CommandType='Text', CommandTimeout='30']
      SELECT c."Id", c."AccountManager", c."AccountManagerUserId", c."AlternativeName", c."BillingAddress", c."Category", c."ContractEndDate", c."ContractRef", c."ContractStartDate", c."ContractStatus", c."ContractValue", c."CreatedAt", c."CreditInfo", c."CustomerId", c."CustomerSince", c."CustomerType", c."Email", c."LastServiceDate", c."LegalName", c."MergedAt", c."MergedIntoCustomerId", c."Name", c."NextServiceDate", c."Notes", c."PaymentTerms", c."Phone", c."PreferredContact", c."Priority", c."RegistrationNumber", c."ServiceFrequencyMonths", c."SpecialRequirements", c."Status", c."TinNumber", c."UpdatedAt", c."VatNumber", c."Website", c."WhatsApp", c0."Id", c0."CreatedAt", c0."CustomerId", c0."Email", c0."EmailConsent", c0."IsPrimary", c0."Name", c0."Phone", c0."PhoneConsent", c0."Role", c1."Id", c1."Address", c1."City", c1."ContactPerson", c1."CreatedAt", c1."CustomerId", c1."Email", c1."IsPrimary", c1."Name", c1."Notes", c1."Phone", c1."SiteType", s."Id", s."CertificateNo", s."CreatedAt", s."CustomerId", s."DefectsFound", s."EquipmentAdded", s."EquipmentRemoved", s."EquipmentReplaced", s."EquipmentServiced", s."MaterialsUsed", s."Notes", s."Recommendations", s."ReportSentDate", s."ServiceDate", s."SiteId", s."Status", s."StickersUsed", s."Technician", s."UnitsServiced"
      FROM "Customers" AS c
      LEFT JOIN "CustomerContacts" AS c0 ON c."Id" = c0."CustomerId"
      LEFT JOIN "CustomerSites" AS c1 ON c."Id" = c1."CustomerId"
      LEFT JOIN "ServiceRecords" AS s ON c."Id" = s."CustomerId"
      ORDER BY c."Name", c."Id", c0."Id", c1."Id"
info: Microsoft.EntityFrameworkCore.Database.Command[20101]
      Executed DbCommand (13ms) [Parameters=[@__id_0='?' (DbType = Int32)], CommandType='Text', CommandTimeout='30']
      SELECT t."Id", t."AccountManager", t."AccountManagerUserId", t."AlternativeName", t."BillingAddress", t."Category", t."ContractEndDate", t."ContractRef", t."ContractStartDate", t."ContractStatus", t."ContractValue", t."CreatedAt", t."CreditInfo", t."CustomerId", t."CustomerSince", t."CustomerType", t."Email", t."LastServiceDate", t."LegalName", t."MergedAt", t."MergedIntoCustomerId", t."Name", t."NextServiceDate", t."Notes", t."PaymentTerms", t."Phone", t."PreferredContact", t."Priority", t."RegistrationNumber", t."ServiceFrequencyMonths", t."SpecialRequirements", t."Status", t."TinNumber", t."UpdatedAt", t."VatNumber", t."Website", t."WhatsApp", c0."Id", c0."CreatedAt", c0."CustomerId", c0."Email", c0."EmailConsent", c0."IsPrimary", c0."Name", c0."Phone", c0."PhoneConsent", c0."Role", c1."Id", c1."Address", c1."City", c1."ContactPerson", c1."CreatedAt", c1."CustomerId", c1."Email", c1."IsPrimary", c1."Name", c1."Notes", c1."Phone", c1."SiteType", c2."Id", c2."Content", c2."CreatedAt", c2."CreatedBy", c2."CustomerId", c2."Pinned", t0."Id", t0."CertificateNo", t0."CreatedAt", t0."CustomerId", t0."DefectsFound", t0."EquipmentAdded", t0."EquipmentRemoved", t0."EquipmentReplaced", t0."EquipmentServiced", t0."MaterialsUsed", t0."Notes", t0."Recommendations", t0."ReportSentDate", t0."ServiceDate", t0."SiteId", t0."Status", t0."StickersUsed", t0."Technician", t0."UnitsServiced", t0."Id0", t0."Address", t0."City", t0."ContactPerson", t0."CreatedAt0", t0."CustomerId0", t0."Email", t0."IsPrimary", t0."Name", t0."Notes0", t0."Phone", t0."SiteType", c4."Id", c4."Channel", c4."ContactName", c4."CreatedBy", c4."CustomerId", c4."CustomerResponded", c4."Direction", c4."FollowUpDate", c4."Message", c4."ResponseNotes", c4."SentAt", c4."Subject", c5."Id", c5."CustomerId", c5."DocType", c5."FilePath", c5."Name", c5."Notes", c5."SizeBytes", c5."UploadedAt", c5."UploadedBy", c6."Id", c6."Action", c6."Actor", c6."CreatedAt", c6."CustomerId", c6."Details"
      FROM (
          SELECT c."Id", c."AccountManager", c."AccountManagerUserId", c."AlternativeName", c."BillingAddress", c."Category", c."ContractEndDate", c."ContractRef", c."ContractStartDate", c."ContractStatus", c."ContractValue", c."CreatedAt", c."CreditInfo", c."CustomerId", c."CustomerSince", c."CustomerType", c."Email", c."LastServiceDate", c."LegalName", c."MergedAt", c."MergedIntoCustomerId", c."Name", c."NextServiceDate", c."Notes", c."PaymentTerms", c."Phone", c."PreferredContact", c."Priority", c."RegistrationNumber", c."ServiceFrequencyMonths", c."SpecialRequirements", c."Status", c."TinNumber", c."UpdatedAt", c."VatNumber", c."Website", c."WhatsApp"
          FROM "Customers" AS c
          WHERE c."Id" = @__id_0
          LIMIT 1
      ) AS t
      LEFT JOIN "CustomerContacts" AS c0 ON t."Id" = c0."CustomerId"
      LEFT JOIN "CustomerSites" AS c1 ON t."Id" = c1."CustomerId"
      LEFT JOIN "CustomerNotes" AS c2 ON t."Id" = c2."CustomerId"
      LEFT JOIN (
          SELECT s."Id", s."CertificateNo", s."CreatedAt", s."CustomerId", s."DefectsFound", s."EquipmentAdded", s."EquipmentRemoved", s."EquipmentReplaced", s."EquipmentServiced", s."MaterialsUsed", s."Notes", s."Recommendations", s."ReportSentDate", s."ServiceDate", s."SiteId", s."Status", s."StickersUsed", s."Technician", s."UnitsServiced", c3."Id" AS "Id0", c3."Address", c3."City", c3."ContactPerson", c3."CreatedAt" AS "CreatedAt0", c3."CustomerId" AS "CustomerId0", c3."Email", c3."IsPrimary", c3."Name", c3."Notes" AS "Notes0", c3."Phone", c3."SiteType"
          FROM "ServiceRecords" AS s
          LEFT JOIN "CustomerSites" AS c3 ON s."SiteId" = c3."Id"
      ) AS t0 ON t."Id" = t0."CustomerId"
      LEFT JOIN "CustomerCommunications" AS c4 ON t."Id" = c4."CustomerId"
      LEFT JOIN "CustomerDocuments" AS c5 ON t."Id" = c5."CustomerId"
      LEFT JOIN "CustomerActivities" AS c6 ON t."Id" = c6."CustomerId"
      ORDER BY t."Id", c0."Id", c1."Id", c2."Id", t0."Id", t0."Id0", c4."Id", c5."Id"
info: Microsoft.EntityFrameworkCore.Database.Command[20101]
      Executed DbCommand (1ms) [Parameters=[@__id_0='?' (DbType = Int32)], CommandType='Text', CommandTimeout='30']
      SELECT f."Id", f."After", f."Before", f."CreatedAt", f."CustomerId", f."Department", f."Field", f."Reason", f."Role", f."UserName"
      FROM "FieldAudits" AS f
      WHERE f."CustomerId" = @__id_0
      ORDER BY f."CreatedAt" DESC
info: Microsoft.EntityFrameworkCore.Database.Command[20101]
      Executed DbCommand (10ms) [Parameters=[@__id_0='?' (DbType = Int32)], CommandType='Text', CommandTimeout='30']
      SELECT t."Id", t."AccountManager", t."AccountManagerUserId", t."AlternativeName", t."BillingAddress", t."Category", t."ContractEndDate", t."ContractRef", t."ContractStartDate", t."ContractStatus", t."ContractValue", t."CreatedAt", t."CreditInfo", t."CustomerId", t."CustomerSince", t."CustomerType", t."Email", t."LastServiceDate", t."LegalName", t."MergedAt", t."MergedIntoCustomerId", t."Name", t."NextServiceDate", t."Notes", t."PaymentTerms", t."Phone", t."PreferredContact", t."Priority", t."RegistrationNumber", t."ServiceFrequencyMonths", t."SpecialRequirements", t."Status", t."TinNumber", t."UpdatedAt", t."VatNumber", t."Website", t."WhatsApp", c0."Id", c0."CreatedAt", c0."CustomerId", c0."Email", c0."EmailConsent", c0."IsPrimary", c0."Name", c0."Phone", c0."PhoneConsent", c0."Role", c1."Id", c1."Address", c1."City", c1."ContactPerson", c1."CreatedAt", c1."CustomerId", c1."Email", c1."IsPrimary", c1."Name", c1."Notes", c1."Phone", c1."SiteType", c2."Id", c2."Content", c2."CreatedAt", c2."CreatedBy", c2."CustomerId", c2."Pinned", t0."Id", t0."CertificateNo", t0."CreatedAt", t0."CustomerId", t0."DefectsFound", t0."EquipmentAdded", t0."EquipmentRemoved", t0."EquipmentReplaced", t0."EquipmentServiced", t0."MaterialsUsed", t0."Notes", t0."Recommendations", t0."ReportSentDate", t0."ServiceDate", t0."SiteId", t0."Status", t0."StickersUsed", t0."Technician", t0."UnitsServiced", t0."Id0", t0."Address", t0."City", t0."ContactPerson", t0."CreatedAt0", t0."CustomerId0", t0."Email", t0."IsPrimary", t0."Name", t0."Notes0", t0."Phone", t0."SiteType", c4."Id", c4."Channel", c4."ContactName", c4."CreatedBy", c4."CustomerId", c4."CustomerResponded", c4."Direction", c4."FollowUpDate", c4."Message", c4."ResponseNotes", c4."SentAt", c4."Subject", c5."Id", c5."CustomerId", c5."DocType", c5."FilePath", c5."Name", c5."Notes", c5."SizeBytes", c5."UploadedAt", c5."UploadedBy", c6."Id", c6."Action", c6."Actor", c6."CreatedAt", c6."CustomerId", c6."Details"
      FROM (
          SELECT c."Id", c."AccountManager", c."AccountManagerUserId", c."AlternativeName", c."BillingAddress", c."Category", c."ContractEndDate", c."ContractRef", c."ContractStartDate", c."ContractStatus", c."ContractValue", c."CreatedAt", c."CreditInfo", c."CustomerId", c."CustomerSince", c."CustomerType", c."Email", c."LastServiceDate", c."LegalName", c."MergedAt", c."MergedIntoCustomerId", c."Name", c."NextServiceDate", c."Notes", c."PaymentTerms", c."Phone", c."PreferredContact", c."Priority", c."RegistrationNumber", c."ServiceFrequencyMonths", c."SpecialRequirements", c."Status", c."TinNumber", c."UpdatedAt", c."VatNumber", c."Website", c."WhatsApp"
          FROM "Customers" AS c
          WHERE c."Id" = @__id_0
          LIMIT 1
      ) AS t
      LEFT JOIN "CustomerContacts" AS c0 ON t."Id" = c0."CustomerId"
      LEFT JOIN "CustomerSites" AS c1 ON t."Id" = c1."CustomerId"
      LEFT JOIN "CustomerNotes" AS c2 ON t."Id" = c2."CustomerId"
      LEFT JOIN (
          SELECT s."Id", s."CertificateNo", s."CreatedAt", s."CustomerId", s."DefectsFound", s."EquipmentAdded", s."EquipmentRemoved", s."EquipmentReplaced", s."EquipmentServiced", s."MaterialsUsed", s."Notes", s."Recommendations", s."ReportSentDate", s."ServiceDate", s."SiteId", s."Status", s."StickersUsed", s."Technician", s."UnitsServiced", c3."Id" AS "Id0", c3."Address", c3."City", c3."ContactPerson", c3."CreatedAt" AS "CreatedAt0", c3."CustomerId" AS "CustomerId0", c3."Email", c3."IsPrimary", c3."Name", c3."Notes" AS "Notes0", c3."Phone", c3."SiteType"
          FROM "ServiceRecords" AS s
          LEFT JOIN "CustomerSites" AS c3 ON s."SiteId" = c3."Id"
      ) AS t0 ON t."Id" = t0."CustomerId"
      LEFT JOIN "CustomerCommunications" AS c4 ON t."Id" = c4."CustomerId"
      LEFT JOIN "CustomerDocuments" AS c5 ON t."Id" = c5."CustomerId"
      LEFT JOIN "CustomerActivities" AS c6 ON t."Id" = c6."CustomerId"
      ORDER BY t."Id", c0."Id", c1."Id", c2."Id", t0."Id", t0."Id0", c4."Id", c5."Id"
info: Microsoft.EntityFrameworkCore.Database.Command[20101]
      Executed DbCommand (2ms) [Parameters=[@__id_0='?' (DbType = Int32)], CommandType='Text', CommandTimeout='30']
      SELECT f."Id", f."After", f."Before", f."CreatedAt", f."CustomerId", f."Department", f."Field", f."Reason", f."Role", f."UserName"
      FROM "FieldAudits" AS f
      WHERE f."CustomerId" = @__id_0
      ORDER BY f."CreatedAt" DESC
info: Microsoft.EntityFrameworkCore.Database.Command[20101]
      Executed DbCommand (15ms) [Parameters=[@__id_0='?' (DbType = Int32)], CommandType='Text', CommandTimeout='30']
      SELECT t."Id", t."AccountManager", t."AccountManagerUserId", t."AlternativeName", t."BillingAddress", t."Category", t."ContractEndDate", t."ContractRef", t."ContractStartDate", t."ContractStatus", t."ContractValue", t."CreatedAt", t."CreditInfo", t."CustomerId", t."CustomerSince", t."CustomerType", t."Email", t."LastServiceDate", t."LegalName", t."MergedAt", t."MergedIntoCustomerId", t."Name", t."NextServiceDate", t."Notes", t."PaymentTerms", t."Phone", t."PreferredContact", t."Priority", t."RegistrationNumber", t."ServiceFrequencyMonths", t."SpecialRequirements", t."Status", t."TinNumber", t."UpdatedAt", t."VatNumber", t."Website", t."WhatsApp", s."Id", s."CertificateNo", s."CreatedAt", s."CustomerId", s."DefectsFound", s."EquipmentAdded", s."EquipmentRemoved", s."EquipmentReplaced", s."EquipmentServiced", s."MaterialsUsed", s."Notes", s."Recommendations", s."ReportSentDate", s."ServiceDate", s."SiteId", s."Status", s."StickersUsed", s."Technician", s."UnitsServiced", c0."Id", c0."Channel", c0."ContactName", c0."CreatedBy", c0."CustomerId", c0."CustomerResponded", c0."Direction", c0."FollowUpDate", c0."Message", c0."ResponseNotes", c0."SentAt", c0."Subject", c1."Id", c1."Action", c1."Actor", c1."CreatedAt", c1."CustomerId", c1."Details", c2."Id", c2."CustomerId", c2."DocType", c2."FilePath", c2."Name", c2."Notes", c2."SizeBytes", c2."UploadedAt", c2."UploadedBy"
      FROM (
          SELECT c."Id", c."AccountManager", c."AccountManagerUserId", c."AlternativeName", c."BillingAddress", c."Category", c."ContractEndDate", c."ContractRef", c."ContractStartDate", c."ContractStatus", c."ContractValue", c."CreatedAt", c."CreditInfo", c."CustomerId", c."CustomerSince", c."CustomerType", c."Email", c."LastServiceDate", c."LegalName", c."MergedAt", c."MergedIntoCustomerId", c."Name", c."NextServiceDate", c."Notes", c."PaymentTerms", c."Phone", c."PreferredContact", c."Priority", c."RegistrationNumber", c."ServiceFrequencyMonths", c."SpecialRequirements", c."Status", c."TinNumber", c."UpdatedAt", c."VatNumber", c."Website", c."WhatsApp"
          FROM "Customers" AS c
          WHERE c."Id" = @__id_0
          LIMIT 1
      ) AS t
      LEFT JOIN "ServiceRecords" AS s ON t."Id" = s."CustomerId"
      LEFT JOIN "CustomerCommunications" AS c0 ON t."Id" = c0."CustomerId"
      LEFT JOIN "CustomerActivities" AS c1 ON t."Id" = c1."CustomerId"
      LEFT JOIN "CustomerDocuments" AS c2 ON t."Id" = c2."CustomerId"
      ORDER BY t."Id", s."Id", c0."Id", c1."Id"
info: Microsoft.EntityFrameworkCore.Database.Command[20101]
      Executed DbCommand (7ms) [Parameters=[@__id_0='?' (DbType = Int32)], CommandType='Text', CommandTimeout='30']
      SELECT t."Id", t."AccountManager", t."AccountManagerUserId", t."AlternativeName", t."BillingAddress", t."Category", t."ContractEndDate", t."ContractRef", t."ContractStartDate", t."ContractStatus", t."ContractValue", t."CreatedAt", t."CreditInfo", t."CustomerId", t."CustomerSince", t."CustomerType", t."Email", t."LastServiceDate", t."LegalName", t."MergedAt", t."MergedIntoCustomerId", t."Name", t."NextServiceDate", t."Notes", t."PaymentTerms", t."Phone", t."PreferredContact", t."Priority", t."RegistrationNumber", t."ServiceFrequencyMonths", t."SpecialRequirements", t."Status", t."TinNumber", t."UpdatedAt", t."VatNumber", t."Website", t."WhatsApp", s."Id", s."CertificateNo", s."CreatedAt", s."CustomerId", s."DefectsFound", s."EquipmentAdded", s."EquipmentRemoved", s."EquipmentReplaced", s."EquipmentServiced", s."MaterialsUsed", s."Notes", s."Recommendations", s."ReportSentDate", s."ServiceDate", s."SiteId", s."Status", s."StickersUsed", s."Technician", s."UnitsServiced", c0."Id", c0."Channel", c0."ContactName", c0."CreatedBy", c0."CustomerId", c0."CustomerResponded", c0."Direction", c0."FollowUpDate", c0."Message", c0."ResponseNotes", c0."SentAt", c0."Subject", c1."Id", c1."Action", c1."Actor", c1."CreatedAt", c1."CustomerId", c1."Details", c2."Id", c2."CustomerId", c2."DocType", c2."FilePath", c2."Name", c2."Notes", c2."SizeBytes", c2."UploadedAt", c2."UploadedBy"
      FROM (
          SELECT c."Id", c."AccountManager", c."AccountManagerUserId", c."AlternativeName", c."BillingAddress", c."Category", c."ContractEndDate", c."ContractRef", c."ContractStartDate", c."ContractStatus", c."ContractValue", c."CreatedAt", c."CreditInfo", c."CustomerId", c."CustomerSince", c."CustomerType", c."Email", c."LastServiceDate", c."LegalName", c."MergedAt", c."MergedIntoCustomerId", c."Name", c."NextServiceDate", c."Notes", c."PaymentTerms", c."Phone", c."PreferredContact", c."Priority", c."RegistrationNumber", c."ServiceFrequencyMonths", c."SpecialRequirements", c."Status", c."TinNumber", c."UpdatedAt", c."VatNumber", c."Website", c."WhatsApp"
          FROM "Customers" AS c
          WHERE c."Id" = @__id_0
          LIMIT 1
      ) AS t
      LEFT JOIN "ServiceRecords" AS s ON t."Id" = s."CustomerId"
      LEFT JOIN "CustomerCommunications" AS c0 ON t."Id" = c0."CustomerId"
      LEFT JOIN "CustomerActivities" AS c1 ON t."Id" = c1."CustomerId"
      LEFT JOIN "CustomerDocuments" AS c2 ON t."Id" = c2."CustomerId"
      ORDER BY t."Id", s."Id", c0."Id", c1."Id"
info: Microsoft.EntityFrameworkCore.Database.Command[20101]
      Executed DbCommand (146ms) [Parameters=[], CommandType='Text', CommandTimeout='30']
      SELECT c."Id", c."AccountManager", c."AccountManagerUserId", c."AlternativeName", c."BillingAddress", c."Category", c."ContractEndDate", c."ContractRef", c."ContractStartDate", c."ContractStatus", c."ContractValue", c."CreatedAt", c."CreditInfo", c."CustomerId", c."CustomerSince", c."CustomerType", c."Email", c."LastServiceDate", c."LegalName", c."MergedAt", c."MergedIntoCustomerId", c."Name", c."NextServiceDate", c."Notes", c."PaymentTerms", c."Phone", c."PreferredContact", c."Priority", c."RegistrationNumber", c."ServiceFrequencyMonths", c."SpecialRequirements", c."Status", c."TinNumber", c."UpdatedAt", c."VatNumber", c."Website", c."WhatsApp", c0."Id", c0."CreatedAt", c0."CustomerId", c0."Email", c0."EmailConsent", c0."IsPrimary", c0."Name", c0."Phone", c0."PhoneConsent", c0."Role", c1."Id", c1."Address", c1."City", c1."ContactPerson", c1."CreatedAt", c1."CustomerId", c1."Email", c1."IsPrimary", c1."Name", c1."Notes", c1."Phone", c1."SiteType", s."Id", s."CertificateNo", s."CreatedAt", s."CustomerId", s."DefectsFound", s."EquipmentAdded", s."EquipmentRemoved", s."EquipmentReplaced", s."EquipmentServiced", s."MaterialsUsed", s."Notes", s."Recommendations", s."ReportSentDate", s."ServiceDate", s."SiteId", s."Status", s."StickersUsed", s."Technician", s."UnitsServiced"
      FROM "Customers" AS c
      LEFT JOIN "CustomerContacts" AS c0 ON c."Id" = c0."CustomerId"
      LEFT JOIN "CustomerSites" AS c1 ON c."Id" = c1."CustomerId"
      LEFT JOIN "ServiceRecords" AS s ON c."Id" = s."CustomerId"
      ORDER BY c."Name", c."Id", c0."Id", c1."Id"
info: Microsoft.EntityFrameworkCore.Database.Command[20101]
      Executed DbCommand (6ms) [Parameters=[], CommandType='Text', CommandTimeout='30']
      SELECT c."Id", c."AccountManager", c."AccountManagerUserId", c."AlternativeName", c."BillingAddress", c."Category", c."ContractEndDate", c."ContractRef", c."ContractStartDate", c."ContractStatus", c."ContractValue", c."CreatedAt", c."CreditInfo", c."CustomerId", c."CustomerSince", c."CustomerType", c."Email", c."LastServiceDate", c."LegalName", c."MergedAt", c."MergedIntoCustomerId", c."Name", c."NextServiceDate", c."Notes", c."PaymentTerms", c."Phone", c."PreferredContact", c."Priority", c."RegistrationNumber", c."ServiceFrequencyMonths", c."SpecialRequirements", c."Status", c."TinNumber", c."UpdatedAt", c."VatNumber", c."Website", c."WhatsApp", c0."Id", c0."CreatedAt", c0."CustomerId", c0."Email", c0."EmailConsent", c0."IsPrimary", c0."Name", c0."Phone", c0."PhoneConsent", c0."Role", c1."Id", c1."Address", c1."City", c1."ContactPerson", c1."CreatedAt", c1."CustomerId", c1."Email", c1."IsPrimary", c1."Name", c1."Notes", c1."Phone", c1."SiteType", s."Id", s."CertificateNo", s."CreatedAt", s."CustomerId", s."DefectsFound", s."EquipmentAdded", s."EquipmentRemoved", s."EquipmentReplaced", s."EquipmentServiced", s."MaterialsUsed", s."Notes", s."Recommendations", s."ReportSentDate", s."ServiceDate", s."SiteId", s."Status", s."StickersUsed", s."Technician", s."UnitsServiced"
      FROM "Customers" AS c
      LEFT JOIN "CustomerContacts" AS c0 ON c."Id" = c0."CustomerId"
      LEFT JOIN "CustomerSites" AS c1 ON c."Id" = c1."CustomerId"
      LEFT JOIN "ServiceRecords" AS s ON c."Id" = s."CustomerId"
      ORDER BY c."Name", c."Id", c0."Id", c1."Id"
info: Microsoft.EntityFrameworkCore.Database.Command[20101]
      Executed DbCommand (5ms) [Parameters=[], CommandType='Text', CommandTimeout='30']
      SELECT c."Id", c."AccountManager", c."AccountManagerUserId", c."AlternativeName", c."BillingAddress", c."Category", c."ContractEndDate", c."ContractRef", c."ContractStartDate", c."ContractStatus", c."ContractValue", c."CreatedAt", c."CreditInfo", c."CustomerId", c."CustomerSince", c."CustomerType", c."Email", c."LastServiceDate", c."LegalName", c."MergedAt", c."MergedIntoCustomerId", c."Name", c."NextServiceDate", c."Notes", c."PaymentTerms", c."Phone", c."PreferredContact", c."Priority", c."RegistrationNumber", c."ServiceFrequencyMonths", c."SpecialRequirements", c."Status", c."TinNumber", c."UpdatedAt", c."VatNumber", c."Website", c."WhatsApp", c0."Id", c0."CreatedAt", c0."CustomerId", c0."Email", c0."EmailConsent", c0."IsPrimary", c0."Name", c0."Phone", c0."PhoneConsent", c0."Role", c1."Id", c1."Address", c1."City", c1."ContactPerson", c1."CreatedAt", c1."CustomerId", c1."Email", c1."IsPrimary", c1."Name", c1."Notes", c1."Phone", c1."SiteType", s."Id", s."CertificateNo", s."CreatedAt", s."CustomerId", s."DefectsFound", s."EquipmentAdded", s."EquipmentRemoved", s."EquipmentReplaced", s."EquipmentServiced", s."MaterialsUsed", s."Notes", s."Recommendations", s."ReportSentDate", s."ServiceDate", s."SiteId", s."Status", s."StickersUsed", s."Technician", s."UnitsServiced"
      FROM "Customers" AS c
      LEFT JOIN "CustomerContacts" AS c0 ON c."Id" = c0."CustomerId"
      LEFT JOIN "CustomerSites" AS c1 ON c."Id" = c1."CustomerId"
      LEFT JOIN "ServiceRecords" AS s ON c."Id" = s."CustomerId"
      ORDER BY c."Name", c."Id", c0."Id", c1."Id"
info: Microsoft.EntityFrameworkCore.Database.Command[20101]
      Executed DbCommand (7ms) [Parameters=[], CommandType='Text', CommandTimeout='30']
      SELECT c."Id", c."AccountManager", c."AccountManagerUserId", c."AlternativeName", c."BillingAddress", c."Category", c."ContractEndDate", c."ContractRef", c."ContractStartDate", c."ContractStatus", c."ContractValue", c."CreatedAt", c."CreditInfo", c."CustomerId", c."CustomerSince", c."CustomerType", c."Email", c."LastServiceDate", c."LegalName", c."MergedAt", c."MergedIntoCustomerId", c."Name", c."NextServiceDate", c."Notes", c."PaymentTerms", c."Phone", c."PreferredContact", c."Priority", c."RegistrationNumber", c."ServiceFrequencyMonths", c."SpecialRequirements", c."Status", c."TinNumber", c."UpdatedAt", c."VatNumber", c."Website", c."WhatsApp", c0."Id", c0."CreatedAt", c0."CustomerId", c0."Email", c0."EmailConsent", c0."IsPrimary", c0."Name", c0."Phone", c0."PhoneConsent", c0."Role", c1."Id", c1."Address", c1."City", c1."ContactPerson", c1."CreatedAt", c1."CustomerId", c1."Email", c1."IsPrimary", c1."Name", c1."Notes", c1."Phone", c1."SiteType", s."Id", s."CertificateNo", s."CreatedAt", s."CustomerId", s."DefectsFound", s."EquipmentAdded", s."EquipmentRemoved", s."EquipmentReplaced", s."EquipmentServiced", s."MaterialsUsed", s."Notes", s."Recommendations", s."ReportSentDate", s."ServiceDate", s."SiteId", s."Status", s."StickersUsed", s."Technician", s."UnitsServiced"
      FROM "Customers" AS c
      LEFT JOIN "CustomerContacts" AS c0 ON c."Id" = c0."CustomerId"
      LEFT JOIN "CustomerSites" AS c1 ON c."Id" = c1."CustomerId"
      LEFT JOIN "ServiceRecords" AS s ON c."Id" = s."CustomerId"
      ORDER BY c."Name", c."Id", c0."Id", c1."Id"
info: Microsoft.EntityFrameworkCore.Database.Command[20101]
      Executed DbCommand (3ms) [Parameters=[], CommandType='Text', CommandTimeout='30']
      SELECT c."Id", c."AccountManager", c."AccountManagerUserId", c."AlternativeName", c."BillingAddress", c."Category", c."ContractEndDate", c."ContractRef", c."ContractStartDate", c."ContractStatus", c."ContractValue", c."CreatedAt", c."CreditInfo", c."CustomerId", c."CustomerSince", c."CustomerType", c."Email", c."LastServiceDate", c."LegalName", c."MergedAt", c."MergedIntoCustomerId", c."Name", c."NextServiceDate", c."Notes", c."PaymentTerms", c."Phone", c."PreferredContact", c."Priority", c."RegistrationNumber", c."ServiceFrequencyMonths", c."SpecialRequirements", c."Status", c."TinNumber", c."UpdatedAt", c."VatNumber", c."Website", c."WhatsApp", c0."Id", c0."CreatedAt", c0."CustomerId", c0."Email", c0."EmailConsent", c0."IsPrimary", c0."Name", c0."Phone", c0."PhoneConsent", c0."Role", c1."Id", c1."Address", c1."City", c1."ContactPerson", c1."CreatedAt", c1."CustomerId", c1."Email", c1."IsPrimary", c1."Name", c1."Notes", c1."Phone", c1."SiteType", s."Id", s."CertificateNo", s."CreatedAt", s."CustomerId", s."DefectsFound", s."EquipmentAdded", s."EquipmentRemoved", s."EquipmentReplaced", s."EquipmentServiced", s."MaterialsUsed", s."Notes", s."Recommendations", s."ReportSentDate", s."ServiceDate", s."SiteId", s."Status", s."StickersUsed", s."Technician", s."UnitsServiced"
      FROM "Customers" AS c
      LEFT JOIN "CustomerContacts" AS c0 ON c."Id" = c0."CustomerId"
      LEFT JOIN "CustomerSites" AS c1 ON c."Id" = c1."CustomerId"
      LEFT JOIN "ServiceRecords" AS s ON c."Id" = s."CustomerId"
      ORDER BY c."Name", c."Id", c0."Id", c1."Id"
info: Microsoft.EntityFrameworkCore.Database.Command[20101]
      Executed DbCommand (3ms) [Parameters=[], CommandType='Text', CommandTimeout='30']
      SELECT c."Id", c."AccountManager", c."AccountManagerUserId", c."AlternativeName", c."BillingAddress", c."Category", c."ContractEndDate", c."ContractRef", c."ContractStartDate", c."ContractStatus", c."ContractValue", c."CreatedAt", c."CreditInfo", c."CustomerId", c."CustomerSince", c."CustomerType", c."Email", c."LastServiceDate", c."LegalName", c."MergedAt", c."MergedIntoCustomerId", c."Name", c."NextServiceDate", c."Notes", c."PaymentTerms", c."Phone", c."PreferredContact", c."Priority", c."RegistrationNumber", c."ServiceFrequencyMonths", c."SpecialRequirements", c."Status", c."TinNumber", c."UpdatedAt", c."VatNumber", c."Website", c."WhatsApp", c0."Id", c0."CreatedAt", c0."CustomerId", c0."Email", c0."EmailConsent", c0."IsPrimary", c0."Name", c0."Phone", c0."PhoneConsent", c0."Role", c1."Id", c1."Address", c1."City", c1."ContactPerson", c1."CreatedAt", c1."CustomerId", c1."Email", c1."IsPrimary", c1."Name", c1."Notes", c1."Phone", c1."SiteType", s."Id", s."CertificateNo", s."CreatedAt", s."CustomerId", s."DefectsFound", s."EquipmentAdded", s."EquipmentRemoved", s."EquipmentReplaced", s."EquipmentServiced", s."MaterialsUsed", s."Notes", s."Recommendations", s."ReportSentDate", s."ServiceDate", s."SiteId", s."Status", s."StickersUsed", s."Technician", s."UnitsServiced"
      FROM "Customers" AS c
      LEFT JOIN "CustomerContacts" AS c0 ON c."Id" = c0."CustomerId"
      LEFT JOIN "CustomerSites" AS c1 ON c."Id" = c1."CustomerId"
      LEFT JOIN "ServiceRecords" AS s ON c."Id" = s."CustomerId"
      ORDER BY c."Name", c."Id", c0."Id", c1."Id"
info: Microsoft.EntityFrameworkCore.Database.Command[20101]
      Executed DbCommand (11ms) [Parameters=[], CommandType='Text', CommandTimeout='30']
      SELECT c."Id", c."AccountManager", c."AccountManagerUserId", c."AlternativeName", c."BillingAddress", c."Category", c."ContractEndDate", c."ContractRef", c."ContractStartDate", c."ContractStatus", c."ContractValue", c."CreatedAt", c."CreditInfo", c."CustomerId", c."CustomerSince", c."CustomerType", c."Email", c."LastServiceDate", c."LegalName", c."MergedAt", c."MergedIntoCustomerId", c."Name", c."NextServiceDate", c."Notes", c."PaymentTerms", c."Phone", c."PreferredContact", c."Priority", c."RegistrationNumber", c."ServiceFrequencyMonths", c."SpecialRequirements", c."Status", c."TinNumber", c."UpdatedAt", c."VatNumber", c."Website", c."WhatsApp", c0."Id", c0."CreatedAt", c0."CustomerId", c0."Email", c0."EmailConsent", c0."IsPrimary", c0."Name", c0."Phone", c0."PhoneConsent", c0."Role", c1."Id", c1."Address", c1."City", c1."ContactPerson", c1."CreatedAt", c1."CustomerId", c1."Email", c1."IsPrimary", c1."Name", c1."Notes", c1."Phone", c1."SiteType", s."Id", s."CertificateNo", s."CreatedAt", s."CustomerId", s."DefectsFound", s."EquipmentAdded", s."EquipmentRemoved", s."EquipmentReplaced", s."EquipmentServiced", s."MaterialsUsed", s."Notes", s."Recommendations", s."ReportSentDate", s."ServiceDate", s."SiteId", s."Status", s."StickersUsed", s."Technician", s."UnitsServiced"
      FROM "Customers" AS c
      LEFT JOIN "CustomerContacts" AS c0 ON c."Id" = c0."CustomerId"
      LEFT JOIN "CustomerSites" AS c1 ON c."Id" = c1."CustomerId"
      LEFT JOIN "ServiceRecords" AS s ON c."Id" = s."CustomerId"
      ORDER BY c."Name", c."Id", c0."Id", c1."Id"
info: Microsoft.EntityFrameworkCore.Database.Command[20101]
      Executed DbCommand (5ms) [Parameters=[], CommandType='Text', CommandTimeout='30']
      SELECT c."Id", c."AccountManager", c."AccountManagerUserId", c."AlternativeName", c."BillingAddress", c."Category", c."ContractEndDate", c."ContractRef", c."ContractStartDate", c."ContractStatus", c."ContractValue", c."CreatedAt", c."CreditInfo", c."CustomerId", c."CustomerSince", c."CustomerType", c."Email", c."LastServiceDate", c."LegalName", c."MergedAt", c."MergedIntoCustomerId", c."Name", c."NextServiceDate", c."Notes", c."PaymentTerms", c."Phone", c."PreferredContact", c."Priority", c."RegistrationNumber", c."ServiceFrequencyMonths", c."SpecialRequirements", c."Status", c."TinNumber", c."UpdatedAt", c."VatNumber", c."Website", c."WhatsApp", c0."Id", c0."CreatedAt", c0."CustomerId", c0."Email", c0."EmailConsent", c0."IsPrimary", c0."Name", c0."Phone", c0."PhoneConsent", c0."Role", c1."Id", c1."Address", c1."City", c1."ContactPerson", c1."CreatedAt", c1."CustomerId", c1."Email", c1."IsPrimary", c1."Name", c1."Notes", c1."Phone", c1."SiteType", s."Id", s."CertificateNo", s."CreatedAt", s."CustomerId", s."DefectsFound", s."EquipmentAdded", s."EquipmentRemoved", s."EquipmentReplaced", s."EquipmentServiced", s."MaterialsUsed", s."Notes", s."Recommendations", s."ReportSentDate", s."ServiceDate", s."SiteId", s."Status", s."StickersUsed", s."Technician", s."UnitsServiced"
      FROM "Customers" AS c
      LEFT JOIN "CustomerContacts" AS c0 ON c."Id" = c0."CustomerId"
      LEFT JOIN "CustomerSites" AS c1 ON c."Id" = c1."CustomerId"
      LEFT JOIN "ServiceRecords" AS s ON c."Id" = s."CustomerId"
      ORDER BY c."Name", c."Id", c0."Id", c1."Id"
info: Microsoft.EntityFrameworkCore.Database.Command[20101]
      Executed DbCommand (35ms) [Parameters=[], CommandType='Text', CommandTimeout='30']
      SELECT c."Id", c."AccountManager", c."AccountManagerUserId", c."AlternativeName", c."BillingAddress", c."Category", c."ContractEndDate", c."ContractRef", c."ContractStartDate", c."ContractStatus", c."ContractValue", c."CreatedAt", c."CreditInfo", c."CustomerId", c."CustomerSince", c."CustomerType", c."Email", c."LastServiceDate", c."LegalName", c."MergedAt", c."MergedIntoCustomerId", c."Name", c."NextServiceDate", c."Notes", c."PaymentTerms", c."Phone", c."PreferredContact", c."Priority", c."RegistrationNumber", c."ServiceFrequencyMonths", c."SpecialRequirements", c."Status", c."TinNumber", c."UpdatedAt", c."VatNumber", c."Website", c."WhatsApp", c0."Id", c0."CreatedAt", c0."CustomerId", c0."Email", c0."EmailConsent", c0."IsPrimary", c0."Name", c0."Phone", c0."PhoneConsent", c0."Role", c1."Id", c1."Address", c1."City", c1."ContactPerson", c1."CreatedAt", c1."CustomerId", c1."Email", c1."IsPrimary", c1."Name", c1."Notes", c1."Phone", c1."SiteType", s."Id", s."CertificateNo", s."CreatedAt", s."CustomerId", s."DefectsFound", s."EquipmentAdded", s."EquipmentRemoved", s."EquipmentReplaced", s."EquipmentServiced", s."MaterialsUsed", s."Notes", s."Recommendations", s."ReportSentDate", s."ServiceDate", s."SiteId", s."Status", s."StickersUsed", s."Technician", s."UnitsServiced"
      FROM "Customers" AS c
      LEFT JOIN "CustomerContacts" AS c0 ON c."Id" = c0."CustomerId"
      LEFT JOIN "CustomerSites" AS c1 ON c."Id" = c1."CustomerId"
      LEFT JOIN "ServiceRecords" AS s ON c."Id" = s."CustomerId"
      ORDER BY c."Name", c."Id", c0."Id", c1."Id"
info: Microsoft.EntityFrameworkCore.Database.Command[20101]
      Executed DbCommand (4ms) [Parameters=[], CommandType='Text', CommandTimeout='30']
      SELECT c."Id", c."AccountManager", c."AccountManagerUserId", c."AlternativeName", c."BillingAddress", c."Category", c."ContractEndDate", c."ContractRef", c."ContractStartDate", c."ContractStatus", c."ContractValue", c."CreatedAt", c."CreditInfo", c."CustomerId", c."CustomerSince", c."CustomerType", c."Email", c."LastServiceDate", c."LegalName", c."MergedAt", c."MergedIntoCustomerId", c."Name", c."NextServiceDate", c."Notes", c."PaymentTerms", c."Phone", c."PreferredContact", c."Priority", c."RegistrationNumber", c."ServiceFrequencyMonths", c."SpecialRequirements", c."Status", c."TinNumber", c."UpdatedAt", c."VatNumber", c."Website", c."WhatsApp", c0."Id", c0."CreatedAt", c0."CustomerId", c0."Email", c0."EmailConsent", c0."IsPrimary", c0."Name", c0."Phone", c0."PhoneConsent", c0."Role", c1."Id", c1."Address", c1."City", c1."ContactPerson", c1."CreatedAt", c1."CustomerId", c1."Email", c1."IsPrimary", c1."Name", c1."Notes", c1."Phone", c1."SiteType", s."Id", s."CertificateNo", s."CreatedAt", s."CustomerId", s."DefectsFound", s."EquipmentAdded", s."EquipmentRemoved", s."EquipmentReplaced", s."EquipmentServiced", s."MaterialsUsed", s."Notes", s."Recommendations", s."ReportSentDate", s."ServiceDate", s."SiteId", s."Status", s."StickersUsed", s."Technician", s."UnitsServiced"
      FROM "Customers" AS c
      LEFT JOIN "CustomerContacts" AS c0 ON c."Id" = c0."CustomerId"
      LEFT JOIN "CustomerSites" AS c1 ON c."Id" = c1."CustomerId"
      LEFT JOIN "ServiceRecords" AS s ON c."Id" = s."CustomerId"
      ORDER BY c."Name", c."Id", c0."Id", c1."Id"
info: Microsoft.EntityFrameworkCore.Database.Command[20101]
      Executed DbCommand (5ms) [Parameters=[], CommandType='Text', CommandTimeout='30']
      SELECT c."Id", c."AccountManager", c."AccountManagerUserId", c."AlternativeName", c."BillingAddress", c."Category", c."ContractEndDate", c."ContractRef", c."ContractStartDate", c."ContractStatus", c."ContractValue", c."CreatedAt", c."CreditInfo", c."CustomerId", c."CustomerSince", c."CustomerType", c."Email", c."LastServiceDate", c."LegalName", c."MergedAt", c."MergedIntoCustomerId", c."Name", c."NextServiceDate", c."Notes", c."PaymentTerms", c."Phone", c."PreferredContact", c."Priority", c."RegistrationNumber", c."ServiceFrequencyMonths", c."SpecialRequirements", c."Status", c."TinNumber", c."UpdatedAt", c."VatNumber", c."Website", c."WhatsApp", c0."Id", c0."CreatedAt", c0."CustomerId", c0."Email", c0."EmailConsent", c0."IsPrimary", c0."Name", c0."Phone", c0."PhoneConsent", c0."Role", c1."Id", c1."Address", c1."City", c1."ContactPerson", c1."CreatedAt", c1."CustomerId", c1."Email", c1."IsPrimary", c1."Name", c1."Notes", c1."Phone", c1."SiteType", s."Id", s."CertificateNo", s."CreatedAt", s."CustomerId", s."DefectsFound", s."EquipmentAdded", s."EquipmentRemoved", s."EquipmentReplaced", s."EquipmentServiced", s."MaterialsUsed", s."Notes", s."Recommendations", s."ReportSentDate", s."ServiceDate", s."SiteId", s."Status", s."StickersUsed", s."Technician", s."UnitsServiced"
      FROM "Customers" AS c
      LEFT JOIN "CustomerContacts" AS c0 ON c."Id" = c0."CustomerId"
      LEFT JOIN "CustomerSites" AS c1 ON c."Id" = c1."CustomerId"
      LEFT JOIN "ServiceRecords" AS s ON c."Id" = s."CustomerId"
      ORDER BY c."Name", c."Id", c0."Id", c1."Id"
info: Microsoft.EntityFrameworkCore.Database.Command[20101]
      Executed DbCommand (7ms) [Parameters=[], CommandType='Text', CommandTimeout='30']
      SELECT c."Id", c."AccountManager", c."AccountManagerUserId", c."AlternativeName", c."BillingAddress", c."Category", c."ContractEndDate", c."ContractRef", c."ContractStartDate", c."ContractStatus", c."ContractValue", c."CreatedAt", c."CreditInfo", c."CustomerId", c."CustomerSince", c."CustomerType", c."Email", c."LastServiceDate", c."LegalName", c."MergedAt", c."MergedIntoCustomerId", c."Name", c."NextServiceDate", c."Notes", c."PaymentTerms", c."Phone", c."PreferredContact", c."Priority", c."RegistrationNumber", c."ServiceFrequencyMonths", c."SpecialRequirements", c."Status", c."TinNumber", c."UpdatedAt", c."VatNumber", c."Website", c."WhatsApp", c0."Id", c0."CreatedAt", c0."CustomerId", c0."Email", c0."EmailConsent", c0."IsPrimary", c0."Name", c0."Phone", c0."PhoneConsent", c0."Role", c1."Id", c1."Address", c1."City", c1."ContactPerson", c1."CreatedAt", c1."CustomerId", c1."Email", c1."IsPrimary", c1."Name", c1."Notes", c1."Phone", c1."SiteType", s."Id", s."CertificateNo", s."CreatedAt", s."CustomerId", s."DefectsFound", s."EquipmentAdded", s."EquipmentRemoved", s."EquipmentReplaced", s."EquipmentServiced", s."MaterialsUsed", s."Notes", s."Recommendations", s."ReportSentDate", s."ServiceDate", s."SiteId", s."Status", s."StickersUsed", s."Technician", s."UnitsServiced"
      FROM "Customers" AS c
      LEFT JOIN "CustomerContacts" AS c0 ON c."Id" = c0."CustomerId"
      LEFT JOIN "CustomerSites" AS c1 ON c."Id" = c1."CustomerId"
      LEFT JOIN "ServiceRecords" AS s ON c."Id" = s."CustomerId"
      ORDER BY c."Name", c."Id", c0."Id", c1."Id"
info: Microsoft.EntityFrameworkCore.Database.Command[20101]
      Executed DbCommand (4ms) [Parameters=[], CommandType='Text', CommandTimeout='30']
      SELECT c."Id", c."AccountManager", c."AccountManagerUserId", c."AlternativeName", c."BillingAddress", c."Category", c."ContractEndDate", c."ContractRef", c."ContractStartDate", c."ContractStatus", c."ContractValue", c."CreatedAt", c."CreditInfo", c."CustomerId", c."CustomerSince", c."CustomerType", c."Email", c."LastServiceDate", c."LegalName", c."MergedAt", c."MergedIntoCustomerId", c."Name", c."NextServiceDate", c."Notes", c."PaymentTerms", c."Phone", c."PreferredContact", c."Priority", c."RegistrationNumber", c."ServiceFrequencyMonths", c."SpecialRequirements", c."Status", c."TinNumber", c."UpdatedAt", c."VatNumber", c."Website", c."WhatsApp", c0."Id", c0."CreatedAt", c0."CustomerId", c0."Email", c0."EmailConsent", c0."IsPrimary", c0."Name", c0."Phone", c0."PhoneConsent", c0."Role", c1."Id", c1."Address", c1."City", c1."ContactPerson", c1."CreatedAt", c1."CustomerId", c1."Email", c1."IsPrimary", c1."Name", c1."Notes", c1."Phone", c1."SiteType", s."Id", s."CertificateNo", s."CreatedAt", s."CustomerId", s."DefectsFound", s."EquipmentAdded", s."EquipmentRemoved", s."EquipmentReplaced", s."EquipmentServiced", s."MaterialsUsed", s."Notes", s."Recommendations", s."ReportSentDate", s."ServiceDate", s."SiteId", s."Status", s."StickersUsed", s."Technician", s."UnitsServiced"
      FROM "Customers" AS c
      LEFT JOIN "CustomerContacts" AS c0 ON c."Id" = c0."CustomerId"
      LEFT JOIN "CustomerSites" AS c1 ON c."Id" = c1."CustomerId"
      LEFT JOIN "ServiceRecords" AS s ON c."Id" = s."CustomerId"
      ORDER BY c."Name", c."Id", c0."Id", c1."Id"
info: Microsoft.EntityFrameworkCore.Database.Command[20101]
      Executed DbCommand (15ms) [Parameters=[], CommandType='Text', CommandTimeout='30']
      SELECT c."Id", c."AccountManager", c."AccountManagerUserId", c."AlternativeName", c."BillingAddress", c."Category", c."ContractEndDate", c."ContractRef", c."ContractStartDate", c."ContractStatus", c."ContractValue", c."CreatedAt", c."CreditInfo", c."CustomerId", c."CustomerSince", c."CustomerType", c."Email", c."LastServiceDate", c."LegalName", c."MergedAt", c."MergedIntoCustomerId", c."Name", c."NextServiceDate", c."Notes", c."PaymentTerms", c."Phone", c."PreferredContact", c."Priority", c."RegistrationNumber", c."ServiceFrequencyMonths", c."SpecialRequirements", c."Status", c."TinNumber", c."UpdatedAt", c."VatNumber", c."Website", c."WhatsApp", c0."Id", c0."CreatedAt", c0."CustomerId", c0."Email", c0."EmailConsent", c0."IsPrimary", c0."Name", c0."Phone", c0."PhoneConsent", c0."Role", c1."Id", c1."Address", c1."City", c1."ContactPerson", c1."CreatedAt", c1."CustomerId", c1."Email", c1."IsPrimary", c1."Name", c1."Notes", c1."Phone", c1."SiteType", s."Id", s."CertificateNo", s."CreatedAt", s."CustomerId", s."DefectsFound", s."EquipmentAdded", s."EquipmentRemoved", s."EquipmentReplaced", s."EquipmentServiced", s."MaterialsUsed", s."Notes", s."Recommendations", s."ReportSentDate", s."ServiceDate", s."SiteId", s."Status", s."StickersUsed", s."Technician", s."UnitsServiced"
      FROM "Customers" AS c
      LEFT JOIN "CustomerContacts" AS c0 ON c."Id" = c0."CustomerId"
      LEFT JOIN "CustomerSites" AS c1 ON c."Id" = c1."CustomerId"
      LEFT JOIN "ServiceRecords" AS s ON c."Id" = s."CustomerId"
      ORDER BY c."Name", c."Id", c0."Id", c1."Id"
info: Microsoft.EntityFrameworkCore.Database.Command[20101]
      Executed DbCommand (88ms) [Parameters=[], CommandType='Text', CommandTimeout='30']
      SELECT c."Id", c."AccountManager", c."AccountManagerUserId", c."AlternativeName", c."BillingAddress", c."Category", c."ContractEndDate", c."ContractRef", c."ContractStartDate", c."ContractStatus", c."ContractValue", c."CreatedAt", c."CreditInfo", c."CustomerId", c."CustomerSince", c."CustomerType", c."Email", c."LastServiceDate", c."LegalName", c."MergedAt", c."MergedIntoCustomerId", c."Name", c."NextServiceDate", c."Notes", c."PaymentTerms", c."Phone", c."PreferredContact", c."Priority", c."RegistrationNumber", c."ServiceFrequencyMonths", c."SpecialRequirements", c."Status", c."TinNumber", c."UpdatedAt", c."VatNumber", c."Website", c."WhatsApp", c0."Id", c0."CreatedAt", c0."CustomerId", c0."Email", c0."EmailConsent", c0."IsPrimary", c0."Name", c0."Phone", c0."PhoneConsent", c0."Role", c1."Id", c1."Address", c1."City", c1."ContactPerson", c1."CreatedAt", c1."CustomerId", c1."Email", c1."IsPrimary", c1."Name", c1."Notes", c1."Phone", c1."SiteType", s."Id", s."CertificateNo", s."CreatedAt", s."CustomerId", s."DefectsFound", s."EquipmentAdded", s."EquipmentRemoved", s."EquipmentReplaced", s."EquipmentServiced", s."MaterialsUsed", s."Notes", s."Recommendations", s."ReportSentDate", s."ServiceDate", s."SiteId", s."Status", s."StickersUsed", s."Technician", s."UnitsServiced"
      FROM "Customers" AS c
      LEFT JOIN "CustomerContacts" AS c0 ON c."Id" = c0."CustomerId"
      LEFT JOIN "CustomerSites" AS c1 ON c."Id" = c1."CustomerId"
      LEFT JOIN "ServiceRecords" AS s ON c."Id" = s."CustomerId"
      ORDER BY c."Name", c."Id", c0."Id", c1."Id"
info: Microsoft.EntityFrameworkCore.Database.Command[20101]
      Executed DbCommand (8ms) [Parameters=[], CommandType='Text', CommandTimeout='30']
      SELECT c."Id", c."AccountManager", c."AccountManagerUserId", c."AlternativeName", c."BillingAddress", c."Category", c."ContractEndDate", c."ContractRef", c."ContractStartDate", c."ContractStatus", c."ContractValue", c."CreatedAt", c."CreditInfo", c."CustomerId", c."CustomerSince", c."CustomerType", c."Email", c."LastServiceDate", c."LegalName", c."MergedAt", c."MergedIntoCustomerId", c."Name", c."NextServiceDate", c."Notes", c."PaymentTerms", c."Phone", c."PreferredContact", c."Priority", c."RegistrationNumber", c."ServiceFrequencyMonths", c."SpecialRequirements", c."Status", c."TinNumber", c."UpdatedAt", c."VatNumber", c."Website", c."WhatsApp", c0."Id", c0."CreatedAt", c0."CustomerId", c0."Email", c0."EmailConsent", c0."IsPrimary", c0."Name", c0."Phone", c0."PhoneConsent", c0."Role", c1."Id", c1."Address", c1."City", c1."ContactPerson", c1."CreatedAt", c1."CustomerId", c1."Email", c1."IsPrimary", c1."Name", c1."Notes", c1."Phone", c1."SiteType", s."Id", s."CertificateNo", s."CreatedAt", s."CustomerId", s."DefectsFound", s."EquipmentAdded", s."EquipmentRemoved", s."EquipmentReplaced", s."EquipmentServiced", s."MaterialsUsed", s."Notes", s."Recommendations", s."ReportSentDate", s."ServiceDate", s."SiteId", s."Status", s."StickersUsed", s."Technician", s."UnitsServiced"
      FROM "Customers" AS c
      LEFT JOIN "CustomerContacts" AS c0 ON c."Id" = c0."CustomerId"
      LEFT JOIN "CustomerSites" AS c1 ON c."Id" = c1."CustomerId"
      LEFT JOIN "ServiceRecords" AS s ON c."Id" = s."CustomerId"
      ORDER BY c."Name", c."Id", c0."Id", c1."Id"
info: Microsoft.EntityFrameworkCore.Database.Command[20101]
      Executed DbCommand (3ms) [Parameters=[], CommandType='Text', CommandTimeout='30']
      SELECT c."Id", c."AccountManager", c."AccountManagerUserId", c."AlternativeName", c."BillingAddress", c."Category", c."ContractEndDate", c."ContractRef", c."ContractStartDate", c."ContractStatus", c."ContractValue", c."CreatedAt", c."CreditInfo", c."CustomerId", c."CustomerSince", c."CustomerType", c."Email", c."LastServiceDate", c."LegalName", c."MergedAt", c."MergedIntoCustomerId", c."Name", c."NextServiceDate", c."Notes", c."PaymentTerms", c."Phone", c."PreferredContact", c."Priority", c."RegistrationNumber", c."ServiceFrequencyMonths", c."SpecialRequirements", c."Status", c."TinNumber", c."UpdatedAt", c."VatNumber", c."Website", c."WhatsApp", c0."Id", c0."CreatedAt", c0."CustomerId", c0."Email", c0."EmailConsent", c0."IsPrimary", c0."Name", c0."Phone", c0."PhoneConsent", c0."Role", c1."Id", c1."Address", c1."City", c1."ContactPerson", c1."CreatedAt", c1."CustomerId", c1."Email", c1."IsPrimary", c1."Name", c1."Notes", c1."Phone", c1."SiteType", s."Id", s."CertificateNo", s."CreatedAt", s."CustomerId", s."DefectsFound", s."EquipmentAdded", s."EquipmentRemoved", s."EquipmentReplaced", s."EquipmentServiced", s."MaterialsUsed", s."Notes", s."Recommendations", s."ReportSentDate", s."ServiceDate", s."SiteId", s."Status", s."StickersUsed", s."Technician", s."UnitsServiced"
      FROM "Customers" AS c
      LEFT JOIN "CustomerContacts" AS c0 ON c."Id" = c0."CustomerId"
      LEFT JOIN "CustomerSites" AS c1 ON c."Id" = c1."CustomerId"
      LEFT JOIN "ServiceRecords" AS s ON c."Id" = s."CustomerId"
      ORDER BY c."Name", c."Id", c0."Id", c1."Id"
info: Microsoft.EntityFrameworkCore.Database.Command[20101]
      Executed DbCommand (6ms) [Parameters=[], CommandType='Text', CommandTimeout='30']
      SELECT c."Id", c."AccountManager", c."AccountManagerUserId", c."AlternativeName", c."BillingAddress", c."Category", c."ContractEndDate", c."ContractRef", c."ContractStartDate", c."ContractStatus", c."ContractValue", c."CreatedAt", c."CreditInfo", c."CustomerId", c."CustomerSince", c."CustomerType", c."Email", c."LastServiceDate", c."LegalName", c."MergedAt", c."MergedIntoCustomerId", c."Name", c."NextServiceDate", c."Notes", c."PaymentTerms", c."Phone", c."PreferredContact", c."Priority", c."RegistrationNumber", c."ServiceFrequencyMonths", c."SpecialRequirements", c."Status", c."TinNumber", c."UpdatedAt", c."VatNumber", c."Website", c."WhatsApp", c0."Id", c0."CreatedAt", c0."CustomerId", c0."Email", c0."EmailConsent", c0."IsPrimary", c0."Name", c0."Phone", c0."PhoneConsent", c0."Role", c1."Id", c1."Address", c1."City", c1."ContactPerson", c1."CreatedAt", c1."CustomerId", c1."Email", c1."IsPrimary", c1."Name", c1."Notes", c1."Phone", c1."SiteType", s."Id", s."CertificateNo", s."CreatedAt", s."CustomerId", s."DefectsFound", s."EquipmentAdded", s."EquipmentRemoved", s."EquipmentReplaced", s."EquipmentServiced", s."MaterialsUsed", s."Notes", s."Recommendations", s."ReportSentDate", s."ServiceDate", s."SiteId", s."Status", s."StickersUsed", s."Technician", s."UnitsServiced"
      FROM "Customers" AS c
      LEFT JOIN "CustomerContacts" AS c0 ON c."Id" = c0."CustomerId"
      LEFT JOIN "CustomerSites" AS c1 ON c."Id" = c1."CustomerId"
      LEFT JOIN "ServiceRecords" AS s ON c."Id" = s."CustomerId"
      ORDER BY c."Name", c."Id", c0."Id", c1."Id"
info: Microsoft.EntityFrameworkCore.Database.Command[20101]
      Executed DbCommand (4ms) [Parameters=[], CommandType='Text', CommandTimeout='30']
      SELECT c."Id", c."AccountManager", c."AccountManagerUserId", c."AlternativeName", c."BillingAddress", c."Category", c."ContractEndDate", c."ContractRef", c."ContractStartDate", c."ContractStatus", c."ContractValue", c."CreatedAt", c."CreditInfo", c."CustomerId", c."CustomerSince", c."CustomerType", c."Email", c."LastServiceDate", c."LegalName", c."MergedAt", c."MergedIntoCustomerId", c."Name", c."NextServiceDate", c."Notes", c."PaymentTerms", c."Phone", c."PreferredContact", c."Priority", c."RegistrationNumber", c."ServiceFrequencyMonths", c."SpecialRequirements", c."Status", c."TinNumber", c."UpdatedAt", c."VatNumber", c."Website", c."WhatsApp", c0."Id", c0."CreatedAt", c0."CustomerId", c0."Email", c0."EmailConsent", c0."IsPrimary", c0."Name", c0."Phone", c0."PhoneConsent", c0."Role", c1."Id", c1."Address", c1."City", c1."ContactPerson", c1."CreatedAt", c1."CustomerId", c1."Email", c1."IsPrimary", c1."Name", c1."Notes", c1."Phone", c1."SiteType", s."Id", s."CertificateNo", s."CreatedAt", s."CustomerId", s."DefectsFound", s."EquipmentAdded", s."EquipmentRemoved", s."EquipmentReplaced", s."EquipmentServiced", s."MaterialsUsed", s."Notes", s."Recommendations", s."ReportSentDate", s."ServiceDate", s."SiteId", s."Status", s."StickersUsed", s."Technician", s."UnitsServiced"
      FROM "Customers" AS c
      LEFT JOIN "CustomerContacts" AS c0 ON c."Id" = c0."CustomerId"
      LEFT JOIN "CustomerSites" AS c1 ON c."Id" = c1."CustomerId"
      LEFT JOIN "ServiceRecords" AS s ON c."Id" = s."CustomerId"
      ORDER BY c."Name", c."Id", c0."Id", c1."Id"
info: Microsoft.EntityFrameworkCore.Database.Command[20101]
      Executed DbCommand (4ms) [Parameters=[], CommandType='Text', CommandTimeout='30']
      SELECT c."Id", c."AccountManager", c."AccountManagerUserId", c."AlternativeName", c."BillingAddress", c."Category", c."ContractEndDate", c."ContractRef", c."ContractStartDate", c."ContractStatus", c."ContractValue", c."CreatedAt", c."CreditInfo", c."CustomerId", c."CustomerSince", c."CustomerType", c."Email", c."LastServiceDate", c."LegalName", c."MergedAt", c."MergedIntoCustomerId", c."Name", c."NextServiceDate", c."Notes", c."PaymentTerms", c."Phone", c."PreferredContact", c."Priority", c."RegistrationNumber", c."ServiceFrequencyMonths", c."SpecialRequirements", c."Status", c."TinNumber", c."UpdatedAt", c."VatNumber", c."Website", c."WhatsApp", c0."Id", c0."CreatedAt", c0."CustomerId", c0."Email", c0."EmailConsent", c0."IsPrimary", c0."Name", c0."Phone", c0."PhoneConsent", c0."Role", c1."Id", c1."Address", c1."City", c1."ContactPerson", c1."CreatedAt", c1."CustomerId", c1."Email", c1."IsPrimary", c1."Name", c1."Notes", c1."Phone", c1."SiteType", s."Id", s."CertificateNo", s."CreatedAt", s."CustomerId", s."DefectsFound", s."EquipmentAdded", s."EquipmentRemoved", s."EquipmentReplaced", s."EquipmentServiced", s."MaterialsUsed", s."Notes", s."Recommendations", s."ReportSentDate", s."ServiceDate", s."SiteId", s."Status", s."StickersUsed", s."Technician", s."UnitsServiced"
      FROM "Customers" AS c
      LEFT JOIN "CustomerContacts" AS c0 ON c."Id" = c0."CustomerId"
      LEFT JOIN "CustomerSites" AS c1 ON c."Id" = c1."CustomerId"
      LEFT JOIN "ServiceRecords" AS s ON c."Id" = s."CustomerId"
      ORDER BY c."Name", c."Id", c0."Id", c1."Id"
info: Microsoft.EntityFrameworkCore.Database.Command[20101]
      Executed DbCommand (6ms) [Parameters=[@__ToLower_0='?', @__ToLower_0_1='?'], CommandType='Text', CommandTimeout='30']
      SELECT u."Id", u."CreatedAt", u."Department", u."DisplayName", u."Email", u."IsActive", u."PasswordHash", u."Role", u."Username"
      FROM "Users" AS u
      WHERE lower(u."Username") = @__ToLower_0 OR lower(u."Email") = @__ToLower_0_1
      LIMIT 1
info: Microsoft.EntityFrameworkCore.Database.Command[20101]
      Executed DbCommand (6ms) [Parameters=[], CommandType='Text', CommandTimeout='30']
      SELECT c."Id", c."AccountManager", c."AccountManagerUserId", c."AlternativeName", c."BillingAddress", c."Category", c."ContractEndDate", c."ContractRef", c."ContractStartDate", c."ContractStatus", c."ContractValue", c."CreatedAt", c."CreditInfo", c."CustomerId", c."CustomerSince", c."CustomerType", c."Email", c."LastServiceDate", c."LegalName", c."MergedAt", c."MergedIntoCustomerId", c."Name", c."NextServiceDate", c."Notes", c."PaymentTerms", c."Phone", c."PreferredContact", c."Priority", c."RegistrationNumber", c."ServiceFrequencyMonths", c."SpecialRequirements", c."Status", c."TinNumber", c."UpdatedAt", c."VatNumber", c."Website", c."WhatsApp", c0."Id", c0."CreatedAt", c0."CustomerId", c0."Email", c0."EmailConsent", c0."IsPrimary", c0."Name", c0."Phone", c0."PhoneConsent", c0."Role", c1."Id", c1."Address", c1."City", c1."ContactPerson", c1."CreatedAt", c1."CustomerId", c1."Email", c1."IsPrimary", c1."Name", c1."Notes", c1."Phone", c1."SiteType", s."Id", s."CertificateNo", s."CreatedAt", s."CustomerId", s."DefectsFound", s."EquipmentAdded", s."EquipmentRemoved", s."EquipmentReplaced", s."EquipmentServiced", s."MaterialsUsed", s."Notes", s."Recommendations", s."ReportSentDate", s."ServiceDate", s."SiteId", s."Status", s."StickersUsed", s."Technician", s."UnitsServiced"
      FROM "Customers" AS c
      LEFT JOIN "CustomerContacts" AS c0 ON c."Id" = c0."CustomerId"
      LEFT JOIN "CustomerSites" AS c1 ON c."Id" = c1."CustomerId"
      LEFT JOIN "ServiceRecords" AS s ON c."Id" = s."CustomerId"
      ORDER BY c."Name", c."Id", c0."Id", c1."Id"
info: Microsoft.EntityFrameworkCore.Database.Command[20101]
      Executed DbCommand (3ms) [Parameters=[], CommandType='Text', CommandTimeout='30']
      SELECT c."Id", c."AccountManager", c."AccountManagerUserId", c."AlternativeName", c."BillingAddress", c."Category", c."ContractEndDate", c."ContractRef", c."ContractStartDate", c."ContractStatus", c."ContractValue", c."CreatedAt", c."CreditInfo", c."CustomerId", c."CustomerSince", c."CustomerType", c."Email", c."LastServiceDate", c."LegalName", c."MergedAt", c."MergedIntoCustomerId", c."Name", c."NextServiceDate", c."Notes", c."PaymentTerms", c."Phone", c."PreferredContact", c."Priority", c."RegistrationNumber", c."ServiceFrequencyMonths", c."SpecialRequirements", c."Status", c."TinNumber", c."UpdatedAt", c."VatNumber", c."Website", c."WhatsApp", c0."Id", c0."CreatedAt", c0."CustomerId", c0."Email", c0."EmailConsent", c0."IsPrimary", c0."Name", c0."Phone", c0."PhoneConsent", c0."Role", c1."Id", c1."Address", c1."City", c1."ContactPerson", c1."CreatedAt", c1."CustomerId", c1."Email", c1."IsPrimary", c1."Name", c1."Notes", c1."Phone", c1."SiteType", s."Id", s."CertificateNo", s."CreatedAt", s."CustomerId", s."DefectsFound", s."EquipmentAdded", s."EquipmentRemoved", s."EquipmentReplaced", s."EquipmentServiced", s."MaterialsUsed", s."Notes", s."Recommendations", s."ReportSentDate", s."ServiceDate", s."SiteId", s."Status", s."StickersUsed", s."Technician", s."UnitsServiced"
      FROM "Customers" AS c
      LEFT JOIN "CustomerContacts" AS c0 ON c."Id" = c0."CustomerId"
      LEFT JOIN "CustomerSites" AS c1 ON c."Id" = c1."CustomerId"
      LEFT JOIN "ServiceRecords" AS s ON c."Id" = s."CustomerId"
      ORDER BY c."Name", c."Id", c0."Id", c1."Id"
info: Microsoft.EntityFrameworkCore.Database.Command[20101]
      Executed DbCommand (5ms) [Parameters=[], CommandType='Text', CommandTimeout='30']
      SELECT c."Id", c."AccountManager", c."AccountManagerUserId", c."AlternativeName", c."BillingAddress", c."Category", c."ContractEndDate", c."ContractRef", c."ContractStartDate", c."ContractStatus", c."ContractValue", c."CreatedAt", c."CreditInfo", c."CustomerId", c."CustomerSince", c."CustomerType", c."Email", c."LastServiceDate", c."LegalName", c."MergedAt", c."MergedIntoCustomerId", c."Name", c."NextServiceDate", c."Notes", c."PaymentTerms", c."Phone", c."PreferredContact", c."Priority", c."RegistrationNumber", c."ServiceFrequencyMonths", c."SpecialRequirements", c."Status", c."TinNumber", c."UpdatedAt", c."VatNumber", c."Website", c."WhatsApp", c0."Id", c0."CreatedAt", c0."CustomerId", c0."Email", c0."EmailConsent", c0."IsPrimary", c0."Name", c0."Phone", c0."PhoneConsent", c0."Role", c1."Id", c1."Address", c1."City", c1."ContactPerson", c1."CreatedAt", c1."CustomerId", c1."Email", c1."IsPrimary", c1."Name", c1."Notes", c1."Phone", c1."SiteType", s."Id", s."CertificateNo", s."CreatedAt", s."CustomerId", s."DefectsFound", s."EquipmentAdded", s."EquipmentRemoved", s."EquipmentReplaced", s."EquipmentServiced", s."MaterialsUsed", s."Notes", s."Recommendations", s."ReportSentDate", s."ServiceDate", s."SiteId", s."Status", s."StickersUsed", s."Technician", s."UnitsServiced"
      FROM "Customers" AS c
      LEFT JOIN "CustomerContacts" AS c0 ON c."Id" = c0."CustomerId"
      LEFT JOIN "CustomerSites" AS c1 ON c."Id" = c1."CustomerId"
      LEFT JOIN "ServiceRecords" AS s ON c."Id" = s."CustomerId"
      ORDER BY c."Name", c."Id", c0."Id", c1."Id"
info: Microsoft.EntityFrameworkCore.Database.Command[20101]
      Executed DbCommand (3ms) [Parameters=[], CommandType='Text', CommandTimeout='30']
      SELECT c."Id", c."AccountManager", c."AccountManagerUserId", c."AlternativeName", c."BillingAddress", c."Category", c."ContractEndDate", c."ContractRef", c."ContractStartDate", c."ContractStatus", c."ContractValue", c."CreatedAt", c."CreditInfo", c."CustomerId", c."CustomerSince", c."CustomerType", c."Email", c."LastServiceDate", c."LegalName", c."MergedAt", c."MergedIntoCustomerId", c."Name", c."NextServiceDate", c."Notes", c."PaymentTerms", c."Phone", c."PreferredContact", c."Priority", c."RegistrationNumber", c."ServiceFrequencyMonths", c."SpecialRequirements", c."Status", c."TinNumber", c."UpdatedAt", c."VatNumber", c."Website", c."WhatsApp", c0."Id", c0."CreatedAt", c0."CustomerId", c0."Email", c0."EmailConsent", c0."IsPrimary", c0."Name", c0."Phone", c0."PhoneConsent", c0."Role", c1."Id", c1."Address", c1."City", c1."ContactPerson", c1."CreatedAt", c1."CustomerId", c1."Email", c1."IsPrimary", c1."Name", c1."Notes", c1."Phone", c1."SiteType", s."Id", s."CertificateNo", s."CreatedAt", s."CustomerId", s."DefectsFound", s."EquipmentAdded", s."EquipmentRemoved", s."EquipmentReplaced", s."EquipmentServiced", s."MaterialsUsed", s."Notes", s."Recommendations", s."ReportSentDate", s."ServiceDate", s."SiteId", s."Status", s."StickersUsed", s."Technician", s."UnitsServiced"
      FROM "Customers" AS c
      LEFT JOIN "CustomerContacts" AS c0 ON c."Id" = c0."CustomerId"
      LEFT JOIN "CustomerSites" AS c1 ON c."Id" = c1."CustomerId"
      LEFT JOIN "ServiceRecords" AS s ON c."Id" = s."CustomerId"
      ORDER BY c."Name", c."Id", c0."Id", c1."Id"
info: Microsoft.EntityFrameworkCore.Database.Command[20101]
      Executed DbCommand (8ms) [Parameters=[@__id_0='?' (DbType = Int32)], CommandType='Text', CommandTimeout='30']
      SELECT t."Id", t."AccountManager", t."AccountManagerUserId", t."AlternativeName", t."BillingAddress", t."Category", t."ContractEndDate", t."ContractRef", t."ContractStartDate", t."ContractStatus", t."ContractValue", t."CreatedAt", t."CreditInfo", t."CustomerId", t."CustomerSince", t."CustomerType", t."Email", t."LastServiceDate", t."LegalName", t."MergedAt", t."MergedIntoCustomerId", t."Name", t."NextServiceDate", t."Notes", t."PaymentTerms", t."Phone", t."PreferredContact", t."Priority", t."RegistrationNumber", t."ServiceFrequencyMonths", t."SpecialRequirements", t."Status", t."TinNumber", t."UpdatedAt", t."VatNumber", t."Website", t."WhatsApp", s."Id", s."CertificateNo", s."CreatedAt", s."CustomerId", s."DefectsFound", s."EquipmentAdded", s."EquipmentRemoved", s."EquipmentReplaced", s."EquipmentServiced", s."MaterialsUsed", s."Notes", s."Recommendations", s."ReportSentDate", s."ServiceDate", s."SiteId", s."Status", s."StickersUsed", s."Technician", s."UnitsServiced", c0."Id", c0."Channel", c0."ContactName", c0."CreatedBy", c0."CustomerId", c0."CustomerResponded", c0."Direction", c0."FollowUpDate", c0."Message", c0."ResponseNotes", c0."SentAt", c0."Subject", c1."Id", c1."Action", c1."Actor", c1."CreatedAt", c1."CustomerId", c1."Details", c2."Id", c2."CustomerId", c2."DocType", c2."FilePath", c2."Name", c2."Notes", c2."SizeBytes", c2."UploadedAt", c2."UploadedBy"
      FROM (
          SELECT c."Id", c."AccountManager", c."AccountManagerUserId", c."AlternativeName", c."BillingAddress", c."Category", c."ContractEndDate", c."ContractRef", c."ContractStartDate", c."ContractStatus", c."ContractValue", c."CreatedAt", c."CreditInfo", c."CustomerId", c."CustomerSince", c."CustomerType", c."Email", c."LastServiceDate", c."LegalName", c."MergedAt", c."MergedIntoCustomerId", c."Name", c."NextServiceDate", c."Notes", c."PaymentTerms", c."Phone", c."PreferredContact", c."Priority", c."RegistrationNumber", c."ServiceFrequencyMonths", c."SpecialRequirements", c."Status", c."TinNumber", c."UpdatedAt", c."VatNumber", c."Website", c."WhatsApp"
          FROM "Customers" AS c
          WHERE c."Id" = @__id_0
          LIMIT 1
      ) AS t
      LEFT JOIN "ServiceRecords" AS s ON t."Id" = s."CustomerId"
      LEFT JOIN "CustomerCommunications" AS c0 ON t."Id" = c0."CustomerId"
      LEFT JOIN "CustomerActivities" AS c1 ON t."Id" = c1."CustomerId"
      LEFT JOIN "CustomerDocuments" AS c2 ON t."Id" = c2."CustomerId"
      ORDER BY t."Id", s."Id", c0."Id", c1."Id"
info: Microsoft.EntityFrameworkCore.Database.Command[20101]
      Executed DbCommand (18ms) [Parameters=[@__id_0='?' (DbType = Int32)], CommandType='Text', CommandTimeout='30']
      SELECT t."Id", t."AccountManager", t."AccountManagerUserId", t."AlternativeName", t."BillingAddress", t."Category", t."ContractEndDate", t."ContractRef", t."ContractStartDate", t."ContractStatus", t."ContractValue", t."CreatedAt", t."CreditInfo", t."CustomerId", t."CustomerSince", t."CustomerType", t."Email", t."LastServiceDate", t."LegalName", t."MergedAt", t."MergedIntoCustomerId", t."Name", t."NextServiceDate", t."Notes", t."PaymentTerms", t."Phone", t."PreferredContact", t."Priority", t."RegistrationNumber", t."ServiceFrequencyMonths", t."SpecialRequirements", t."Status", t."TinNumber", t."UpdatedAt", t."VatNumber", t."Website", t."WhatsApp", c0."Id", c0."CreatedAt", c0."CustomerId", c0."Email", c0."EmailConsent", c0."IsPrimary", c0."Name", c0."Phone", c0."PhoneConsent", c0."Role", c1."Id", c1."Address", c1."City", c1."ContactPerson", c1."CreatedAt", c1."CustomerId", c1."Email", c1."IsPrimary", c1."Name", c1."Notes", c1."Phone", c1."SiteType", c2."Id", c2."Content", c2."CreatedAt", c2."CreatedBy", c2."CustomerId", c2."Pinned", t0."Id", t0."CertificateNo", t0."CreatedAt", t0."CustomerId", t0."DefectsFound", t0."EquipmentAdded", t0."EquipmentRemoved", t0."EquipmentReplaced", t0."EquipmentServiced", t0."MaterialsUsed", t0."Notes", t0."Recommendations", t0."ReportSentDate", t0."ServiceDate", t0."SiteId", t0."Status", t0."StickersUsed", t0."Technician", t0."UnitsServiced", t0."Id0", t0."Address", t0."City", t0."ContactPerson", t0."CreatedAt0", t0."CustomerId0", t0."Email", t0."IsPrimary", t0."Name", t0."Notes0", t0."Phone", t0."SiteType", c4."Id", c4."Channel", c4."ContactName", c4."CreatedBy", c4."CustomerId", c4."CustomerResponded", c4."Direction", c4."FollowUpDate", c4."Message", c4."ResponseNotes", c4."SentAt", c4."Subject", c5."Id", c5."CustomerId", c5."DocType", c5."FilePath", c5."Name", c5."Notes", c5."SizeBytes", c5."UploadedAt", c5."UploadedBy", c6."Id", c6."Action", c6."Actor", c6."CreatedAt", c6."CustomerId", c6."Details"
      FROM (
          SELECT c."Id", c."AccountManager", c."AccountManagerUserId", c."AlternativeName", c."BillingAddress", c."Category", c."ContractEndDate", c."ContractRef", c."ContractStartDate", c."ContractStatus", c."ContractValue", c."CreatedAt", c."CreditInfo", c."CustomerId", c."CustomerSince", c."CustomerType", c."Email", c."LastServiceDate", c."LegalName", c."MergedAt", c."MergedIntoCustomerId", c."Name", c."NextServiceDate", c."Notes", c."PaymentTerms", c."Phone", c."PreferredContact", c."Priority", c."RegistrationNumber", c."ServiceFrequencyMonths", c."SpecialRequirements", c."Status", c."TinNumber", c."UpdatedAt", c."VatNumber", c."Website", c."WhatsApp"
          FROM "Customers" AS c
          WHERE c."Id" = @__id_0
          LIMIT 1
      ) AS t
      LEFT JOIN "CustomerContacts" AS c0 ON t."Id" = c0."CustomerId"
      LEFT JOIN "CustomerSites" AS c1 ON t."Id" = c1."CustomerId"
      LEFT JOIN "CustomerNotes" AS c2 ON t."Id" = c2."CustomerId"
      LEFT JOIN (
          SELECT s."Id", s."CertificateNo", s."CreatedAt", s."CustomerId", s."DefectsFound", s."EquipmentAdded", s."EquipmentRemoved", s."EquipmentReplaced", s."EquipmentServiced", s."MaterialsUsed", s."Notes", s."Recommendations", s."ReportSentDate", s."ServiceDate", s."SiteId", s."Status", s."StickersUsed", s."Technician", s."UnitsServiced", c3."Id" AS "Id0", c3."Address", c3."City", c3."ContactPerson", c3."CreatedAt" AS "CreatedAt0", c3."CustomerId" AS "CustomerId0", c3."Email", c3."IsPrimary", c3."Name", c3."Notes" AS "Notes0", c3."Phone", c3."SiteType"
          FROM "ServiceRecords" AS s
          LEFT JOIN "CustomerSites" AS c3 ON s."SiteId" = c3."Id"
      ) AS t0 ON t."Id" = t0."CustomerId"
      LEFT JOIN "CustomerCommunications" AS c4 ON t."Id" = c4."CustomerId"
      LEFT JOIN "CustomerDocuments" AS c5 ON t."Id" = c5."CustomerId"
      LEFT JOIN "CustomerActivities" AS c6 ON t."Id" = c6."CustomerId"
      ORDER BY t."Id", c0."Id", c1."Id", c2."Id", t0."Id", t0."Id0", c4."Id", c5."Id"
info: Microsoft.EntityFrameworkCore.Database.Command[20101]
      Executed DbCommand (1ms) [Parameters=[@__id_0='?' (DbType = Int32)], CommandType='Text', CommandTimeout='30']
      SELECT f."Id", f."After", f."Before", f."CreatedAt", f."CustomerId", f."Department", f."Field", f."Reason", f."Role", f."UserName"
      FROM "FieldAudits" AS f
      WHERE f."CustomerId" = @__id_0
      ORDER BY f."CreatedAt" DESC
info: Microsoft.EntityFrameworkCore.Database.Command[20101]
      Executed DbCommand (3ms) [Parameters=[@__id_0='?' (DbType = Int32)], CommandType='Text', CommandTimeout='30']
      SELECT t."Id", t."AccountManager", t."AccountManagerUserId", t."AlternativeName", t."BillingAddress", t."Category", t."ContractEndDate", t."ContractRef", t."ContractStartDate", t."ContractStatus", t."ContractValue", t."CreatedAt", t."CreditInfo", t."CustomerId", t."CustomerSince", t."CustomerType", t."Email", t."LastServiceDate", t."LegalName", t."MergedAt", t."MergedIntoCustomerId", t."Name", t."NextServiceDate", t."Notes", t."PaymentTerms", t."Phone", t."PreferredContact", t."Priority", t."RegistrationNumber", t."ServiceFrequencyMonths", t."SpecialRequirements", t."Status", t."TinNumber", t."UpdatedAt", t."VatNumber", t."Website", t."WhatsApp", s."Id", s."CertificateNo", s."CreatedAt", s."CustomerId", s."DefectsFound", s."EquipmentAdded", s."EquipmentRemoved", s."EquipmentReplaced", s."EquipmentServiced", s."MaterialsUsed", s."Notes", s."Recommendations", s."ReportSentDate", s."ServiceDate", s."SiteId", s."Status", s."StickersUsed", s."Technician", s."UnitsServiced", c0."Id", c0."Channel", c0."ContactName", c0."CreatedBy", c0."CustomerId", c0."CustomerResponded", c0."Direction", c0."FollowUpDate", c0."Message", c0."ResponseNotes", c0."SentAt", c0."Subject", c1."Id", c1."Action", c1."Actor", c1."CreatedAt", c1."CustomerId", c1."Details", c2."Id", c2."CustomerId", c2."DocType", c2."FilePath", c2."Name", c2."Notes", c2."SizeBytes", c2."UploadedAt", c2."UploadedBy"
      FROM (
          SELECT c."Id", c."AccountManager", c."AccountManagerUserId", c."AlternativeName", c."BillingAddress", c."Category", c."ContractEndDate", c."ContractRef", c."ContractStartDate", c."ContractStatus", c."ContractValue", c."CreatedAt", c."CreditInfo", c."CustomerId", c."CustomerSince", c."CustomerType", c."Email", c."LastServiceDate", c."LegalName", c."MergedAt", c."MergedIntoCustomerId", c."Name", c."NextServiceDate", c."Notes", c."PaymentTerms", c."Phone", c."PreferredContact", c."Priority", c."RegistrationNumber", c."ServiceFrequencyMonths", c."SpecialRequirements", c."Status", c."TinNumber", c."UpdatedAt", c."VatNumber", c."Website", c."WhatsApp"
          FROM "Customers" AS c
          WHERE c."Id" = @__id_0
          LIMIT 1
      ) AS t
      LEFT JOIN "ServiceRecords" AS s ON t."Id" = s."CustomerId"
      LEFT JOIN "CustomerCommunications" AS c0 ON t."Id" = c0."CustomerId"
      LEFT JOIN "CustomerActivities" AS c1 ON t."Id" = c1."CustomerId"
      LEFT JOIN "CustomerDocuments" AS c2 ON t."Id" = c2."CustomerId"
      ORDER BY t."Id", s."Id", c0."Id", c1."Id"
info: Microsoft.EntityFrameworkCore.Database.Command[20101]
      Executed DbCommand (7ms) [Parameters=[@__id_0='?' (DbType = Int32)], CommandType='Text', CommandTimeout='30']
      SELECT t."Id", t."AccountManager", t."AccountManagerUserId", t."AlternativeName", t."BillingAddress", t."Category", t."ContractEndDate", t."ContractRef", t."ContractStartDate", t."ContractStatus", t."ContractValue", t."CreatedAt", t."CreditInfo", t."CustomerId", t."CustomerSince", t."CustomerType", t."Email", t."LastServiceDate", t."LegalName", t."MergedAt", t."MergedIntoCustomerId", t."Name", t."NextServiceDate", t."Notes", t."PaymentTerms", t."Phone", t."PreferredContact", t."Priority", t."RegistrationNumber", t."ServiceFrequencyMonths", t."SpecialRequirements", t."Status", t."TinNumber", t."UpdatedAt", t."VatNumber", t."Website", t."WhatsApp", c0."Id", c0."CreatedAt", c0."CustomerId", c0."Email", c0."EmailConsent", c0."IsPrimary", c0."Name", c0."Phone", c0."PhoneConsent", c0."Role", c1."Id", c1."Address", c1."City", c1."ContactPerson", c1."CreatedAt", c1."CustomerId", c1."Email", c1."IsPrimary", c1."Name", c1."Notes", c1."Phone", c1."SiteType", c2."Id", c2."Content", c2."CreatedAt", c2."CreatedBy", c2."CustomerId", c2."Pinned", t0."Id", t0."CertificateNo", t0."CreatedAt", t0."CustomerId", t0."DefectsFound", t0."EquipmentAdded", t0."EquipmentRemoved", t0."EquipmentReplaced", t0."EquipmentServiced", t0."MaterialsUsed", t0."Notes", t0."Recommendations", t0."ReportSentDate", t0."ServiceDate", t0."SiteId", t0."Status", t0."StickersUsed", t0."Technician", t0."UnitsServiced", t0."Id0", t0."Address", t0."City", t0."ContactPerson", t0."CreatedAt0", t0."CustomerId0", t0."Email", t0."IsPrimary", t0."Name", t0."Notes0", t0."Phone", t0."SiteType", c4."Id", c4."Channel", c4."ContactName", c4."CreatedBy", c4."CustomerId", c4."CustomerResponded", c4."Direction", c4."FollowUpDate", c4."Message", c4."ResponseNotes", c4."SentAt", c4."Subject", c5."Id", c5."CustomerId", c5."DocType", c5."FilePath", c5."Name", c5."Notes", c5."SizeBytes", c5."UploadedAt", c5."UploadedBy", c6."Id", c6."Action", c6."Actor", c6."CreatedAt", c6."CustomerId", c6."Details"
      FROM (
          SELECT c."Id", c."AccountManager", c."AccountManagerUserId", c."AlternativeName", c."BillingAddress", c."Category", c."ContractEndDate", c."ContractRef", c."ContractStartDate", c."ContractStatus", c."ContractValue", c."CreatedAt", c."CreditInfo", c."CustomerId", c."CustomerSince", c."CustomerType", c."Email", c."LastServiceDate", c."LegalName", c."MergedAt", c."MergedIntoCustomerId", c."Name", c."NextServiceDate", c."Notes", c."PaymentTerms", c."Phone", c."PreferredContact", c."Priority", c."RegistrationNumber", c."ServiceFrequencyMonths", c."SpecialRequirements", c."Status", c."TinNumber", c."UpdatedAt", c."VatNumber", c."Website", c."WhatsApp"
          FROM "Customers" AS c
          WHERE c."Id" = @__id_0
          LIMIT 1
      ) AS t
      LEFT JOIN "CustomerContacts" AS c0 ON t."Id" = c0."CustomerId"
      LEFT JOIN "CustomerSites" AS c1 ON t."Id" = c1."CustomerId"
      LEFT JOIN "CustomerNotes" AS c2 ON t."Id" = c2."CustomerId"
      LEFT JOIN (
          SELECT s."Id", s."CertificateNo", s."CreatedAt", s."CustomerId", s."DefectsFound", s."EquipmentAdded", s."EquipmentRemoved", s."EquipmentReplaced", s."EquipmentServiced", s."MaterialsUsed", s."Notes", s."Recommendations", s."ReportSentDate", s."ServiceDate", s."SiteId", s."Status", s."StickersUsed", s."Technician", s."UnitsServiced", c3."Id" AS "Id0", c3."Address", c3."City", c3."ContactPerson", c3."CreatedAt" AS "CreatedAt0", c3."CustomerId" AS "CustomerId0", c3."Email", c3."IsPrimary", c3."Name", c3."Notes" AS "Notes0", c3."Phone", c3."SiteType"
          FROM "ServiceRecords" AS s
          LEFT JOIN "CustomerSites" AS c3 ON s."SiteId" = c3."Id"
      ) AS t0 ON t."Id" = t0."CustomerId"
      LEFT JOIN "CustomerCommunications" AS c4 ON t."Id" = c4."CustomerId"
      LEFT JOIN "CustomerDocuments" AS c5 ON t."Id" = c5."CustomerId"
      LEFT JOIN "CustomerActivities" AS c6 ON t."Id" = c6."CustomerId"
      ORDER BY t."Id", c0."Id", c1."Id", c2."Id", t0."Id", t0."Id0", c4."Id", c5."Id"
info: Microsoft.EntityFrameworkCore.Database.Command[20101]
      Executed DbCommand (3ms) [Parameters=[@__id_0='?' (DbType = Int32)], CommandType='Text', CommandTimeout='30']
      SELECT f."Id", f."After", f."Before", f."CreatedAt", f."CustomerId", f."Department", f."Field", f."Reason", f."Role", f."UserName"
      FROM "FieldAudits" AS f
      WHERE f."CustomerId" = @__id_0
      ORDER BY f."CreatedAt" DESC
